frame,encode_ms,send_ms,network_ms,decode_assemble_ms,latency_ms,schedule_late_ms,complete_ms,datagrams_sent,datagrams_received,app_bytes_sent,app_bytes_received,checksum,checksum_sampled
0,14.814917,3.271625,7.877916,16.198291,38.919708,0.000000,20665067.403455,564,564,786359,786359,29a111b6ccb56ac5,1
1,14.800042,4.332417,7.890458,16.015708,40.892250,0.000000,20665084.195580,564,564,786359,786359,0000000000000000,0
2,14.910583,4.080708,8.027542,16.214042,42.310333,0.000000,20665100.418372,564,564,786359,786359,0000000000000000,0
3,14.954917,5.391458,8.028417,15.859084,43.269334,0.000000,20665116.290289,564,564,786359,786359,0000000000000000,0
4,14.957542,4.027334,7.891916,15.984792,44.304167,0.000000,20665132.282664,564,564,786359,786359,0000000000000000,0
5,14.919625,4.172875,7.950541,15.902542,45.255875,0.000000,20665148.194539,564,564,786359,786359,0000000000000000,0
6,14.955500,4.329500,8.046500,23.205875,53.543292,0.000000,20665171.405664,564,564,786359,786359,0000000000000000,0
7,14.984959,3.394416,8.012666,16.154250,54.747875,0.000000,20665187.569830,564,564,786359,786359,0000000000000000,0
8,14.896583,4.792083,8.022000,23.224833,62.598083,0.000000,20665210.799622,564,564,786359,786359,0000000000000000,0
9,14.894834,4.707500,8.384833,20.030208,59.421542,0.000000,20665230.838872,564,564,786359,786359,0000000000000000,0
10,14.879375,4.756500,8.107750,16.490834,59.775917,0.000000,20665247.353039,564,564,786359,786359,0000000000000000,0
11,14.945000,3.498542,8.566250,18.490500,55.036916,0.000000,20665265.847330,564,564,786359,786359,0000000000000000,0
12,14.919042,4.180458,7.928667,16.243501,51.233001,0.000000,20665282.096956,564,564,786359,786359,0000000000000000,0
13,14.953458,3.814125,7.973875,17.218250,51.961292,0.000000,20665299.320164,564,564,786359,786359,0000000000000000,0
14,14.885209,6.524000,8.186208,19.255250,52.725167,0.000000,20665318.580664,564,564,786359,786359,0000000000000000,0
15,14.919625,4.370916,8.023167,15.900209,52.405792,0.000000,20665334.509456,564,564,786359,786359,0000000000000000,0
16,14.885792,2.758875,7.932750,22.263500,57.449584,0.000000,20665356.776456,564,564,786359,786359,0000000000000000,0
17,15.557209,6.637458,8.130208,21.743166,59.921750,0.000000,20665378.533622,564,564,786359,786359,0000000000000000,0
18,14.890166,3.478417,9.419375,23.173208,67.207291,0.000000,20665401.721997,564,564,786359,786359,0000000000000000,0
19,14.910000,4.382583,9.313500,23.115458,68.052833,0.000000,20665424.844747,564,564,786359,786359,0000000000000000,0
20,14.881416,4.623209,8.270792,22.757000,69.054125,0.000000,20665447.607581,564,564,786359,786359,0000000000000000,0
21,14.867125,3.028667,8.235791,22.966125,68.851708,0.000000,20665470.579539,564,564,786359,786359,0000000000000000,0
22,14.841750,3.398791,7.900083,22.957375,68.691875,0.000000,20665493.542456,564,564,786359,786359,0000000000000000,0
23,14.861000,3.142708,8.089959,22.768083,68.703250,0.000000,20665516.316372,564,564,786359,786359,0000000000000000,0
24,14.861583,3.139208,8.080042,22.872792,68.608750,0.000000,20665539.195289,564,564,786359,786359,0000000000000000,0
25,14.862750,3.731584,7.890750,18.119500,63.773500,0.000000,20665557.322081,564,564,786359,786359,0000000000000000,0
26,14.858375,3.255875,8.001292,15.931417,56.949667,0.000000,20665573.271581,564,564,786359,786359,0000000000000000,0
27,14.879667,2.875250,8.117666,22.792584,56.868292,0.000000,20665596.069706,564,564,786359,786359,0000000000000000,0
28,15.726959,3.630083,8.040958,16.076375,54.810000,0.000000,20665612.152497,564,564,786359,786359,0000000000000000,0
29,14.851375,4.269125,7.789833,19.488584,58.368917,0.000000,20665631.647206,564,564,786359,786359,0000000000000000,0
30,14.887250,4.694083,7.851958,22.286250,57.874250,0.000000,20665653.950081,564,564,786359,786359,0000000000000000,0
31,14.858666,6.856500,8.353625,22.971666,64.803666,0.000000,20665676.963747,564,564,786359,786359,0000000000000000,0
32,14.849042,3.674125,8.150625,16.709875,62.014167,0.000000,20665693.680331,564,564,786359,786359,0000000000000000,0
33,14.866541,3.152333,8.103375,15.990042,55.707458,0.000000,20665709.686414,564,564,786359,786359,0000000000000000,0
34,14.868000,1.963500,7.986125,22.815333,55.542958,0.000000,20665732.512247,564,564,786359,786359,0000000000000000,0
35,16.021834,3.951792,7.827458,16.225417,55.047709,0.000000,20665748.746706,564,564,786359,786359,0000000000000000,0
36,14.854583,4.255417,7.812000,19.905666,58.931833,0.000000,20665768.658497,564,564,786359,786359,0000000000000000,0
37,14.890750,4.480000,8.017625,15.986250,52.151166,0.000000,20665784.673622,564,564,786359,786359,0000000000000000,0
38,14.859250,3.392375,7.949375,18.977292,54.902459,0.000000,20665803.656456,564,564,786359,786359,0000000000000000,0
39,15.482250,3.431459,8.098708,16.127708,51.125958,0.000000,20665819.801372,564,564,786359,786359,0000000000000000,0
40,14.868000,4.050667,7.993125,19.876208,55.002208,0.000000,20665839.683122,564,564,786359,786359,0000000000000000,0
41,14.880833,4.848959,8.010334,22.879792,58.916375,0.000000,20665862.592664,564,564,786359,786359,0000000000000000,0
42,14.865375,5.776459,8.072750,22.736584,65.529334,0.000000,20665885.337706,564,564,786359,786359,0000000000000000,0
43,15.029875,4.130000,7.700583,22.820584,68.466417,0.000000,20665908.165581,564,564,786359,786359,0000000000000000,0
44,14.870334,3.442542,7.851083,22.839250,68.407792,0.000000,20665931.010664,564,564,786359,786359,0000000000000000,0
45,14.880833,3.362916,7.928084,22.766625,68.439875,0.000000,20665953.783414,564,564,786359,786359,0000000000000000,0
46,14.846417,3.285333,7.977375,22.842167,68.461167,0.000000,20665976.632581,564,564,786359,786359,0000000000000000,0
47,14.865958,3.376625,7.886667,22.932292,68.555667,0.000000,20665999.571581,564,564,786359,786359,0000000000000000,0
48,14.848750,3.440792,7.980875,17.630667,63.418834,0.000000,20666017.208081,564,564,786359,786359,0000000000000000,0
49,14.868000,3.189083,8.051459,16.031459,56.619209,0.000000,20666033.257623,564,564,786359,786359,0000000000000000,0
50,14.860125,2.575125,8.016750,23.246125,56.931875,0.000000,20666056.509289,564,564,786359,786359,0000000000000000,0
51,15.780041,3.768041,7.895709,23.018042,62.307875,0.000000,20666079.536373,564,564,786359,786359,0000000000000000,0
52,14.844667,5.026000,8.007125,22.965541,69.243708,0.000000,20666102.508039,564,564,786359,786359,0000000000000000,0
53,14.875875,3.152916,8.126125,22.866083,68.859583,0.000000,20666125.379081,564,564,786359,786359,0000000000000000,0
54,14.860417,3.702416,8.092291,22.697792,68.540792,0.000000,20666148.082998,564,564,786359,786359,0000000000000000,0
55,14.872667,4.182791,7.979708,22.913333,68.489750,0.000000,20666171.003914,564,564,786359,786359,0000000000000000,0
56,14.863917,3.471125,7.819291,22.761083,68.385625,0.000000,20666193.770831,564,564,786359,786359,0000000000000000,0
57,14.866833,3.258792,8.033959,22.801333,68.489458,0.000000,20666216.579164,564,564,786359,786359,0000000000000000,0
58,14.868000,3.458000,7.877625,17.235750,62.812166,0.000000,20666233.821914,564,564,786359,786359,0000000000000000,0
59,14.863625,3.354167,7.924875,15.990041,56.067083,0.000000,20666249.844039,564,564,786359,786359,0000000000000000,0
60,14.841458,2.284333,7.877334,22.866958,56.128333,0.000000,20666272.716539,564,564,786359,786359,0000000000000000,0
61,15.915667,3.376917,8.122333,16.135875,55.019709,0.000000,20666288.858248,564,564,786359,786359,0000000000000000,0
62,14.873542,3.983000,7.965417,19.558000,58.569000,0.000000,20666308.420039,564,564,786359,786359,0000000000000000,0
63,14.969792,3.895500,7.965417,16.005792,51.715709,0.000000,20666324.439248,564,564,786359,786359,0000000000000000,0
64,14.991666,4.465125,7.969500,19.863084,55.442625,0.000000,20666344.306123,564,564,786359,786359,0000000000000000,0
65,14.891042,3.889375,7.914958,15.918291,51.800000,0.000000,20666360.232289,564,564,786359,786359,0000000000000000,0
66,15.097250,4.324833,8.010916,22.872209,58.665250,0.000000,20666383.109748,564,564,786359,786359,0000000000000000,0
67,15.420417,3.278625,8.130791,16.092417,54.895167,0.000000,20666399.208873,564,564,786359,786359,0000000000000000,0
68,14.865084,4.506250,7.827166,22.939292,61.913834,0.000000,20666422.153123,564,564,786359,786359,0000000000000000,0
69,14.881125,3.989416,8.057000,22.931708,61.979458,0.000000,20666445.095914,564,564,786359,786359,0000000000000000,0
70,14.888708,3.638250,10.570875,22.831375,68.717833,0.000000,20666467.933414,564,564,786359,786359,0000000000000000,0
71,14.895708,3.357667,8.018209,22.991209,68.762167,0.000000,20666490.929873,564,564,786359,786359,0000000000000000,0
72,14.917000,3.437875,7.900375,22.666875,68.500833,0.000000,20666513.602581,564,564,786359,786359,0000000000000000,0
73,14.873833,3.160208,8.103083,22.908375,68.578416,0.000000,20666536.517664,564,564,786359,786359,0000000000000000,0
74,14.862167,3.493875,7.790708,22.849166,68.436958,0.000000,20666559.372664,564,564,786359,786359,0000000000000000,0
75,14.868292,3.189083,8.026958,22.905750,68.677000,0.000000,20666582.285414,564,564,786359,786359,0000000000000000,0
76,14.849916,3.722833,7.984959,18.497500,64.267583,0.000000,20666600.791081,564,564,786359,786359,0000000000000000,0
77,14.889875,3.238959,8.002458,16.074625,57.510542,0.000000,20666616.888748,564,564,786359,786359,0000000000000000,0
78,14.942083,3.070666,7.865667,25.289542,59.891125,0.000000,20666642.182081,564,564,786359,786359,0000000000000000,0
79,15.860250,3.777667,7.954333,22.839250,64.192625,0.000000,20666665.027456,564,564,786359,786359,0000000000000000,0
80,17.502625,4.088292,7.672875,22.940167,71.080625,0.000000,20666687.974331,564,564,786359,786359,0000000000000000,0
81,14.893083,3.285917,7.932167,22.836917,68.630334,0.000000,20666710.818540,564,564,786359,786359,0000000000000000,0
82,14.873542,3.198416,8.054375,24.133958,69.926500,0.000000,20666734.959206,564,564,786359,786359,0000000000000000,0
83,14.875000,3.315958,7.949084,22.800458,69.784750,0.000000,20666757.765206,564,564,786359,786359,0000000000000000,0
84,16.122167,3.042083,7.999250,23.084542,70.031792,0.000000,20666780.856748,564,564,786359,786359,0000000000000000,0
85,14.880250,3.397625,7.905916,22.700417,68.599125,0.000000,20666803.564165,564,564,786359,786359,0000000000000000,0
86,14.869750,2.974416,8.203125,22.858791,68.657750,0.000000,20666826.428206,564,564,786359,786359,0000000000000000,0
87,14.843792,3.520125,7.842625,22.854125,68.425292,0.000000,20666849.288165,564,564,786359,786359,0000000000000000,0
88,14.877042,3.264625,7.966583,22.962042,68.686042,0.000000,20666872.256040,564,564,786359,786359,0000000000000000,0
89,14.880541,3.283584,7.959584,18.590250,64.417791,0.000000,20666890.851831,564,564,786359,786359,0000000000000000,0
90,14.884041,3.131042,8.064292,16.102334,57.687875,0.000000,20666906.982165,564,564,786359,786359,0000000000000000,0
91,14.818125,3.232833,7.902708,22.871625,57.596000,0.000000,20666929.857873,564,564,786359,786359,0000000000000000,0
92,15.641208,3.536167,7.975917,17.387709,56.371000,0.000000,20666947.253165,564,564,786359,786359,0000000000000000,0
93,14.886084,4.380833,7.778458,15.933750,56.217000,0.000000,20666963.204706,564,564,786359,786359,0000000000000000,0
94,14.950542,2.331000,7.866541,15.939583,49.297208,0.000000,20666979.161206,564,564,786359,786359,0000000000000000,0
95,15.864916,4.597250,8.190292,19.418292,51.311750,0.000000,20666998.585040,564,564,786359,786359,0000000000000000,0
96,14.921666,4.310250,7.895125,22.568000,57.969916,0.000000,20667021.182206,564,564,786359,786359,0000000000000000,0
97,14.891042,6.832291,8.299958,22.782084,64.835167,0.000000,20667044.003665,564,564,786359,786359,0000000000000000,0
98,14.858084,3.823167,8.406708,22.732792,68.140334,0.000000,20667066.741415,564,564,786359,786359,0000000000000000,0
99,14.880833,3.374000,7.882292,22.737750,68.259917,0.000000,20667089.484415,564,564,786359,786359,0000000000000000,0
100,14.864208,3.507875,7.854292,22.878916,68.359083,0.000000,20667112.368581,564,564,786359,786359,29a111b6ccb56ac5,1
101,14.905917,3.810917,7.817833,17.425917,63.818417,0.000000,20667130.565665,564,564,786359,786359,0000000000000000,0
102,14.928959,3.311875,7.933916,15.985667,57.086459,0.000000,20667146.578165,564,564,786359,786359,0000000000000000,0
103,14.886667,2.397791,8.000417,22.874833,56.317625,0.000000,20667169.457081,564,564,786359,786359,0000000000000000,0
104,15.778875,3.569125,7.989917,16.089791,54.959333,0.000000,20667185.554456,564,564,786359,786359,0000000000000000,0
105,14.886084,4.156833,7.956375,18.914000,57.890000,0.000000,20667204.473706,564,564,786359,786359,0000000000000000,0
106,14.944125,4.178709,7.967166,16.106125,51.139375,0.000000,20667220.602290,564,564,786359,786359,0000000000000000,0
107,14.885500,3.929042,8.056417,23.197125,58.242917,0.000000,20667243.804373,564,564,786359,786359,0000000000000000,0
108,14.881125,5.107083,7.826000,22.916542,62.232042,0.000000,20667266.730540,564,564,786359,786359,0000000000000000,0
109,14.862458,4.971167,7.992542,22.982166,69.110708,0.000000,20667289.719706,564,564,786359,786359,0000000000000000,0
110,14.940625,3.289125,7.959583,22.883292,68.794833,0.000000,20667312.609998,564,564,786359,786359,0000000000000000,0
111,14.909709,3.453625,8.060208,16.046917,61.925792,0.000000,20667328.661873,564,564,786359,786359,0000000000000000,0
112,14.910583,3.308084,7.959000,22.960583,61.902166,0.000000,20667351.627706,564,564,786359,786359,0000000000000000,0
113,14.904459,4.797917,8.124958,15.802500,54.826625,0.000000,20667367.443331,564,564,786359,786359,0000000000000000,0
114,14.921667,4.055041,7.887250,18.885417,57.664250,0.000000,20667386.333998,564,564,786359,786359,0000000000000000,0
115,15.135167,6.902584,8.413125,16.446791,51.144917,0.000000,20667402.786623,564,564,786359,786359,0000000000000000,0
116,14.919625,4.375875,7.878208,19.578417,54.945042,0.000000,20667422.395082,564,564,786359,786359,0000000000000000,0
117,14.929541,5.150833,7.999834,18.916334,54.985000,0.000000,20667441.327457,564,564,786359,786359,0000000000000000,0
118,14.915834,8.391541,9.483541,16.764709,55.292709,0.000000,20667458.095957,564,564,786359,786359,0000000000000000,0
119,14.918167,4.597250,7.944125,16.032625,51.745750,0.000000,20667474.159498,564,564,786359,786359,0000000000000000,0
120,14.919917,0.734125,8.089667,16.070250,48.907834,0.000000,20667490.240832,564,564,786359,786359,0000000000000000,0
121,16.074625,0.722750,8.045917,15.977209,48.118584,0.000000,20667506.230582,564,564,786359,786359,0000000000000000,0
122,16.276167,0.686292,7.835333,15.766917,47.086084,0.000000,20667522.007707,564,564,786359,786359,0000000000000000,0
123,16.835875,4.352542,7.841459,15.936958,46.757375,0.000000,20667537.959248,564,564,786359,786359,0000000000000000,0
124,14.919917,5.182917,8.019667,16.001709,45.970459,0.000000,20667554.010832,564,564,786359,786359,0000000000000000,0
125,14.924291,5.114958,7.962792,22.679125,53.729958,0.000000,20667576.694915,564,564,786359,786359,0000000000000000,0
126,14.893958,3.977167,8.092875,21.233625,59.933125,0.000000,20667597.937582,564,564,786359,786359,0000000000000000,0
127,14.806750,4.810750,7.851083,16.179625,60.106958,0.000000,20667614.124498,564,564,786359,786359,0000000000000000,0
128,14.883167,6.272875,9.424625,23.323125,60.750667,0.000000,20667637.451707,564,564,786359,786359,0000000000000000,0
129,14.896584,4.597833,7.978541,16.266833,55.782417,0.000000,20667653.727290,564,564,786359,786359,0000000000000000,0
130,14.893958,5.138875,7.804708,22.872500,62.475291,0.000000,20667676.605623,564,564,786359,786359,0000000000000000,0
131,14.893958,4.837000,7.994292,16.004625,55.153583,0.000000,20667692.615790,564,564,786359,786359,0000000000000000,0
132,14.919625,4.192125,7.919042,19.652792,58.538959,0.000000,20667712.273832,564,564,786359,786359,0000000000000000,0
133,14.923125,4.563125,7.912333,16.617125,52.294958,0.000000,20667728.907873,564,564,786359,786359,0000000000000000,0
134,14.901542,5.176500,7.987875,23.137916,59.429125,0.000000,20667752.051623,564,564,786359,786359,0000000000000000,0
135,14.852833,4.988083,7.954625,22.932875,62.700750,0.000000,20667774.994415,564,564,786359,786359,0000000000000000,0
136,14.841458,4.878125,8.014125,22.809500,68.894583,0.000000,20667797.809748,564,564,786359,786359,0000000000000000,0
137,14.882292,3.464417,8.036291,22.821458,68.574333,0.000000,20667820.636748,564,564,786359,786359,0000000000000000,0
138,14.882875,3.383625,7.912625,22.805125,68.447458,0.000000,20667843.447415,564,564,786359,786359,0000000000000000,0
139,14.834166,3.273958,7.974459,22.916542,68.553625,0.000000,20667866.369207,564,564,786359,786359,0000000000000000,0
140,14.856625,3.276875,7.933333,23.167375,68.898958,0.000000,20667889.542415,564,564,786359,786359,0000000000000000,0
141,14.881417,3.215334,8.019666,17.763667,63.857792,0.000000,20667907.311332,564,564,786359,786359,0000000000000000,0
142,14.897458,3.281542,8.256209,16.085416,57.040083,0.000000,20667923.415123,564,564,786359,786359,0000000000000000,0
143,14.870042,2.637833,7.965125,23.303584,57.175709,0.000000,20667946.723957,564,564,786359,786359,0000000000000000,0
144,15.645291,3.645542,7.958125,22.866666,62.267041,0.000000,20667969.599373,564,564,786359,786359,0000000000000000,0
145,14.890750,5.268083,7.849625,23.066750,69.251583,0.000000,20667992.673415,564,564,786359,786359,0000000000000000,0
146,14.882875,3.725166,7.968917,18.021208,63.966292,0.000000,20668010.700165,564,564,786359,786359,0000000000000000,0
147,14.884333,3.032750,8.169875,16.095042,57.208375,0.000000,20668026.813582,564,564,786359,786359,0000000000000000,0
148,14.899500,2.789500,7.924000,23.254000,57.391833,0.000000,20668050.071373,564,564,786359,786359,0000000000000000,0
149,15.610875,3.674417,7.942666,16.079583,55.437958,0.000000,20668066.158540,564,564,786359,786359,0000000000000000,0
150,14.881709,5.091042,7.920791,22.574709,61.921126,0.000000,20668088.739374,564,564,786359,786359,0000000000000000,0
151,14.934500,3.637666,8.166375,15.931416,54.618958,0.000000,20668104.696165,564,564,786359,786359,0000000000000000,0
152,14.912334,3.790500,8.343708,23.253416,61.787250,0.000000,20668127.953665,564,564,786359,786359,0000000000000000,0
153,14.907083,4.387833,7.930709,16.088916,55.283083,0.000000,20668144.050165,564,564,786359,786359,0000000000000000,0
154,14.862458,5.247666,7.859250,22.375500,61.729208,0.000000,20668166.430915,564,564,786359,786359,0000000000000000,0
155,14.929541,4.720625,7.886959,17.432042,55.927958,0.000000,20668183.890957,564,564,786359,786359,0000000000000000,0
156,14.877917,3.671500,8.254458,16.059458,55.947792,0.000000,20668200.004957,564,564,786359,786359,0000000000000000,0
157,14.898333,2.396625,7.981459,19.502000,53.051250,0.000000,20668219.512207,564,564,786359,786359,0000000000000000,0
158,15.943083,3.936625,7.802959,16.778417,52.399375,0.000000,20668236.306957,564,564,786359,786359,0000000000000000,0
159,14.868000,5.040000,8.112708,22.723750,59.057250,0.000000,20668259.068624,564,564,786359,786359,0000000000000000,0
160,14.870917,5.171834,7.935375,16.099416,55.661083,0.000000,20668275.192540,564,564,786359,786359,0000000000000000,0
161,14.866542,4.255709,7.800333,22.666875,61.540209,0.000000,20668297.864374,564,564,786359,786359,0000000000000000,0
162,14.929833,4.811625,7.863333,16.133833,54.920541,0.000000,20668314.011040,564,564,786359,786359,0000000000000000,0
163,14.859542,3.890250,10.343667,22.743000,61.560334,0.000000,20668336.759874,564,564,786359,786359,0000000000000000,0
164,14.893958,4.841667,7.996625,16.158625,55.135791,0.000000,20668353.015915,564,564,786359,786359,0000000000000000,0
165,14.892500,3.824625,7.832125,19.680792,58.683333,0.000000,20668372.701957,564,564,786359,786359,0000000000000000,0
166,14.910291,5.033000,7.827459,16.921042,52.811500,0.000000,20668389.667624,564,564,786359,786359,0000000000000000,0
167,14.868875,5.555084,8.831375,19.277709,55.927375,0.000000,20668408.949999,564,564,786359,786359,0000000000000000,0
168,15.123208,5.565583,9.193333,18.491667,54.003250,0.000000,20668427.460624,564,564,786359,786359,0000000000000000,0
169,14.977375,3.656916,9.280541,15.970791,53.776041,0.000000,20668443.449790,564,564,786359,786359,0000000000000000,0
170,14.985250,3.030709,8.002459,22.829333,57.320375,0.000000,20668466.282915,564,564,786359,786359,0000000000000000,0
171,15.651709,3.861375,7.893958,16.040209,54.849959,0.000000,20668482.330999,564,564,786359,786359,0000000000000000,0
172,14.874709,4.192416,7.907375,23.200333,62.082125,0.000000,20668505.537165,564,564,786359,786359,0000000000000000,0
173,14.918167,4.263292,7.952000,16.393125,55.643875,0.000000,20668521.935832,564,564,786359,786359,0000000000000000,0
174,14.868000,5.056625,7.870041,19.915291,59.528291,0.000000,20668541.866290,564,564,786359,786359,0000000000000000,0
175,14.931000,5.299292,7.863625,20.092041,56.445375,0.000000,20668561.988665,564,564,786359,786359,0000000000000000,0
176,14.842916,6.088542,7.961042,16.453500,56.506916,0.000000,20668578.460540,564,564,786359,786359,0000000000000000,0
177,14.870625,3.518375,7.871791,23.168542,59.752000,0.000000,20668601.634624,564,564,786359,786359,0000000000000000,0
178,15.262333,4.235292,8.042125,16.091250,55.725541,0.000000,20668617.734915,564,564,786359,786359,0000000000000000,0
179,14.859541,4.708083,8.022584,22.787042,62.059958,0.000000,20668640.527207,564,564,786359,786359,0000000000000000,0
180,14.876459,4.550000,8.007125,16.087167,54.975959,0.000000,20668656.620499,564,564,786359,786359,0000000000000000,0
181,14.846417,3.871292,7.917875,23.238250,62.122667,0.000000,20668679.864582,564,564,786359,786359,0000000000000000,0
182,14.862458,4.432750,8.004500,16.178750,55.516125,0.000000,20668696.049457,564,564,786359,786359,0000000000000000,0
183,14.850791,5.171250,7.930125,19.316792,58.744875,0.000000,20668715.372374,564,564,786359,786359,0000000000000000,0
184,14.892208,4.673958,7.941792,22.810958,58.343541,0.000000,20668738.214540,564,564,786359,786359,0000000000000000,0
185,14.845542,5.500833,7.930125,16.163875,58.419375,0.000000,20668754.476415,564,564,786359,786359,0000000000000000,0
186,14.873834,4.933250,7.934500,23.553542,62.645042,0.000000,20668778.035207,564,564,786359,786359,0000000000000000,0
187,14.866833,5.336333,7.806167,16.127125,55.857959,0.000000,20668794.169916,564,564,786359,786359,0000000000000000,0
188,14.844959,5.981501,7.857208,19.675542,59.368751,0.000000,20668813.852166,564,564,786359,786359,0000000000000000,0
189,14.861583,5.026583,7.855459,16.183709,52.026042,0.000000,20668830.067666,564,564,786359,786359,0000000000000000,0
190,14.924000,3.854083,8.078583,19.420333,55.326250,0.000000,20668849.503749,564,564,786359,786359,0000000000000000,0
191,14.929834,5.006167,7.917875,16.823333,52.477250,0.000000,20668866.344582,564,564,786359,786359,0000000000000000,0
192,14.867708,5.341000,10.569417,22.906333,59.168958,0.000000,20668889.254707,564,564,786359,786359,0000000000000000,0
193,16.144625,3.567375,8.131084,16.537500,56.276500,0.000000,20668905.800082,564,564,786359,786359,0000000000000000,0
194,14.829209,4.175208,7.825125,22.500333,61.956417,0.000000,20668928.306249,564,564,786359,786359,0000000000000000,0
195,14.944417,4.425458,8.055542,23.048083,61.843250,0.000000,20668951.366582,564,564,786359,786359,0000000000000000,0
196,14.899500,3.883250,8.884750,22.887375,68.451833,0.000000,20668974.259207,564,564,786359,786359,0000000000000000,0
197,14.922250,3.090792,8.109209,22.997625,68.941250,0.000000,20668997.262082,564,564,786359,786359,0000000000000000,0
198,14.930125,3.336958,7.942666,22.935792,68.832458,0.000000,20669020.204874,564,564,786359,786359,0000000000000000,0
199,14.896000,3.115583,8.086750,23.010750,68.955833,0.000000,20669043.220874,564,564,786359,786359,0000000000000000,0
200,14.924000,3.248292,8.000708,22.927917,68.886417,0.000000,20669066.154041,564,564,786359,786359,29a111b6ccb56ac5,1
201,14.896584,3.336375,8.099583,16.847250,63.571375,0.000000,20669083.782082,564,564,786359,786359,0000000000000000,0
202,14.874417,3.147375,8.038625,16.032625,56.604042,0.000000,20669099.830749,564,564,786359,786359,0000000000000000,0
203,14.902125,2.021250,7.844083,22.807458,55.737208,0.000000,20669122.674082,564,564,786359,786359,0000000000000000,0
204,15.971958,3.503500,8.060208,18.011875,56.928083,0.000000,20669140.729124,564,564,786359,786359,0000000000000000,0
205,14.878208,4.021792,8.004500,16.027667,56.907083,0.000000,20669156.774874,564,564,786359,786359,0000000000000000,0
206,14.933334,2.771708,7.872375,22.392708,56.469292,0.000000,20669179.173124,564,564,786359,786359,0000000000000000,0
207,15.796083,3.913583,7.778458,22.885917,61.335458,0.000000,20669202.084999,564,564,786359,786359,0000000000000000,0
208,14.861000,3.467625,8.234917,22.727833,68.037958,0.000000,20669224.819832,564,564,786359,786359,0000000000000000,0
209,14.898041,3.278917,7.969792,22.762834,68.384750,0.000000,20669247.587916,564,564,786359,786359,0000000000000000,0
210,14.908250,3.452167,7.806750,22.734542,68.237458,0.000000,20669270.327999,564,564,786359,786359,0000000000000000,0
211,14.870333,3.363500,7.878208,23.042541,68.550416,0.000000,20669293.376082,564,564,786359,786359,0000000000000000,0
212,14.883166,3.388000,7.837375,17.111791,62.898791,0.000000,20669310.492832,564,564,786359,786359,0000000000000000,0
213,14.917875,3.080292,8.110375,16.007833,56.197458,0.000000,20669326.531582,564,564,786359,786359,0000000000000000,0
214,14.883750,2.240000,7.913792,23.655625,56.811125,0.000000,20669350.192749,564,564,786359,786359,0000000000000000,0
215,15.824959,3.882666,7.797125,22.943667,62.559584,0.000000,20669373.145166,564,564,786359,786359,0000000000000000,0
216,14.879083,6.007458,7.923125,23.205583,69.817125,0.000000,20669396.355999,564,564,786359,786359,0000000000000000,0
217,14.883459,3.535000,8.045333,22.818250,68.976834,0.000000,20669419.179791,564,564,786359,786359,0000000000000000,0
218,14.922250,2.859500,8.267875,16.086000,62.121208,0.000000,20669435.272499,564,564,786359,786359,0000000000000000,0
219,14.895709,4.001959,7.907375,17.220292,56.135917,0.000000,20669452.497749,564,564,786359,786359,0000000000000000,0
220,14.896875,6.291542,9.003750,22.995875,56.325208,0.000000,20669475.510249,564,564,786359,786359,0000000000000000,0
221,15.061375,6.944292,9.306209,15.975166,56.214667,0.000000,20669491.493874,564,564,786359,786359,0000000000000000,0
222,14.978834,4.382000,7.797125,22.602125,61.584542,0.000000,20669514.101249,564,564,786359,786359,0000000000000000,0
223,14.946167,3.532666,8.063708,20.834917,59.425625,0.000000,20669534.945791,564,564,786359,786359,0000000000000000,0
224,14.908833,4.105500,9.593209,22.946875,66.412500,0.000000,20669557.912791,564,564,786359,786359,0000000000000000,0
225,14.956666,3.177125,8.315125,22.883875,66.692208,0.000000,20669580.802791,564,564,786359,786359,0000000000000000,0
226,14.914375,3.265792,8.014416,22.826709,68.666500,0.000000,20669603.635333,564,564,786359,786359,0000000000000000,0
227,14.899792,3.380708,7.970958,22.833125,68.555375,0.000000,20669626.473999,564,564,786359,786359,0000000000000000,0
228,14.910292,3.322083,7.901541,22.753791,68.426458,0.000000,20669649.235374,564,564,786359,786359,0000000000000000,0
229,14.909416,3.615500,7.909417,22.866084,68.466125,0.000000,20669672.107583,564,564,786359,786359,0000000000000000,0
230,14.877334,3.488042,7.863041,22.924125,68.556834,0.000000,20669695.036958,564,564,786359,786359,0000000000000000,0
231,14.909125,3.309542,7.942084,22.719666,68.522125,0.000000,20669717.763624,564,564,786359,786359,0000000000000000,0
232,14.870625,4.339125,8.038916,22.790250,68.447166,0.000000,20669740.560874,564,564,786359,786359,0000000000000000,0
233,14.879958,3.454500,7.825709,22.808917,68.332542,0.000000,20669763.375333,564,564,786359,786359,0000000000000000,0
234,14.872375,3.381000,7.905916,22.776250,68.387375,0.000000,20669786.156833,564,564,786359,786359,0000000000000000,0
235,14.854292,3.420958,7.940333,22.885625,68.481000,0.000000,20669809.047999,564,564,786359,786359,0000000000000000,0
236,14.863042,3.308958,7.899208,22.857916,68.530583,0.000000,20669831.911749,564,564,786359,786359,0000000000000000,0
237,14.886083,3.238084,7.984959,22.726958,68.481000,0.000000,20669854.644541,564,564,786359,786359,0000000000000000,0
238,14.868000,3.273083,7.976209,22.761959,68.359084,0.000000,20669877.413208,564,564,786359,786359,0000000000000000,0
239,14.860125,3.482208,7.853125,22.834000,68.334583,0.000000,20669900.253916,564,564,786359,786359,0000000000000000,0
240,14.851958,3.466459,7.896875,22.947750,68.558583,0.000000,20669923.208666,564,564,786359,786359,0000000000000000,0
241,14.858667,3.306917,7.954333,22.788500,68.583959,0.000000,20669946.002708,564,564,786359,786359,0000000000000000,0
242,14.855166,3.153500,8.079167,18.026167,63.774375,0.000000,20669964.033833,564,564,786359,786359,0000000000000000,0
243,14.893084,3.390333,7.877916,16.041084,56.890459,0.000000,20669980.105833,564,564,786359,786359,0000000000000000,0
244,14.866834,2.818375,7.819875,16.100875,50.203125,0.000000,20669996.212249,564,564,786359,786359,0000000000000000,0
245,15.790541,0.912917,7.864792,15.753209,47.927250,0.000000,20670011.976833,564,564,786359,786359,0000000000000000,0
246,16.766458,0.688042,7.744625,15.683208,47.560333,0.000000,20670027.672874,564,564,786359,786359,0000000000000000,0
247,16.077833,3.839792,7.905917,15.859375,45.966375,0.000000,20670043.545958,564,564,786359,786359,0000000000000000,0
248,14.919333,4.185416,7.999834,20.482875,50.461833,0.000000,20670064.120999,564,564,786359,786359,0000000000000000,0
249,14.919042,4.909333,8.116791,15.905167,51.451167,0.000000,20670080.033458,564,564,786359,786359,0000000000000000,0
250,14.895708,5.510750,9.132959,22.999667,59.404042,0.000000,20670103.037208,564,564,786359,786359,0000000000000000,0
251,14.877333,3.551041,8.251250,16.189834,55.104875,0.000000,20670119.232583,564,564,786359,786359,0000000000000000,0
252,14.863041,4.165292,8.113292,22.662208,61.861333,0.000000,20670141.900041,564,564,786359,786359,0000000000000000,0
253,14.856333,5.439875,7.831250,22.835167,61.742333,0.000000,20670164.785666,564,564,786359,786359,0000000000000000,0
254,14.848166,3.804500,8.476125,22.835750,68.387375,0.000000,20670187.626958,564,564,786359,786359,0000000000000000,0
255,14.875875,3.525375,7.965709,22.894667,68.596501,0.000000,20670210.526875,564,564,786359,786359,0000000000000000,0
256,14.864792,3.461500,7.955500,22.747375,68.489750,0.000000,20670233.281541,564,564,786359,786359,0000000000000000,0
257,14.902708,3.241292,7.975917,22.915084,68.569667,0.000000,20670256.203625,564,564,786359,786359,0000000000000000,0
258,14.856916,3.640875,7.875875,22.859083,68.535541,0.000000,20670279.068541,564,564,786359,786359,0000000000000000,0
259,14.864500,3.691916,8.038333,22.942209,68.728917,0.000000,20670302.016000,564,564,786359,786359,0000000000000000,0
260,14.871208,3.315375,7.974459,22.880958,68.693333,0.000000,20670324.902791,564,564,786359,786359,0000000000000000,0
261,14.887250,3.255000,8.040084,22.791417,68.623917,0.000000,20670347.699458,564,564,786359,786359,0000000000000000,0
262,14.861000,3.318292,8.004208,22.740667,68.424417,0.000000,20670370.446250,564,564,786359,786359,0000000000000000,0
263,14.862459,3.348625,7.913208,22.712375,68.254667,0.000000,20670393.163583,564,564,786359,786359,0000000000000000,0
264,14.858959,3.413959,7.867125,22.779458,68.242125,0.000000,20670415.948291,564,564,786359,786359,0000000000000000,0
265,14.910000,3.848541,7.788958,18.071959,63.573417,0.000000,20670434.025500,564,564,786359,786359,0000000000000000,0
266,14.874125,3.380417,7.890167,15.876000,56.749875,0.000000,20670449.919291,564,564,786359,786359,0000000000000000,0
267,14.872375,2.872041,7.910291,19.072667,53.043375,0.000000,20670468.997500,564,564,786359,786359,0000000000000000,0
268,15.586959,3.329666,8.118833,16.018625,50.998500,0.000000,20670485.044416,564,564,786359,786359,0000000000000000,0
269,14.908542,3.834250,8.030750,21.012250,56.136209,0.000000,20670506.061625,564,564,786359,786359,0000000000000000,0
270,14.884333,4.982834,7.993709,15.975167,53.047750,0.000000,20670522.058958,564,564,786359,786359,0000000000000000,0
271,14.944125,3.883833,8.389209,19.511042,56.523542,0.000000,20670541.574083,564,564,786359,786359,0000000000000000,0
272,14.954917,5.748167,8.035125,15.975167,51.478292,0.000000,20670557.561208,564,564,786359,786359,0000000000000000,0
273,14.973000,4.348750,7.899500,20.966167,56.468417,0.000000,20670578.533208,564,564,786359,786359,0000000000000000,0
274,14.927208,4.507125,7.885500,15.880083,52.833958,0.000000,20670594.421166,564,564,786359,786359,0000000000000000,0
275,14.920208,4.451416,8.367334,23.102334,59.959667,0.000000,20670617.527875,564,564,786359,786359,0000000000000000,0
276,15.092583,3.687833,8.058750,16.018042,55.007458,0.000000,20670633.552333,564,564,786359,786359,0000000000000000,0
277,14.895708,4.479125,7.966875,22.730167,61.861625,0.000000,20670656.288625,564,564,786359,786359,0000000000000000,0
278,14.899209,4.265042,7.986125,16.195084,54.955834,0.000000,20670672.490125,564,564,786359,786359,0000000000000000,0
279,14.849333,4.208166,7.775250,23.074041,62.010666,0.000000,20670695.570291,564,564,786359,786359,0000000000000000,0
280,14.929541,4.300916,8.015875,23.036416,62.318666,0.000000,20670718.613416,564,564,786359,786359,0000000000000000,0
281,14.929250,4.411458,8.047083,23.086583,69.208125,0.000000,20670741.705833,564,564,786359,786359,0000000000000000,0
282,14.903583,3.221750,8.118833,22.707709,68.843250,0.000000,20670764.420250,564,564,786359,786359,0000000000000000,0
283,14.880834,3.025750,8.190291,22.914500,68.722500,0.000000,20670787.342041,564,564,786359,786359,0000000000000000,0
284,14.876458,3.427666,7.819000,22.753500,68.390583,0.000000,20670810.101958,564,564,786359,786359,0000000000000000,0
285,14.926916,3.272500,7.974750,23.092708,68.775583,0.000000,20670833.201958,564,564,786359,786359,0000000000000000,0
286,14.918167,3.417750,7.819875,22.722291,68.583083,0.000000,20670855.931541,564,564,786359,786359,0000000000000000,0
287,14.921375,3.032167,8.158792,18.179292,64.008292,0.000000,20670874.116375,564,564,786359,786359,0000000000000000,0
288,14.906208,3.508750,7.803833,15.967292,56.894542,0.000000,20670890.102042,564,564,786359,786359,0000000000000000,0
289,14.893958,2.910542,7.869167,22.861125,57.030167,0.000000,20670912.968417,564,564,786359,786359,0000000000000000,0
290,15.585208,3.667708,7.892209,17.719333,56.556500,0.000000,20670930.693875,564,564,786359,786359,0000000000000000,0
291,14.874125,4.176958,7.939166,16.068209,56.680750,0.000000,20670946.789792,564,564,786359,786359,0000000000000000,0
292,14.842333,2.634041,7.923708,19.374250,53.194166,0.000000,20670966.168708,564,564,786359,786359,0000000000000000,0
293,15.834875,3.775917,7.899792,18.410875,53.887167,0.000000,20670984.610792,564,564,786359,786359,0000000000000000,0
294,14.876750,6.758792,8.248625,15.985666,53.819208,0.000000,20671000.614833,564,564,786359,786359,0000000000000000,0
295,14.920792,2.630542,8.121458,15.846541,50.286833,0.000000,20671016.472458,564,564,786359,786359,0000000000000000,0
296,16.187208,0.733250,7.827750,16.021542,47.872708,0.000000,20671032.503625,564,564,786359,786359,0000000000000000,0
297,16.768791,0.683375,7.790709,15.649958,47.349166,0.000000,20671048.171083,564,564,786359,786359,0000000000000000,0
298,16.299500,4.299167,7.837083,15.927625,45.827833,0.000000,20671064.114458,564,564,786359,786359,0000000000000000,0
299,14.926917,3.824042,8.859958,15.991208,45.533250,0.000000,20671080.121125,564,564,786359,786359,0000000000000000,0
300,14.901250,4.827667,8.090833,22.866666,53.475041,0.000000,20671102.993333,564,564,786359,786359,29a111b6ccb56ac5,1
301,14.888125,3.716125,8.155875,15.905750,55.255083,0.000000,20671119.677833,564,564,786359,786359,0000000000000000,0
302,14.894541,4.219834,7.788667,24.086125,63.640208,0.000000,20671143.768625,564,564,786359,786359,0000000000000000,0
303,14.870042,4.274375,12.398750,15.912167,55.916000,0.000000,20671159.686625,564,564,786359,786359,0000000000000000,0
304,16.136166,4.096459,7.927500,23.227750,63.235666,0.000000,20671182.919333,564,564,786359,786359,0000000000000000,0
305,14.928083,4.376750,7.892792,16.256042,55.409667,0.000000,20671199.184417,564,564,786359,786359,0000000000000000,0
306,14.893958,4.809000,7.998667,22.930541,62.449333,0.000000,20671222.142958,564,564,786359,786359,0000000000000000,0
307,14.908250,4.703125,7.978833,16.145208,55.365041,0.000000,20671238.295458,564,564,786359,786359,0000000000000000,0
308,14.880834,4.400667,7.893958,19.240084,58.355209,0.000000,20671257.556542,564,564,786359,786359,0000000000000000,0
309,14.898625,4.838458,7.887250,16.410917,51.823917,0.000000,20671273.973292,564,564,786359,786359,0000000000000000,0
310,14.851666,4.660250,7.851084,19.946208,55.619083,0.000000,20671293.937875,564,564,786359,786359,0000000000000000,0
311,14.912625,5.230166,7.871208,16.293083,52.687833,0.000000,20671310.253125,564,564,786359,786359,0000000000000000,0
312,14.849916,3.962875,8.037167,19.583083,55.871083,0.000000,20671329.864500,564,564,786359,786359,0000000000000000,0
313,14.870917,4.989833,8.006250,22.537958,58.445625,0.000000,20671352.408000,564,564,786359,786359,0000000000000000,0
314,14.871500,5.847625,8.023458,16.112833,58.252833,0.000000,20671368.536000,564,564,786359,786359,0000000000000000,0
315,14.893084,3.729833,9.625583,23.434833,62.104000,0.000000,20671391.976083,564,564,786359,786359,0000000000000000,0
316,14.882000,4.736667,7.868292,16.249917,55.808667,0.000000,20671408.234167,564,564,786359,786359,0000000000000000,0
317,14.875875,5.487125,7.924291,23.030583,62.727583,0.000000,20671431.270000,564,564,786359,786359,0000000000000000,0
318,14.854000,4.174334,8.182708,16.158917,55.453708,0.000000,20671447.435625,564,564,786359,786359,0000000000000000,0
319,14.879958,4.533083,7.859250,19.411875,58.612166,0.000000,20671466.853333,564,564,786359,786359,0000000000000000,0
320,14.883459,4.890375,7.938291,16.249333,51.831500,0.000000,20671483.108208,564,564,786359,786359,0000000000000000,0
321,14.895708,4.688542,8.019667,19.444250,55.115375,0.000000,20671502.558000,564,564,786359,786359,0000000000000000,0
322,14.881125,4.576834,8.004792,16.367750,52.094875,0.000000,20671518.955500,564,564,786359,786359,0000000000000000,0
323,14.889875,4.880458,8.188833,19.775875,55.622875,0.000000,20671538.737792,564,564,786359,786359,0000000000000000,0
324,14.877916,4.638667,8.039500,23.154833,59.324708,0.000000,20671561.900500,564,564,786359,786359,0000000000000000,0
325,14.868875,3.265792,8.057000,15.926750,58.879333,0.000000,20671577.843000,564,564,786359,786359,0000000000000000,0
326,15.411958,3.231083,9.673417,20.249542,59.350375,0.000000,20671598.096042,564,564,786359,786359,0000000000000000,0
327,14.954917,3.985333,7.999250,17.172167,53.373834,0.000000,20671615.291542,564,564,786359,786359,0000000000000000,0
328,14.931000,3.484833,8.700125,18.713917,56.156917,0.000000,20671634.010709,564,564,786359,786359,0000000000000000,0
329,14.888125,5.326416,7.850500,21.878792,57.782667,0.000000,20671655.907584,564,564,786359,786359,0000000000000000,0
330,14.825417,4.889792,8.103083,16.159791,56.781375,0.000000,20671672.080500,564,564,786359,786359,0000000000000000,0
331,14.901250,3.145042,9.117209,20.020583,58.075500,0.000000,20671692.106625,564,564,786359,786359,0000000000000000,0
332,14.965417,4.411458,7.947916,16.059458,52.251500,0.000000,20671708.173667,564,564,786359,786359,0000000000000000,0
333,14.829209,3.609083,7.796541,22.393875,58.485875,0.000000,20671730.573375,564,564,786359,786359,0000000000000000,0
334,15.196709,6.798459,8.736875,23.220458,61.694500,0.000000,20671753.809000,564,564,786359,786359,0000000000000000,0
335,14.917875,3.608209,9.461666,22.804542,68.437833,0.000000,20671776.618792,564,564,786359,786359,0000000000000000,0
336,14.933333,5.105625,8.272542,22.973417,69.007750,0.000000,20671799.598042,564,564,786359,786359,0000000000000000,0
337,14.894250,3.382458,7.894541,17.675000,63.465208,0.000000,20671817.280042,564,564,786359,786359,0000000000000000,0
338,14.896875,3.138917,8.063125,15.941917,56.629709,0.000000,20671833.254334,564,564,786359,786359,0000000000000000,0
339,14.917000,2.571042,7.898917,19.501708,53.156542,0.000000,20671852.760417,564,564,786359,786359,0000000000000000,0
340,15.705375,3.954709,7.899500,16.983458,52.478416,0.000000,20671869.775375,564,564,786359,786359,0000000000000000,0
341,14.880541,5.526791,8.069250,22.701875,59.223500,0.000000,20671892.483084,564,564,786359,786359,0000000000000000,0
342,14.914375,4.774292,8.077417,18.272041,58.003750,0.000000,20671910.780500,564,564,786359,786359,0000000000000000,0
343,14.922833,3.985625,7.828334,16.042542,57.058750,0.000000,20671926.841417,564,564,786359,786359,0000000000000000,0
344,14.903292,2.986958,7.787791,22.937250,57.273417,0.000000,20671949.784209,564,564,786359,786359,0000000000000000,0
345,15.654625,3.630666,8.003333,16.100584,55.091167,0.000000,20671965.892084,564,564,786359,786359,0000000000000000,0
346,14.930417,4.180167,7.982625,19.460583,58.509500,0.000000,20671985.357917,564,564,786359,786359,0000000000000000,0
347,14.840584,4.739875,7.918458,19.138292,54.708209,0.000000,20672004.501459,564,564,786359,786359,0000000000000000,0
348,14.875875,6.750333,8.203417,16.071708,54.678750,0.000000,20672020.577542,564,564,786359,786359,0000000000000000,0
349,14.866833,4.560500,7.977375,18.821542,54.039708,0.000000,20672039.404917,564,564,786359,786359,0000000000000000,0
350,15.062541,3.772416,8.071584,16.547125,51.450583,0.000000,20672055.958167,564,564,786359,786359,0000000000000000,0
351,14.869750,4.427792,7.923125,22.415750,57.818833,0.000000,20672078.403667,564,564,786359,786359,0000000000000000,0
352,14.910875,6.490167,8.689917,16.156875,55.162333,0.000000,20672094.576000,564,564,786359,786359,0000000000000000,0
353,14.891917,3.619875,9.531083,19.737958,58.329250,0.000000,20672114.319500,564,564,786359,786359,0000000000000000,0
354,14.903000,4.895625,8.348667,16.234750,52.149708,0.000000,20672130.570875,564,564,786359,786359,0000000000000000,0
355,14.878792,7.547166,8.915958,22.717916,58.709875,0.000000,20672153.292875,564,564,786359,786359,0000000000000000,0
356,14.895417,5.049042,8.006542,16.027958,54.995792,0.000000,20672169.334542,564,564,786359,786359,0000000000000000,0
357,14.881125,3.868666,9.797958,22.718209,61.482167,0.000000,20672192.058584,564,564,786359,786359,0000000000000000,0
358,14.898042,4.976709,7.781667,16.047792,54.824584,0.000000,20672208.133209,564,564,786359,786359,0000000000000000,0
359,14.876166,3.783791,7.929542,21.795958,60.592291,0.000000,20672229.934125,564,564,786359,786359,0000000000000000,0
360,14.908541,4.668416,7.900959,16.014250,53.866458,0.000000,20672245.953917,564,564,786359,786359,0000000000000000,0
361,14.914958,7.298958,9.168834,19.479833,57.299958,0.000000,20672265.439875,564,564,786359,786359,0000000000000000,0
362,14.887833,4.477375,7.995750,16.187209,51.706667,0.000000,20672281.648376,564,564,786359,786359,0000000000000000,0
363,14.873542,4.514708,7.784583,17.877125,53.569250,0.000000,20672299.531042,564,564,786359,786359,0000000000000000,0
364,14.892500,6.888292,8.777709,17.966958,52.066875,0.000000,20672317.529792,564,564,786359,786359,0000000000000000,0
365,14.933625,4.868792,7.811708,17.628042,53.519083,0.000000,20672335.174459,564,564,786359,786359,0000000000000000,0
366,14.898625,4.647416,7.956667,19.410125,55.053542,0.000000,20672354.602376,564,564,786359,786359,0000000000000000,0
367,14.893666,5.261959,7.820459,15.984792,53.056500,0.000000,20672370.606126,564,564,786359,786359,0000000000000000,0
368,14.900667,3.855250,8.157041,22.961167,58.378250,0.000000,20672393.572834,564,564,786359,786359,0000000000000000,0
369,15.482833,3.980375,7.782833,16.120708,55.081541,0.000000,20672409.704917,564,564,786359,786359,0000000000000000,0
370,14.843209,7.656833,10.045291,23.312917,62.409959,0.000000,20672433.023376,564,564,786359,786359,0000000000000000,0
371,14.952292,4.491958,7.904166,16.061208,55.507375,0.000000,20672449.092459,564,564,786359,786359,0000000000000000,0
372,14.886084,5.088708,7.989041,23.282292,62.667209,0.000000,20672472.379126,564,564,786359,786359,0000000000000000,0
373,14.942959,4.413500,8.016750,16.202083,55.558417,0.000000,20672488.587334,564,564,786359,786359,0000000000000000,0
374,14.895708,4.957167,8.013250,23.322250,62.817125,0.000000,20672511.915126,564,564,786359,786359,0000000000000000,0
375,14.918750,4.778083,7.833292,16.208792,55.748000,0.000000,20672528.132959,564,564,786359,786359,0000000000000000,0
376,14.871500,4.916334,8.134875,23.471292,63.015750,0.000000,20672551.609501,564,564,786359,786359,0000000000000000,0
377,14.908542,4.825625,7.866250,15.718208,55.408208,0.000000,20672567.333542,564,564,786359,786359,0000000000000000,0
378,14.942667,5.807667,7.683375,22.412250,61.611375,0.000000,20672589.751042,564,564,786359,786359,0000000000000000,0
379,15.017625,3.729250,7.932167,17.469083,55.650000,0.000000,20672607.267959,564,564,786359,786359,0000000000000000,0
380,14.887542,3.799250,8.255625,15.988875,55.949542,0.000000,20672623.290084,564,564,786359,786359,0000000000000000,0
381,14.931291,2.438916,7.947334,16.174375,49.693000,0.000000,20672639.474376,564,564,786359,786359,0000000000000000,0
382,16.045750,0.714292,7.763292,16.046042,48.240792,0.000000,20672655.529751,564,564,786359,786359,0000000000000000,0
383,16.335083,0.675208,9.907917,15.567125,47.044083,0.000000,20672671.106209,564,564,786359,786359,0000000000000000,0
384,16.160666,4.109000,7.811709,15.994125,46.027625,0.000000,20672687.114626,564,564,786359,786359,0000000000000000,0
385,14.958125,3.592459,8.725208,16.092417,45.970167,0.000000,20672703.220751,564,564,786359,786359,0000000000000000,0
386,14.937125,4.169958,9.570458,22.416041,53.432166,0.000000,20672725.642042,564,564,786359,786359,0000000000000000,0
387,14.945875,3.667125,7.980291,19.454166,57.964666,0.000000,20672745.112542,564,564,786359,786359,0000000000000000,0
388,14.894834,3.674417,9.583000,16.331000,58.236209,0.000000,20672761.464251,564,564,786359,786359,0000000000000000,0
389,14.928958,4.244916,8.218292,22.746792,58.555000,0.000000,20672784.215709,564,564,786359,786359,0000000000000000,0
390,14.890458,5.315625,7.853417,16.076375,55.216000,0.000000,20672800.351876,564,564,786359,786359,0000000000000000,0
391,14.871792,3.809750,7.846125,22.918583,61.805625,0.000000,20672823.276292,564,564,786359,786359,0000000000000000,0
392,14.891042,3.761917,8.167833,16.165625,55.175167,0.000000,20672839.447751,564,564,786359,786359,0000000000000000,0
393,14.891334,4.300917,7.823666,19.832458,58.938250,0.000000,20672859.297417,564,564,786359,786359,0000000000000000,0
394,14.881417,4.659375,7.849042,16.360459,52.398209,0.000000,20672875.680626,564,564,786359,786359,0000000000000000,0
395,14.862167,4.208750,7.888708,19.584541,55.814500,0.000000,20672895.281792,564,564,786359,786359,0000000000000000,0
396,14.894542,4.936750,7.881708,22.822333,58.799417,0.000000,20672918.121334,564,564,786359,786359,0000000000000000,0
397,14.835041,6.384292,8.550209,16.008708,58.528458,0.000000,20672934.228334,564,564,786359,786359,0000000000000000,0
398,14.837375,3.488333,7.968625,22.816792,61.749625,0.000000,20672957.050959,564,564,786359,786359,0000000000000000,0
399,14.888708,4.304125,7.994292,20.899375,59.828417,0.000000,20672978.046876,564,564,786359,786359,0000000000000000,0
400,14.884333,3.645542,7.916709,16.141708,59.959375,0.000000,20672994.195584,564,564,786359,786359,29a111b6ccb56ac5,1
401,14.886959,5.974208,9.305333,22.353917,61.409542,0.000000,20673018.555876,564,564,786359,786359,0000000000000000,0
402,14.897458,5.697125,8.015875,18.482042,59.006500,0.000000,20673037.063293,564,564,786359,786359,0000000000000000,0
403,14.877041,3.673833,8.248917,22.441125,63.332208,0.000000,20673059.519876,564,564,786359,786359,0000000000000000,0
404,14.895417,3.809458,7.981166,16.132375,57.077125,0.000000,20673075.661001,564,564,786359,786359,0000000000000000,0
405,15.901667,6.267334,9.373291,19.951750,58.535458,0.000000,20673095.616834,564,564,786359,786359,0000000000000000,0
406,15.080917,4.010416,8.012083,16.016000,52.113250,0.000000,20673111.643334,564,564,786359,786359,0000000000000000,0
407,14.879667,7.463459,9.998625,23.076667,59.113250,0.000000,20673134.779501,564,564,786359,786359,0000000000000000,0
408,14.857792,3.640875,8.197292,16.010167,55.190917,0.000000,20673150.820001,564,564,786359,786359,0000000000000000,0
409,16.127125,3.092250,9.114292,23.240875,62.389250,0.000000,20673174.066126,564,564,786359,786359,0000000000000000,0
410,14.884916,4.340584,7.970084,22.778292,62.040708,0.000000,20673196.851126,564,564,786359,786359,0000000000000000,0
411,14.876167,5.176500,7.855750,22.974000,69.005708,0.000000,20673219.832709,564,564,786359,786359,0000000000000000,0
412,14.889291,3.405792,7.875292,22.833709,68.599125,0.000000,20673242.671668,564,564,786359,786359,0000000000000000,0
413,14.864500,3.105083,8.097834,23.008125,68.828959,0.000000,20673265.685918,564,564,786359,786359,0000000000000000,0
414,14.816958,3.805667,8.002750,18.461042,64.314542,0.000000,20673284.153668,564,564,786359,786359,0000000000000000,0
415,14.855459,3.895500,8.138958,16.097375,57.615834,0.000000,20673300.293918,564,564,786359,786359,0000000000000000,0
416,14.847583,3.138625,7.960167,19.408375,54.011416,0.000000,20673319.706084,564,564,786359,786359,0000000000000000,0
417,15.594250,3.852041,7.884625,23.827125,59.370500,0.000000,20673343.551584,564,564,786359,786359,0000000000000000,0
418,14.816083,6.421917,7.957834,16.148416,59.411333,0.000000,20673359.711959,564,564,786359,786359,0000000000000000,0
419,14.875875,3.428834,11.060583,22.750292,62.742458,0.000000,20673382.468376,564,564,786359,786359,0000000000000000,0
420,14.902708,4.296250,8.015584,23.411208,62.367083,0.000000,20673405.935584,564,564,786359,786359,0000000000000000,0
421,14.884042,4.018583,8.522791,16.073750,62.298250,0.000000,20673422.017501,564,564,786359,786359,0000000000000000,0
422,14.989042,5.572292,7.817833,22.420416,61.936875,0.000000,20673444.443459,564,564,786359,786359,0000000000000000,0
423,14.862458,4.717416,7.895709,22.979250,61.504625,0.000000,20673467.450126,564,564,786359,786359,0000000000000000,0
424,14.863333,3.454791,8.269917,22.936958,68.367541,0.000000,20673490.392334,564,564,786359,786359,0000000000000000,0
425,14.894542,3.206291,8.070416,22.885334,68.810292,0.000000,20673513.282918,564,564,786359,786359,0000000000000000,0
426,14.855167,3.140667,8.067208,17.276292,63.108209,0.000000,20673530.565043,564,564,786359,786359,0000000000000000,0
427,14.870625,3.203083,8.000417,16.018041,56.203000,0.000000,20673546.601459,564,564,786359,786359,0000000000000000,0
428,14.872084,2.310584,8.110958,22.603000,55.920667,0.000000,20673569.209126,564,564,786359,786359,0000000000000000,0
429,15.834583,3.577583,8.029583,15.899042,54.572000,0.000000,20673585.158043,564,564,786359,786359,0000000000000000,0
430,14.872667,3.877708,8.427417,23.101458,61.656000,0.000000,20673608.263584,564,564,786359,786359,0000000000000000,0
431,14.911166,4.145166,8.022000,16.219000,55.247791,0.000000,20673624.487834,564,564,786359,786359,0000000000000000,0
432,14.808792,4.901459,7.859833,22.389792,61.720459,0.000000,20673646.884043,564,564,786359,786359,0000000000000000,0
433,14.867417,3.826958,8.230541,16.116334,54.773542,0.000000,20673663.042668,564,564,786359,786359,0000000000000000,0
434,14.884625,3.609959,8.269042,23.240583,61.793375,0.000000,20673686.289376,564,564,786359,786359,0000000000000000,0
435,14.933042,3.532666,8.182125,20.528083,59.913292,0.000000,20673706.825918,564,564,786359,786359,0000000000000000,0
436,15.182417,4.122709,7.902708,16.010167,59.808000,0.000000,20673722.857668,564,564,786359,786359,0000000000000000,0
437,15.225875,3.521292,8.564208,19.192541,55.620541,0.000000,20673742.054001,564,564,786359,786359,0000000000000000,0
438,14.982334,3.534708,8.113875,16.039917,51.248459,0.000000,20673758.102085,564,564,786359,786359,0000000000000000,0
439,14.899792,2.668458,7.942083,23.269167,58.513875,0.000000,20673781.376793,564,564,786359,786359,0000000000000000,0
440,15.494792,3.790208,7.991083,16.267708,55.590208,0.000000,20673797.652376,564,564,786359,786359,0000000000000000,0
441,14.882000,5.006167,7.967166,22.459209,62.007750,0.000000,20673820.116835,564,564,786359,786359,0000000000000000,0
442,14.896875,4.325125,8.160833,16.084542,54.830125,0.000000,20673836.213043,564,564,786359,786359,0000000000000000,0
443,14.882292,3.874500,9.567250,19.921417,58.479750,0.000000,20673856.139418,564,564,786359,786359,0000000000000000,0
444,14.889000,4.974083,7.815500,16.167083,52.182083,0.000000,20673872.312626,564,564,786359,786359,0000000000000000,0
445,14.879959,2.755667,7.926916,23.128292,59.226417,0.000000,20673895.446168,564,564,786359,786359,0000000000000000,0
446,15.312209,3.868083,7.976208,16.105834,55.411709,0.000000,20673911.557835,564,564,786359,786359,0000000000000000,0
447,14.880833,4.808708,7.941792,19.626833,58.870583,0.000000,20673931.189626,564,564,786359,786359,0000000000000000,0
448,14.879667,4.792667,7.862458,16.103792,51.864459,0.000000,20673947.316460,564,564,786359,786359,0000000000000000,0
449,14.862458,4.437708,7.829500,23.391958,59.150583,0.000000,20673970.714543,564,564,786359,786359,0000000000000000,0
450,14.899500,5.038542,7.886375,16.069958,55.576208,0.000000,20673986.790918,564,564,786359,786359,0000000000000000,0
451,14.855459,5.594750,7.914958,22.918875,62.392167,0.000000,20674009.715918,564,564,786359,786359,0000000000000000,0
452,14.877625,4.580916,7.915542,15.999958,55.000750,0.000000,20674025.722001,564,564,786359,786359,0000000000000000,0
453,14.872666,4.539500,7.789542,23.026208,61.955833,0.000000,20674048.754043,564,564,786359,786359,0000000000000000,0
454,14.885500,4.236458,7.995167,16.171458,55.209875,0.000000,20674064.931918,564,564,786359,786359,0000000000000000,0
455,14.922250,4.462500,7.982625,23.177292,62.386042,0.000000,20674088.115335,564,564,786359,786359,0000000000000000,0
456,14.931000,4.375292,8.041250,16.129750,55.493375,0.000000,20674104.253835,564,564,786359,786359,0000000000000000,0
457,14.835041,4.825333,8.056417,19.796292,59.116458,0.000000,20674124.055668,564,564,786359,786359,0000000000000000,0
458,14.911167,5.133042,7.839125,22.110084,58.081334,0.000000,20674146.202210,564,564,786359,786359,0000000000000000,0
459,14.880250,4.613000,7.982333,16.170292,58.126250,0.000000,20674162.386793,564,564,786359,786359,0000000000000000,0
460,14.886083,3.491541,9.786000,19.044959,57.358292,0.000000,20674181.435835,564,564,786359,786359,0000000000000000,0
461,14.900958,4.402708,8.006250,22.755541,57.997916,0.000000,20674204.215876,564,564,786359,786359,0000000000000000,0
462,14.877625,4.044834,8.049125,22.847417,64.676500,0.000000,20674227.068543,564,564,786359,786359,0000000000000000,0
463,14.885500,3.415417,7.854000,23.138208,68.750208,0.000000,20674250.212876,564,564,786359,786359,0000000000000000,0
464,14.921666,3.439625,7.910875,22.736875,68.733875,0.000000,20674272.956460,564,564,786359,786359,0000000000000000,0
465,14.946167,3.051416,8.177166,23.013958,68.902750,0.000000,20674295.977418,564,564,786359,786359,0000000000000000,0
466,14.912625,3.465584,7.810834,22.872208,68.637042,0.000000,20674318.856043,564,564,786359,786359,0000000000000000,0
467,14.936250,3.203666,8.065750,23.092708,68.993750,0.000000,20674341.955751,564,564,786359,786359,0000000000000000,0
468,14.890167,3.315666,7.968042,22.857333,68.837417,0.000000,20674364.820668,564,564,786359,786359,0000000000000000,0
469,14.894834,2.955167,8.183583,22.947459,68.913251,0.000000,20674387.775127,564,564,786359,786359,0000000000000000,0
470,14.908250,3.380709,7.937709,22.768083,68.588334,0.000000,20674410.549335,564,564,786359,786359,0000000000000000,0
471,14.928375,3.271625,8.002167,22.834875,68.560917,0.000000,20674433.390335,564,564,786359,786359,0000000000000000,0
472,14.914666,3.438458,7.837959,22.851791,68.466416,0.000000,20674456.247668,564,564,786359,786359,0000000000000000,0
473,14.935084,3.660125,7.884333,22.950959,68.648709,0.000000,20674479.203877,564,564,786359,786359,0000000000000000,0
474,14.928375,3.337833,7.909125,18.208166,64.021708,0.000000,20674497.419043,564,564,786359,786359,0000000000000000,0
475,14.926625,3.194625,8.009458,16.058584,57.241625,0.000000,20674513.496002,564,564,786359,786359,0000000000000000,0
476,14.893666,2.937666,7.899792,19.534375,53.826791,0.000000,20674533.035918,564,564,786359,786359,0000000000000000,0
477,15.775958,3.992041,7.828625,15.990333,51.605166,0.000000,20674549.044918,564,564,786359,786359,0000000000000000,0
478,14.869750,2.242917,7.921666,23.217542,58.763250,0.000000,20674572.266252,564,564,786359,786359,0000000000000000,0
479,15.372000,4.113083,7.831250,16.130916,55.346666,0.000000,20674588.403293,564,564,786359,786359,0000000000000000,0
480,14.871792,5.027750,7.946750,23.283750,62.642708,0.000000,20674611.692293,564,564,786359,786359,0000000000000000,0
481,14.910292,4.588500,7.958125,16.273542,55.701625,0.000000,20674627.973710,564,564,786359,786359,0000000000000000,0
482,14.864791,5.187000,7.926334,19.551875,59.119375,0.000000,20674647.529377,564,564,786359,786359,0000000000000000,0
483,14.895125,4.877834,7.962791,16.263042,52.103625,0.000000,20674663.801752,564,564,786359,786359,0000000000000000,0
484,14.862458,3.651959,8.036000,22.598333,58.426958,0.000000,20674686.406210,564,564,786359,786359,0000000000000000,0
485,14.879666,4.937042,8.255625,23.082791,61.975666,0.000000,20674709.515543,564,564,786359,786359,0000000000000000,0
486,14.876166,3.788458,8.425375,22.923834,68.635000,0.000000,20674732.444627,564,564,786359,786359,0000000000000000,0
487,14.886375,3.055792,8.179209,18.324833,64.340500,0.000000,20674750.775293,564,564,786359,786359,0000000000000000,0
488,14.898333,3.341334,8.010625,16.541291,57.809791,0.000000,20674767.330293,564,564,786359,786359,0000000000000000,0
489,14.958125,3.313333,7.962208,18.947542,53.829125,0.000000,20674786.282210,564,564,786359,786359,0000000000000000,0
490,14.958416,3.955583,7.816375,15.900792,51.406250,0.000000,20674802.194377,564,564,786359,786359,0000000000000000,0
491,14.910292,3.397042,8.116500,22.301125,57.163750,0.000000,20674824.500168,564,564,786359,786359,0000000000000000,0
492,14.903875,3.707375,8.089375,15.973125,54.191375,0.000000,20674840.487002,564,564,786359,786359,0000000000000000,0
493,14.896583,3.560084,9.429000,23.002292,61.293750,0.000000,20674863.494252,564,564,786359,786359,0000000000000000,0
494,14.889000,4.953375,7.817541,16.122750,55.109833,0.000000,20674879.624585,564,564,786359,786359,0000000000000000,0
495,14.875584,4.551167,7.875875,23.105833,62.242250,0.000000,20674902.735668,564,564,786359,786359,0000000000000000,0
496,14.907375,5.328458,7.810541,22.769250,62.013583,0.000000,20674925.513960,564,564,786359,786359,0000000000000000,0
497,14.862167,4.799958,7.867708,22.918583,68.809125,0.000000,20674948.439835,564,564,786359,786359,0000000000000000,0
498,14.890750,3.446917,7.863917,22.951542,68.652792,0.000000,20674971.398377,564,564,786359,786359,0000000000000000,0
499,14.957833,3.368167,7.948500,22.881250,68.766542,0.000000,20674994.286627,564,564,786359,786359,0000000000000000,0
500,14.853416,3.180625,8.083542,22.964375,68.810875,0.000000,20675017.256252,564,564,786359,786359,29a111b6ccb56ac5,1
501,14.876459,3.272792,7.990791,22.892917,69.516709,0.000000,20675040.920627,564,564,786359,786359,0000000000000000,0
502,14.881709,3.160208,8.066333,22.815041,69.448750,0.000000,20675063.742668,564,564,786359,786359,0000000000000000,0
503,14.894250,3.292916,7.984667,22.677959,68.401084,0.000000,20675086.426752,564,564,786359,786359,0000000000000000,0
504,14.870625,3.332000,7.928667,22.860542,68.366667,0.000000,20675109.293127,564,564,786359,786359,0000000000000000,0
505,14.858958,3.458292,7.805000,22.737166,68.289083,0.000000,20675132.037585,564,564,786359,786359,0000000000000000,0
506,14.879959,3.311584,7.965708,22.881834,68.493834,0.000000,20675154.926419,564,564,786359,786359,0000000000000000,0
507,14.893375,3.440208,7.831833,22.663958,68.298708,0.000000,20675177.597377,564,564,786359,786359,0000000000000000,0
508,14.882000,3.222334,7.987583,22.853541,68.413916,0.000000,20675200.457335,564,564,786359,786359,0000000000000000,0
509,14.877625,3.523625,7.774667,22.756417,68.287042,0.000000,20675223.219294,564,564,786359,786359,0000000000000000,0
510,14.877333,3.332292,7.961625,22.832541,68.480416,0.000000,20675246.084210,564,564,786359,786359,0000000000000000,0
511,14.881709,3.361750,7.858958,24.223500,69.850667,0.000000,20675270.315002,564,564,786359,786359,0000000000000000,0
512,14.877333,3.303709,7.940042,22.967583,70.037916,0.000000,20675293.288710,564,564,786359,786359,0000000000000000,0
513,16.172625,3.043833,8.030459,17.282125,64.488667,0.000000,20675310.578127,564,564,786359,786359,0000000000000000,0
514,14.878500,3.140083,8.075083,16.074917,56.358750,0.000000,20675326.679877,564,564,786359,786359,0000000000000000,0
515,14.930125,2.298042,7.998666,19.417125,52.807125,0.000000,20675346.101669,564,564,786359,786359,0000000000000000,0
516,15.776833,3.624834,7.934500,22.355084,57.863750,0.000000,20675368.474544,564,564,786359,786359,0000000000000000,0
517,14.864792,5.881458,8.112708,22.881833,64.694875,0.000000,20675391.380877,564,564,786359,786359,0000000000000000,0
518,14.892792,3.513417,8.204875,22.900500,68.166875,0.000000,20675414.288085,564,564,786359,786359,0000000000000000,0
519,14.920209,3.313917,7.943250,22.829625,68.621584,0.000000,20675437.123544,564,564,786359,786359,0000000000000000,0
520,14.904458,3.350666,7.983500,22.778583,68.522708,0.000000,20675459.909127,564,564,786359,786359,0000000000000000,0
521,14.884041,3.281542,7.931292,22.962917,68.583375,0.000000,20675482.877294,564,564,786359,786359,0000000000000000,0
522,14.853417,3.352416,7.912917,22.965542,68.719292,0.000000,20675505.849252,564,564,786359,786359,0000000000000000,0
523,14.867709,3.168667,8.079750,18.331833,64.271375,0.000000,20675524.188085,564,564,786359,786359,0000000000000000,0
524,14.879084,3.136292,8.073041,16.055958,57.390667,0.000000,20675540.274377,564,564,786359,786359,0000000000000000,0
525,14.875583,3.015250,7.889292,22.797250,57.221792,0.000000,20675563.077169,564,564,786359,786359,0000000000000000,0
526,15.702167,3.764542,7.949666,16.180209,55.058792,0.000000,20675579.263794,564,564,786359,786359,0000000000000000,0
527,14.860417,4.210500,7.878500,19.337792,58.326042,0.000000,20675598.607127,564,564,786359,786359,0000000000000000,0
528,14.905625,4.469208,7.993417,18.448792,53.990709,0.000000,20675617.074294,564,564,786359,786359,0000000000000000,0
529,14.863625,6.138708,7.939166,22.708583,60.517333,0.000000,20675639.788127,564,564,786359,786359,0000000000000000,0
530,14.875875,4.008084,8.098125,15.945708,57.113875,0.000000,20675655.741127,564,564,786359,786359,0000000000000000,0
531,14.900959,3.785833,7.789250,22.758750,61.424125,0.000000,20675678.505710,564,564,786359,786359,0000000000000000,0
532,14.872375,4.048917,8.072167,15.967583,54.723667,0.000000,20675694.517627,564,564,786359,786359,0000000000000000,0
533,14.951125,4.018583,8.481958,19.805334,58.579792,0.000000,20675714.327919,564,564,786359,786359,0000000000000000,0
534,14.886959,4.676000,7.888708,22.485167,58.308834,0.000000,20675736.844294,564,564,786359,786359,0000000000000000,0
535,14.928667,6.507667,8.037750,15.972541,58.305625,0.000000,20675752.829960,564,564,786359,786359,0000000000000000,0
536,14.882583,3.695125,9.619459,19.504333,57.995875,0.000000,20675772.339252,564,564,786359,786359,0000000000000000,0
537,14.893667,4.232666,7.957833,23.609833,59.118500,0.000000,20675795.980002,564,564,786359,786359,0000000000000000,0
538,14.868584,6.249833,8.426250,18.634583,61.784625,0.000000,20675814.621002,564,564,786359,786359,0000000000000000,0
539,15.171625,3.602958,8.015875,15.803667,58.089500,0.000000,20675830.445961,564,564,786359,786359,0000000000000000,0
540,15.202833,3.250917,8.484292,22.725208,57.062541,0.000000,20675853.176127,564,564,786359,786359,0000000000000000,0
541,15.017917,4.002250,7.875292,17.429125,55.974042,0.000000,20675870.618669,564,564,786359,786359,0000000000000000,0
542,14.944125,3.938375,9.746041,15.859667,56.035583,0.000000,20675886.487669,564,564,786359,786359,0000000000000000,0
543,14.908250,2.429000,8.997042,15.929958,49.240625,0.000000,20675902.432502,564,564,786359,786359,0000000000000000,0
544,15.820291,4.876083,8.250959,22.850334,54.661250,0.000000,20675925.288086,564,564,786359,786359,0000000000000000,0
545,14.893667,3.943916,8.047958,16.187792,54.989375,0.000000,20675941.484919,564,564,786359,786359,0000000000000000,0
546,14.927792,4.232958,7.768833,22.675333,61.727167,0.000000,20675964.165794,564,564,786359,786359,0000000000000000,0
547,14.897167,4.896792,7.933041,16.066750,54.946500,0.000000,20675980.244794,564,564,786359,786359,0000000000000000,0
548,14.894250,4.050375,10.278333,22.914791,61.672333,0.000000,20676003.164252,564,564,786359,786359,0000000000000000,0
549,14.895417,4.932083,7.829500,22.761667,61.755167,0.000000,20676025.935544,564,564,786359,786359,0000000000000000,0
550,14.910875,4.298875,7.862167,22.779750,68.494709,0.000000,20676048.745336,564,564,786359,786359,0000000000000000,0
551,14.873250,3.460916,7.873250,22.837500,68.413333,0.000000,20676071.588669,564,564,786359,786359,0000000000000000,0
552,14.905916,3.452458,7.858667,22.711209,68.341875,0.000000,20676094.307461,564,564,786359,786359,0000000000000000,0
553,14.866833,3.275708,7.955792,22.875416,68.436958,0.000000,20676117.188127,564,564,786359,786359,0000000000000000,0
554,14.920500,3.460625,7.777583,22.847417,68.446292,0.000000,20676140.041086,564,564,786359,786359,0000000000000000,0
555,14.904458,3.310125,7.954917,22.701291,68.434041,0.000000,20676162.748502,564,564,786359,786359,0000000000000000,0
556,14.861875,3.295834,7.972416,22.831667,68.392625,0.000000,20676185.586586,564,564,786359,786359,0000000000000000,0
557,14.897167,3.479875,7.791583,22.915958,68.461750,0.000000,20676208.508669,564,564,786359,786359,0000000000000000,0
558,14.880542,3.370208,7.935958,22.739500,68.499083,0.000000,20676231.254002,564,564,786359,786359,0000000000000000,0
559,14.879375,3.211833,8.024042,22.912750,68.579583,0.000000,20676254.172002,564,564,786359,786359,0000000000000000,0
560,14.880834,3.459750,7.844375,23.031750,68.695959,0.000000,20676277.210461,564,564,786359,786359,0000000000000000,0
561,14.894833,3.327917,8.003917,22.896125,68.852583,0.000000,20676300.112419,564,564,786359,786359,0000000000000000,0
562,14.938583,3.165750,8.078000,17.093708,63.035291,0.000000,20676317.213127,564,564,786359,786359,0000000000000000,0
563,14.883750,3.260833,7.998375,15.899041,55.939333,0.000000,20676333.155627,564,564,786359,786359,0000000000000000,0
564,14.928666,2.185750,8.017625,22.920041,55.968791,0.000000,20676356.086752,564,564,786359,786359,0000000000000000,0
565,15.961750,3.592750,7.947625,22.760208,61.618083,0.000000,20676378.855419,564,564,786359,786359,0000000000000000,0
566,14.874125,4.352834,7.835042,22.699250,68.358500,0.000000,20676401.560502,564,564,786359,786359,0000000000000000,0
567,14.890750,3.464709,7.854583,22.699833,68.170958,0.000000,20676424.267627,564,564,786359,786359,0000000000000000,0
568,14.860709,3.515167,7.825125,22.939875,68.352375,0.000000,20676447.213627,564,564,786359,786359,0000000000000000,0
569,14.876458,3.598583,7.809083,22.991501,68.644042,0.000000,20676470.210378,564,564,786359,786359,0000000000000000,0
570,14.864792,3.147667,8.059625,22.878041,68.820500,0.000000,20676493.094544,564,564,786359,786359,0000000000000000,0
571,14.894250,3.164584,8.081500,16.201208,62.082708,0.000000,20676509.303044,564,564,786359,786359,0000000000000000,0
572,14.878500,3.265792,7.985834,18.977000,58.068500,0.000000,20676528.285294,564,564,786359,786359,0000000000000000,0
573,14.900667,4.370334,8.012958,16.706666,51.909375,0.000000,20676545.010044,564,564,786359,786359,0000000000000000,0
574,14.868875,4.595792,7.845833,19.458250,55.191500,0.000000,20676564.500961,564,564,786359,786359,0000000000000000,0
575,14.935375,5.162500,7.916125,22.374625,58.590000,0.000000,20676586.895711,564,564,786359,786359,0000000000000000,0
576,14.876167,6.599834,8.129916,15.940458,57.856458,0.000000,20676602.885169,564,564,786359,786359,0000000000000000,0
577,14.881125,3.613167,8.281291,22.964375,61.330500,0.000000,20676625.853628,564,564,786359,786359,0000000000000000,0
578,14.879375,3.710875,8.135167,16.247583,55.179833,0.000000,20676642.107919,564,564,786359,786359,0000000000000000,0
579,14.884625,4.339125,7.914375,19.632083,58.854250,0.000000,20676661.744961,564,564,786359,786359,0000000000000000,0
580,14.907958,4.912542,7.881125,19.861042,55.762000,0.000000,20676681.622336,564,564,786359,786359,0000000000000000,0
581,14.859541,6.395375,7.989042,16.151625,55.668666,0.000000,20676697.783294,564,564,786359,786359,0000000000000000,0
582,14.875875,4.624375,8.236667,19.250583,55.275500,0.000000,20676717.039711,564,564,786359,786359,0000000000000000,0
583,14.875291,4.662000,8.000709,15.980709,51.408875,0.000000,20676733.042003,564,564,786359,786359,0000000000000000,0
584,14.856625,4.057375,7.926625,19.691000,54.946500,0.000000,20676752.737378,564,564,786359,786359,0000000000000000,0
585,14.878500,5.024834,7.772625,16.011042,51.738458,0.000000,20676768.802086,564,564,786359,786359,0000000000000000,0
586,14.867125,3.669458,8.032500,21.930125,57.736875,0.000000,20676790.785003,564,564,786359,786359,0000000000000000,0
587,14.884041,6.361834,8.545834,15.938708,53.975833,0.000000,20676806.729836,564,564,786359,786359,0000000000000000,0
588,14.914083,9.143166,10.973959,23.136750,61.036792,0.000000,20676829.872128,564,564,786359,786359,0000000000000000,0
589,14.883458,4.416708,7.953750,18.553209,57.660167,0.000000,20676848.453628,564,564,786359,786359,0000000000000000,0
590,14.863625,4.676000,7.912041,16.697625,58.433958,0.000000,20676865.171086,564,564,786359,786359,0000000000000000,0
591,14.969208,3.526541,8.019667,17.935750,53.210500,0.000000,20676883.112378,564,564,786359,786359,0000000000000000,0
592,14.954625,3.960542,7.940625,15.870459,50.523959,0.000000,20676898.993628,564,564,786359,786359,0000000000000000,0
593,14.990500,7.309458,13.703083,16.122167,49.941500,0.000000,20676915.120461,564,564,786359,786359,0000000000000000,0
594,14.974167,8.768958,10.095750,21.996917,53.997709,0.000000,20676937.122628,564,564,786359,786359,0000000000000000,0
595,14.952291,3.867208,7.938292,19.578708,57.717916,0.000000,20676956.717669,564,564,786359,786359,0000000000000000,0
596,14.898916,3.332292,9.183709,16.086875,57.692250,0.000000,20676972.819128,564,564,786359,786359,0000000000000000,0
597,14.957833,3.519250,8.447542,23.032916,58.717458,0.000000,20676995.858169,564,564,786359,786359,0000000000000000,0
598,14.922250,4.302375,7.946166,16.147250,55.276958,0.000000,20677012.011836,564,564,786359,786359,0000000000000000,0
599,14.921375,4.422833,8.082375,23.294834,62.485792,0.000000,20677035.312503,564,564,786359,786359,0000000000000000,0
600,14.878500,4.414375,7.990209,16.134416,55.590500,0.000000,20677051.454794,564,564,786359,786359,29a111b6ccb56ac5,1
601,14.900084,5.057500,7.868291,22.900792,64.125542,0.000000,20677076.144961,564,564,786359,786359,0000000000000000,0
602,14.901542,5.658042,8.027833,16.107583,56.940042,0.000000,20677092.258961,564,564,786359,786359,0000000000000000,0
603,14.941792,4.098792,7.932167,21.970083,60.988667,0.000000,20677114.235461,564,564,786359,786359,0000000000000000,0
604,14.927500,4.311125,7.981167,22.565958,60.673375,0.000000,20677136.824461,564,564,786359,786359,0000000000000000,0
605,14.901833,3.503500,8.556334,23.049250,67.622042,0.000000,20677159.888878,564,564,786359,786359,0000000000000000,0
606,14.936250,3.078542,9.762375,22.862876,68.497334,0.000000,20677182.758170,564,564,786359,786359,0000000000000000,0
607,14.954625,3.114708,8.078291,22.833416,68.754583,0.000000,20677205.596836,564,564,786359,786359,0000000000000000,0
608,14.928084,3.331417,7.919917,22.862583,68.571417,0.000000,20677228.466711,564,564,786359,786359,0000000000000000,0
609,14.900667,3.348334,7.915250,23.024750,68.733000,0.000000,20677251.498461,564,564,786359,786359,0000000000000000,0
610,14.951417,3.300500,7.898333,22.953000,68.854333,0.000000,20677274.457586,564,564,786359,786359,0000000000000000,0
611,14.912917,3.149709,8.099292,22.792584,68.784334,0.000000,20677297.257170,564,564,786359,786359,0000000000000000,0
612,14.917292,3.205709,8.022000,22.908375,68.666792,0.000000,20677320.171378,564,564,786359,786359,0000000000000000,0
613,14.925750,3.417458,7.852834,22.876000,68.590375,0.000000,20677343.054086,564,564,786359,786359,0000000000000000,0
614,14.916125,3.210666,7.976208,22.767792,68.565583,0.000000,20677365.828878,564,564,786359,786359,0000000000000000,0
615,14.929834,3.658667,7.933625,18.423125,64.081500,0.000000,20677384.257836,564,564,786359,786359,0000000000000000,0
616,14.936250,3.433792,7.817250,16.094459,57.325042,0.000000,20677400.384670,564,564,786359,786359,0000000000000000,0
617,14.879375,3.068625,7.826000,15.947750,50.512584,0.000000,20677416.347295,564,564,786359,786359,0000000000000000,0
618,16.110792,0.765916,7.935666,15.952125,48.031667,0.000000,20677432.309920,564,564,786359,786359,0000000000000000,0
619,16.169708,0.733833,7.899209,15.642667,47.285000,0.000000,20677447.965128,564,564,786359,786359,0000000000000000,0
620,17.025459,3.169833,8.167833,15.884167,47.009084,0.000000,20677463.863295,564,564,786359,786359,0000000000000000,0
621,14.956084,3.854959,8.215958,23.394875,53.381125,0.000000,20677487.262836,564,564,786359,786359,0000000000000000,0
622,14.924875,3.553375,7.983208,16.120416,54.551583,0.000000,20677503.393461,564,564,786359,786359,0000000000000000,0
623,14.885500,5.374834,7.859541,22.591333,62.120916,0.000000,20677525.990336,564,564,786359,786359,0000000000000000,0
624,14.893667,5.022500,7.855750,22.858209,61.599417,0.000000,20677548.873920,564,564,786359,786359,0000000000000000,0
625,14.888417,3.765416,8.383958,18.662583,64.143042,0.000000,20677567.543503,564,564,786359,786359,0000000000000000,0
626,14.899500,4.188917,7.942958,16.093000,57.636541,0.000000,20677583.654586,564,564,786359,786359,0000000000000000,0
627,14.920208,3.255292,7.971250,19.501708,54.282958,0.000000,20677603.162128,564,564,786359,786359,0000000000000000,0
628,15.562167,3.937208,7.813167,16.072584,51.755959,0.000000,20677619.320170,564,564,786359,786359,0000000000000000,0
629,14.882875,4.297417,7.898042,22.320083,57.983917,0.000000,20677641.645503,564,564,786359,786359,0000000000000000,0
630,14.938292,3.938083,8.089375,22.891166,61.363750,0.000000,20677664.578961,564,564,786359,786359,0000000000000000,0
631,14.891042,3.567083,8.191458,22.884167,68.141792,0.000000,20677687.469253,564,564,786359,786359,0000000000000000,0
632,14.910292,3.279500,7.978833,22.786166,68.584833,0.000000,20677710.260961,564,564,786359,786359,0000000000000000,0
633,14.862750,3.226417,8.007125,22.924416,68.606125,0.000000,20677733.191211,564,564,786359,786359,0000000000000000,0
634,14.923125,3.423875,7.847000,22.757875,68.481292,0.000000,20677755.956378,564,564,786359,786359,0000000000000000,0
635,14.901250,3.487166,8.008584,18.242000,63.936834,0.000000,20677774.203920,564,564,786359,786359,0000000000000000,0
636,14.858375,3.414542,7.887250,16.131209,57.156167,0.000000,20677790.353795,564,564,786359,786359,0000000000000000,0
637,14.884334,2.948166,7.929250,16.011917,50.408459,0.000000,20677806.370670,564,564,786359,786359,0000000000000000,0
638,15.561000,1.056709,7.905041,19.328166,51.479166,0.000000,20677825.704086,564,564,786359,786359,0000000000000000,0
639,15.473208,3.787291,7.891917,16.039916,51.406833,0.000000,20677841.767336,564,564,786359,786359,0000000000000000,0
640,14.892792,4.301500,7.947333,18.914584,54.309792,0.000000,20677860.687170,564,564,786359,786359,0000000000000000,0
641,14.899792,4.162083,8.047666,22.295584,57.282459,0.000000,20677883.012212,564,564,786359,786359,0000000000000000,0
642,14.917000,5.565584,7.926333,16.095041,57.355958,0.000000,20677899.130003,564,564,786359,786359,0000000000000000,0
643,14.909709,3.626583,8.143625,20.351042,58.786292,0.000000,20677919.489795,564,564,786359,786359,0000000000000000,0
644,15.026084,0.784583,10.662458,20.632500,57.090250,0.000000,20677940.128128,564,564,786359,786359,0000000000000000,0
645,16.140250,4.326875,7.838542,16.068208,57.079167,0.000000,20677956.218795,564,564,786359,786359,0000000000000000,0
646,15.031917,4.939667,8.798125,16.774625,53.499250,0.000000,20677972.998378,564,564,786359,786359,0000000000000000,0
647,14.948208,5.964292,8.533583,19.186125,52.065416,0.000000,20677992.218628,564,564,786359,786359,0000000000000000,0
648,14.961917,5.145583,7.898041,19.270416,55.294458,0.000000,20678011.519378,564,564,786359,786359,0000000000000000,0
649,14.912625,5.714625,8.080041,16.059458,54.567916,0.000000,20678027.582628,564,564,786359,786359,0000000000000000,0
650,14.916416,7.464333,9.552084,19.106208,54.442208,0.000000,20678046.693795,564,564,786359,786359,0000000000000000,0
651,14.937416,4.459000,7.996334,16.057125,51.248458,0.000000,20678062.773670,564,564,786359,786359,0000000000000000,0
652,14.908250,4.089166,7.978541,19.331083,54.521541,0.000000,20678082.110878,564,564,786359,786359,0000000000000000,0
653,14.958417,4.003417,8.016458,16.028833,51.439792,0.000000,20678098.158670,564,564,786359,786359,0000000000000000,0
654,14.900666,2.779000,8.215959,22.760208,58.143166,0.000000,20678120.924128,564,564,786359,786359,0000000000000000,0
655,15.564208,6.722334,8.280125,16.116625,55.620833,0.000000,20678137.753003,564,564,786359,786359,0000000000000000,0
656,14.901250,4.006041,7.787792,22.764875,62.358334,0.000000,20678160.523712,564,564,786359,786359,0000000000000000,0
657,14.906208,4.669583,7.926334,16.086875,54.986750,0.000000,20678176.621670,564,564,786359,786359,0000000000000000,0
658,14.887542,7.791000,9.325167,23.027083,61.893417,0.000000,20678199.654295,564,564,786359,786359,0000000000000000,0
659,14.885209,4.646250,7.867416,16.245250,55.369709,0.000000,20678215.905962,564,564,786359,786359,0000000000000000,0
660,14.891625,4.599000,7.877917,22.388625,61.672042,0.000000,20678238.300420,564,564,786359,786359,0000000000000000,0
661,14.897458,4.930333,7.905042,16.144042,54.799208,0.000000,20678254.459920,564,564,786359,786359,0000000000000000,0
662,14.892500,3.696000,9.518541,23.028542,61.580750,0.000000,20678277.493712,564,564,786359,786359,0000000000000000,0
663,14.874417,4.364792,8.078000,16.053625,55.237875,0.000000,20678293.554920,564,564,786359,786359,0000000000000000,0
664,14.856334,4.729958,7.901833,22.717917,61.812042,0.000000,20678316.278670,564,564,786359,786359,0000000000000000,0
665,14.921375,4.923333,7.854292,22.915666,61.705875,0.000000,20678339.208628,564,564,786359,786359,0000000000000000,0
666,14.882000,3.997875,9.806708,18.270875,63.923416,0.000000,20678357.485628,564,564,786359,786359,0000000000000000,0
667,14.900958,3.281250,7.996917,15.847125,57.054083,0.000000,20678373.351128,564,564,786359,786359,0000000000000000,0
668,14.890458,3.028083,7.987875,15.992667,50.204000,0.000000,20678389.418462,564,564,786359,786359,0000000000000000,0
669,15.827292,4.800542,7.953750,22.809500,54.727458,0.000000,20678412.233503,564,564,786359,786359,0000000000000000,0
670,14.925166,4.604250,7.793334,16.077250,54.918500,0.000000,20678428.366462,564,564,786359,786359,0000000000000000,0
671,14.893083,4.195042,7.868583,19.580750,58.526708,0.000000,20678447.952170,564,564,786359,786359,0000000000000000,0
672,14.928375,4.772250,7.835625,22.429458,58.128583,0.000000,20678470.414295,564,564,786359,786359,0000000000000000,0
673,14.896584,6.008333,8.015583,15.952417,58.017167,0.000000,20678486.390045,564,564,786359,786359,0000000000000000,0
674,14.945292,3.697167,8.211291,22.366458,60.792958,0.000000,20678508.760878,564,564,786359,786359,0000000000000000,0
675,14.903000,3.896083,8.069834,18.873750,57.209250,0.000000,20678527.649503,564,564,786359,786359,0000000000000000,0
676,14.905041,3.722833,9.452042,16.079875,57.352166,0.000000,20678543.747753,564,564,786359,786359,0000000000000000,0
677,14.919917,3.371667,7.888708,15.905167,50.880667,0.000000,20678559.658462,564,564,786359,786359,0000000000000000,0
678,15.596583,1.037167,7.993125,15.528625,47.528833,0.000000,20678575.199045,564,564,786359,786359,0000000000000000,0
679,16.681875,0.677250,7.753667,15.712083,47.166000,0.000000,20678590.921045,564,564,786359,786359,0000000000000000,0
680,16.135000,3.822583,7.991083,15.971083,45.778833,0.000000,20678606.906420,564,564,786359,786359,0000000000000000,0
681,14.950250,0.686875,7.779625,15.667459,45.325000,0.000000,20678622.589629,564,564,786359,786359,0000000000000000,0
682,16.102042,3.942458,7.952292,16.003458,45.693375,0.000000,20678638.609420,564,564,786359,786359,0000000000000000,0
683,14.963666,4.986042,7.987584,16.028542,45.635625,0.000000,20678654.655754,564,564,786359,786359,0000000000000000,0
684,14.959292,3.999917,8.149750,23.095042,53.769042,0.000000,20678677.756629,564,564,786359,786359,0000000000000000,0
685,14.920792,3.936917,8.024625,16.000834,54.815834,0.000000,20678693.766504,564,564,786359,786359,0000000000000000,0
686,14.917584,4.651208,7.936833,22.859375,61.968667,0.000000,20678716.631712,564,564,786359,786359,0000000000000000,0
687,14.938292,4.733750,7.831250,16.125375,54.995209,0.000000,20678732.762629,564,564,786359,786359,0000000000000000,0
688,14.893958,4.060292,7.892209,23.013375,62.007750,0.000000,20678755.781837,564,564,786359,786359,0000000000000000,0
689,14.949084,4.144584,8.004791,16.244958,55.394500,0.000000,20678772.034670,564,564,786359,786359,0000000000000000,0
690,14.917875,4.323959,8.023750,20.113041,59.383333,0.000000,20678792.153545,564,564,786359,786359,0000000000000000,0
691,14.980292,4.573625,7.970083,16.107583,52.481625,0.000000,20678808.269587,564,564,786359,786359,0000000000000000,0
692,14.927500,3.606459,8.013542,22.430333,58.663792,0.000000,20678830.705462,564,564,786359,786359,0000000000000000,0
693,15.367042,3.517500,8.086167,16.414417,54.971292,0.000000,20678847.132712,564,564,786359,786359,0000000000000000,0
694,14.875875,3.775917,9.551208,15.960291,54.840041,0.000000,20678863.116920,564,564,786359,786359,0000000000000000,0
695,14.893666,1.761667,7.924292,16.140833,48.548208,0.000000,20678879.267962,564,564,786359,786359,0000000000000000,0
696,16.262167,0.702041,7.793916,15.880375,48.001042,0.000000,20678895.160004,564,564,786359,786359,0000000000000000,0
697,16.258084,0.664125,7.761833,15.702750,46.738709,0.000000,20678910.873254,564,564,786359,786359,0000000000000000,0
698,16.323125,4.196792,7.836792,15.997917,45.813542,0.000000,20678926.884879,564,564,786359,786359,0000000000000000,0
699,14.971250,3.846792,7.884625,23.249334,52.751417,0.000000,20678950.148504,564,564,786359,786359,0000000000000000,0
700,14.995750,4.656459,7.921084,20.233208,58.032917,0.000000,20678970.404462,564,564,786359,786359,29a111b6ccb56ac5,1
701,14.921667,3.546667,7.841750,15.989750,60.272917,0.000000,20678987.643712,564,564,786359,786359,0000000000000000,0
702,14.937125,3.700958,9.451458,22.551958,60.030250,0.000000,20679010.201212,564,564,786359,786359,0000000000000000,0
703,15.094916,4.086250,8.134584,15.932875,54.501416,0.000000,20679026.148670,564,564,786359,786359,0000000000000000,0
704,14.999833,3.807125,10.123458,16.273834,54.775875,0.000000,20679042.426879,564,564,786359,786359,0000000000000000,0
705,14.955500,5.277125,8.942792,15.935792,48.155042,0.000000,20679058.372879,564,564,786359,786359,0000000000000000,0
706,14.937709,6.041875,9.752166,19.776167,51.998334,0.000000,20679078.153129,564,564,786359,786359,0000000000000000,0
707,14.961916,4.456084,7.871792,16.574833,52.358833,0.000000,20679094.797087,564,564,786359,786359,0000000000000000,0
708,14.927500,5.455917,7.826292,15.920042,52.343667,0.000000,20679110.722379,564,564,786359,786359,0000000000000000,0
709,14.883459,7.466667,10.605000,19.912667,52.432917,0.000000,20679130.638837,564,564,786359,786359,0000000000000000,0
710,14.879666,6.824416,8.242500,17.049667,52.895208,0.000000,20679147.699587,564,564,786359,786359,0000000000000000,0
711,14.911750,7.903875,10.666833,16.148125,53.134958,0.000000,20679163.864337,564,564,786359,786359,0000000000000000,0
712,14.908542,4.351667,8.030750,22.756708,55.981333,0.000000,20679186.627170,564,564,786359,786359,0000000000000000,0
713,14.957250,3.432333,8.256500,17.289417,56.214375,0.000000,20679203.933212,564,564,786359,786359,0000000000000000,0
714,14.900667,3.976583,9.792125,16.081625,56.170334,0.000000,20679220.042254,564,564,786359,786359,0000000000000000,0
715,14.964833,2.251083,8.003333,22.824959,56.227500,0.000000,20679242.872754,564,564,786359,786359,0000000000000000,0
716,15.845667,3.387708,8.157333,16.101167,55.017667,0.000000,20679258.980337,564,564,786359,786359,0000000000000000,0
717,14.878209,4.152167,7.923125,19.825167,58.762959,0.000000,20679278.811629,564,564,786359,786359,0000000000000000,0
718,14.902416,4.054167,8.048542,16.025917,51.967125,0.000000,20679294.846004,564,564,786359,786359,0000000000000000,0
719,14.910583,3.361166,7.901542,22.733083,58.594958,0.000000,20679317.582587,564,564,786359,786359,0000000000000000,0
720,15.411083,3.866917,7.987292,16.200625,54.970708,0.000000,20679333.790504,564,564,786359,786359,0000000000000000,0
721,14.847000,4.264458,7.690666,19.686625,58.632000,0.000000,20679353.482671,564,564,786359,786359,0000000000000000,0
722,14.917000,4.974666,7.816667,17.349791,53.258625,0.000000,20679370.849962,564,564,786359,786359,0000000000000000,0
723,14.926041,5.933958,8.311042,19.321750,56.391708,0.000000,20679390.189504,564,564,786359,786359,0000000000000000,0
724,14.928375,5.299291,7.889291,16.371250,53.082166,0.000000,20679406.584962,564,564,786359,786359,0000000000000000,0
725,14.895125,4.094417,8.001583,19.240084,54.959625,0.000000,20679425.830296,564,564,786359,786359,0000000000000000,0
726,14.959583,4.580625,8.035417,18.687375,54.320291,0.000000,20679444.535462,564,564,786359,786359,0000000000000000,0
727,14.940333,5.975666,8.266125,16.340041,54.317083,0.000000,20679460.908462,564,564,786359,786359,0000000000000000,0
728,14.923125,4.196500,7.855166,23.487625,58.550041,0.000000,20679484.401337,564,564,786359,786359,0000000000000000,0
729,14.937125,4.812500,8.133125,15.939292,55.793792,0.000000,20679500.347629,564,564,786359,786359,0000000000000000,0
730,14.889291,5.541958,7.851084,21.017208,60.454333,0.000000,20679521.369504,564,564,786359,786359,0000000000000000,0
731,14.942375,4.582083,7.924875,16.249042,53.528709,0.000000,20679537.937046,564,564,786359,786359,0000000000000000,0
732,14.839417,3.595083,9.208208,23.151917,60.735209,0.000000,20679561.093046,564,564,786359,786359,0000000000000000,0
733,14.872666,4.552334,8.124084,16.142875,55.551708,0.000000,20679577.243504,564,564,786359,786359,0000000000000000,0
734,14.880250,4.411166,8.146542,23.301833,62.608583,0.000000,20679600.551462,564,564,786359,786359,0000000000000000,0
735,14.900667,4.390750,8.053208,16.082208,55.551125,0.000000,20679616.650587,564,564,786359,786359,0000000000000000,0
736,14.879083,5.296667,7.863334,23.235917,62.640375,0.000000,20679639.891754,564,564,786359,786359,0000000000000000,0
737,14.886667,4.719750,7.989042,22.850333,62.194125,0.000000,20679662.751712,564,564,786359,786359,0000000000000000,0
738,14.891334,5.231041,7.842625,18.126209,64.235209,0.000000,20679680.892796,564,564,786359,786359,0000000000000000,0
739,14.891625,3.254417,9.873208,16.178750,57.188250,0.000000,20679697.091379,564,564,786359,786359,0000000000000000,0
740,14.904458,2.860375,7.837958,22.769250,57.096958,0.000000,20679719.865879,564,564,786359,786359,0000000000000000,0
741,15.782375,3.727209,7.989334,16.068791,55.027000,0.000000,20679735.941962,564,564,786359,786359,0000000000000000,0
742,14.872375,4.089167,7.839417,23.277916,62.127625,0.000000,20679759.225712,564,564,786359,786359,0000000000000000,0
743,14.910000,4.521417,7.883458,16.037875,55.394500,0.000000,20679775.269421,564,564,786359,786359,0000000000000000,0
744,14.865375,5.148791,7.986416,22.706250,62.032250,0.000000,20679797.981796,564,564,786359,786359,0000000000000000,0
745,14.907667,4.493125,7.911458,15.996458,54.759250,0.000000,20679813.991379,564,564,786359,786359,0000000000000000,0
746,14.876750,3.975417,10.271625,22.358292,61.078792,0.000000,20679836.355504,564,564,786359,786359,0000000000000000,0
747,14.947625,3.319167,8.190000,22.921500,61.361417,0.000000,20679859.358671,564,564,786359,786359,0000000000000000,0
748,14.905334,3.542583,8.208666,22.755834,68.122834,0.000000,20679882.121796,564,564,786359,786359,0000000000000000,0
749,14.926917,3.214458,8.003916,22.883875,68.598542,0.000000,20679905.012671,564,564,786359,786359,0000000000000000,0
750,14.905041,3.424459,7.838834,22.920917,68.574625,0.000000,20679927.939421,564,564,786359,786359,0000000000000000,0
751,14.914375,3.226417,7.957250,22.746500,68.565292,0.000000,20679950.692921,564,564,786359,786359,0000000000000000,0
752,14.907958,3.280959,7.998084,22.820876,68.500834,0.000000,20679973.519338,564,564,786359,786359,0000000000000000,0
753,14.892209,3.478417,7.840000,22.796083,68.376584,0.000000,20679996.321546,564,564,786359,786359,0000000000000000,0
754,14.909125,3.555125,7.896583,18.079542,63.707292,0.000000,20680014.407213,564,564,786359,786359,0000000000000000,0
755,14.907083,3.378667,7.874708,16.344708,57.232291,0.000000,20680030.757754,564,564,786359,786359,0000000000000000,0
756,14.939750,4.147209,7.849333,15.984500,50.419833,0.000000,20680046.747504,564,564,786359,786359,0000000000000000,0
757,14.971250,5.465834,9.080166,15.823208,48.161458,0.000000,20680062.576546,564,564,786359,786359,0000000000000000,0
758,15.025209,5.725417,11.797333,18.534542,50.351292,0.000000,20680081.116046,564,564,786359,786359,0000000000000000,0
759,15.023458,3.728375,7.995459,16.200917,50.567417,0.000000,20680097.322213,564,564,786359,786359,0000000000000000,0
760,14.892791,3.957042,7.868000,19.246792,53.992458,0.000000,20680116.575421,564,564,786359,786359,0000000000000000,0
761,14.941500,7.428459,9.569291,23.908500,59.376916,0.000000,20680140.500254,564,564,786359,786359,0000000000000000,0
762,14.975625,7.795667,9.913458,22.834000,66.010291,0.000000,20680163.340379,564,564,786359,786359,0000000000000000,0
763,14.920792,5.532625,11.166458,17.320041,64.072458,0.000000,20680180.667129,564,564,786359,786359,0000000000000000,0
764,14.930125,3.356500,7.884625,15.969917,56.145250,0.000000,20680196.655421,564,564,786359,786359,0000000000000000,0
765,14.928667,2.315541,7.960166,23.302125,56.616583,0.000000,20680219.962504,564,564,786359,786359,0000000000000000,0
766,15.808916,3.638833,7.932167,16.111958,55.393916,0.000000,20680236.081754,564,564,786359,786359,0000000000000000,0
767,14.898042,5.325834,7.784292,23.340042,62.766084,0.000000,20680259.427338,564,564,786359,786359,0000000000000000,0
768,14.959292,4.290125,7.999250,16.163292,55.630167,0.000000,20680275.598213,564,564,786359,786359,0000000000000000,0
769,14.892208,5.311250,7.802084,23.194209,62.709792,0.000000,20680298.798838,564,564,786359,786359,0000000000000000,0
770,14.962792,4.123292,8.024333,16.175541,55.543833,0.000000,20680314.980504,564,564,786359,786359,0000000000000000,0
771,14.901834,4.673083,8.021125,20.519917,59.900459,0.000000,20680335.505963,564,564,786359,786359,0000000000000000,0
772,14.914667,5.117583,7.876166,16.139375,52.872750,0.000000,20680351.677421,564,564,786359,786359,0000000000000000,0
773,14.884334,4.064667,7.825708,23.158041,59.851750,0.000000,20680374.839254,564,564,786359,786359,0000000000000000,0
774,15.206334,3.686375,8.046208,16.261000,55.583792,0.000000,20680391.106671,564,564,786359,786359,0000000000000000,0
775,14.899208,4.633125,7.933042,22.800167,62.239917,0.000000,20680413.922588,564,564,786359,786359,0000000000000000,0
776,14.901834,5.130708,7.823958,16.243791,55.327125,0.000000,20680430.172504,564,564,786359,786359,0000000000000000,0
777,14.879958,4.077792,7.900083,22.742125,61.830416,0.000000,20680452.944379,564,564,786359,786359,0000000000000000,0
778,14.907958,4.930042,7.978834,16.100583,55.128500,0.000000,20680469.056921,564,564,786359,786359,0000000000000000,0
779,14.889584,3.975417,9.806125,19.714625,58.572792,0.000000,20680488.777671,564,564,786359,786359,0000000000000000,0
780,14.901250,4.361292,7.982333,16.022709,51.861250,0.000000,20680504.819338,564,564,786359,786359,0000000000000000,0
781,14.898041,3.185000,7.919625,23.020083,58.780458,0.000000,20680527.844671,564,564,786359,786359,0000000000000000,0
782,15.377833,3.451000,8.169875,16.096500,55.150083,0.000000,20680543.948754,564,564,786359,786359,0000000000000000,0
783,14.969500,4.337375,7.935667,23.212584,62.341709,0.000000,20680567.167463,564,564,786359,786359,0000000000000000,0
784,14.927500,4.233834,8.089375,15.953583,55.277250,0.000000,20680583.127754,564,564,786359,786359,0000000000000000,0
785,14.902125,4.740459,7.954334,20.301166,59.478125,0.000000,20680603.434754,564,564,786359,786359,0000000000000000,0
786,14.955792,5.212083,7.768250,16.052167,52.400542,0.000000,20680619.574421,564,564,786359,786359,0000000000000000,0
787,14.880541,3.817333,8.040084,23.080458,59.525083,0.000000,20680642.660421,564,564,786359,786359,0000000000000000,0
788,14.908834,4.845458,7.800916,16.206458,55.372625,0.000000,20680658.873004,564,564,786359,786359,0000000000000000,0
789,14.885500,4.755333,7.775833,22.445209,61.742042,0.000000,20680681.323463,564,564,786359,786359,0000000000000000,0
790,14.934791,4.027333,8.103667,16.227458,54.896625,0.000000,20680697.563463,564,564,786359,786359,0000000000000000,0
791,14.937708,3.744708,9.519125,22.785584,61.475167,0.000000,20680720.354880,564,564,786359,786359,0000000000000000,0
792,14.909709,5.396708,8.366166,16.076666,55.100500,0.000000,20680736.437671,564,564,786359,786359,0000000000000000,0
793,14.882875,4.192709,7.858959,19.707625,58.579792,0.000000,20680756.150838,564,564,786359,786359,0000000000000000,0
794,14.940625,5.057208,7.812000,17.614041,53.419916,0.000000,20680773.780921,564,564,786359,786359,0000000000000000,0
795,14.827458,6.440291,8.565375,18.062625,55.417250,0.000000,20680791.861338,564,564,786359,786359,0000000000000000,0
796,14.900958,4.568666,8.076834,22.072750,57.782375,0.000000,20680813.952463,564,564,786359,786359,0000000000000000,0
797,14.901834,4.192417,8.147708,22.806000,62.970250,0.000000,20680836.771296,564,564,786359,786359,0000000000000000,0
798,14.902709,3.310417,8.525708,22.787042,67.682417,0.000000,20680859.564463,564,564,786359,786359,0000000000000000,0
799,14.912333,3.362625,7.877625,17.866917,63.471042,0.000000,20680877.437505,564,564,786359,786359,0000000000000000,0
800,14.864208,3.398791,7.909125,16.070833,56.749000,0.000000,20680893.526713,564,564,786359,786359,29a111b6ccb56ac5,1
801,14.872083,2.723584,8.065750,19.465250,54.193708,0.000000,20680913.764296,564,564,786359,786359,0000000000000000,0
802,15.722000,4.815708,7.826292,22.867250,59.196958,0.000000,20680936.655171,564,564,786359,786359,0000000000000000,0
803,14.894541,4.025584,8.191167,16.184875,58.597875,0.000000,20680952.898380,564,564,786359,786359,0000000000000000,0
804,14.900083,3.337834,7.948500,22.858500,61.972167,0.000000,20680975.762130,564,564,786359,786359,0000000000000000,0
805,14.881125,4.940833,7.893958,16.153375,55.244291,0.000000,20680991.956921,564,564,786359,786359,0000000000000000,0
806,14.907958,4.184541,7.890459,22.920334,61.977417,0.000000,20681014.882505,564,564,786359,786359,0000000000000000,0
807,14.937125,4.343792,8.031917,16.256042,55.344042,0.000000,20681031.144963,564,564,786359,786359,0000000000000000,0
808,14.885209,4.272041,7.909125,22.913334,62.099334,0.000000,20681054.063255,564,564,786359,786359,0000000000000000,0
809,14.905334,4.231208,8.144208,16.027667,55.237292,0.000000,20681070.126213,564,564,786359,786359,0000000000000000,0
810,14.947625,4.090625,8.597750,22.811542,61.791917,0.000000,20681092.943005,564,564,786359,786359,0000000000000000,0
811,14.967458,4.252209,7.852542,19.605542,58.461083,0.000000,20681112.561963,564,564,786359,786359,0000000000000000,0
812,14.928958,3.822875,10.444875,16.886625,59.336666,0.000000,20681129.470171,564,564,786359,786359,0000000000000000,0
813,14.979708,3.259667,8.270209,22.953292,59.478125,0.000000,20681152.438338,564,564,786359,786359,0000000000000000,0
814,14.901541,4.181916,9.575125,16.018625,55.928833,0.000000,20681168.510338,564,564,786359,786359,0000000000000000,0
815,14.928959,3.256458,8.006541,22.502083,61.529125,0.000000,20681191.017671,564,564,786359,786359,0000000000000000,0
816,14.885792,4.712458,7.859541,16.074625,54.651042,0.000000,20681207.141880,564,564,786359,786359,0000000000000000,0
817,14.849916,3.548125,8.330875,22.783834,61.414500,0.000000,20681229.931255,564,564,786359,786359,0000000000000000,0
818,14.888708,4.894167,7.909417,16.238542,55.125292,0.000000,20681246.175630,564,564,786359,786359,0000000000000000,0
819,14.861292,4.088875,7.865083,19.751375,58.782792,0.000000,20681265.931963,564,564,786359,786359,0000000000000000,0
820,14.920500,4.852166,7.858375,16.432792,52.452459,0.000000,20681282.389255,564,564,786359,786359,0000000000000000,0
821,14.890167,4.139625,8.040666,23.281708,59.494750,0.000000,20681305.677088,564,564,786359,786359,0000000000000000,0
822,14.871792,4.873459,8.085291,16.190708,55.916000,0.000000,20681321.874213,564,564,786359,786359,0000000000000000,0
823,14.916417,4.762625,8.110375,23.255167,62.736625,0.000000,20681345.133463,564,564,786359,786359,0000000000000000,0
824,14.923708,4.527250,7.952875,16.121000,55.578250,0.000000,20681361.260880,564,564,786359,786359,0000000000000000,0
825,14.881125,4.758541,8.072458,23.163583,62.577375,0.000000,20681384.459463,564,564,786359,786359,0000000000000000,0
826,14.900083,3.986791,8.167542,16.130041,55.456333,0.000000,20681400.596213,564,564,786359,786359,0000000000000000,0
827,14.883458,4.803458,7.848750,23.358416,62.661958,0.000000,20681423.959588,564,564,786359,786359,0000000000000000,0
828,14.915541,4.521417,7.970375,16.134417,55.634250,0.000000,20681440.100422,564,564,786359,786359,0000000000000000,0
829,14.876750,5.250584,7.876458,22.906917,62.410250,0.000000,20681463.012880,564,564,786359,786359,0000000000000000,0
830,14.861000,5.387958,7.849042,22.784125,61.839458,0.000000,20681485.805463,564,564,786359,786359,0000000000000000,0
831,14.890458,4.248708,7.910584,22.809792,68.515417,0.000000,20681508.622547,564,564,786359,786359,0000000000000000,0
832,14.834458,3.380125,7.935375,23.024166,68.630916,0.000000,20681531.653713,564,564,786359,786359,0000000000000000,0
833,14.900958,3.334917,7.896583,22.696917,68.546333,0.000000,20681554.357630,564,564,786359,786359,0000000000000000,0
834,14.898625,3.086125,8.113000,22.912458,68.648125,0.000000,20681577.276213,564,564,786359,786359,0000000000000000,0
835,14.832708,3.494459,7.849333,22.827583,68.449791,0.000000,20681600.109338,564,564,786359,786359,0000000000000000,0
836,14.947625,3.249459,7.950250,22.953583,68.704708,0.000000,20681623.068463,564,564,786359,786359,0000000000000000,0
837,14.871792,3.444000,7.939458,17.747916,63.539000,0.000000,20681640.822213,564,564,786359,786359,0000000000000000,0
838,14.945292,3.241584,7.994292,16.519416,57.259125,0.000000,20681657.373713,564,564,786359,786359,0000000000000000,0
839,14.879958,2.613916,7.948792,16.063250,50.367916,0.000000,20681673.442213,564,564,786359,786359,0000000000000000,0
840,16.212583,0.855167,7.845250,23.303584,55.912500,0.000000,20681696.751047,564,564,786359,786359,0000000000000000,0
841,15.535916,3.761625,7.984667,22.790541,62.171666,0.000000,20681719.552088,564,564,786359,786359,0000000000000000,0
842,14.826291,5.157834,8.021709,22.862291,68.971291,0.000000,20681742.420213,564,564,786359,786359,0000000000000000,0
843,14.895125,3.451875,7.880250,22.926459,68.590084,0.000000,20681765.352797,564,564,786359,786359,0000000000000000,0
844,14.875875,3.274541,7.973000,22.808625,68.611666,0.000000,20681788.169588,564,564,786359,786359,0000000000000000,0
845,14.907375,3.201625,8.005084,23.010750,68.761292,0.000000,20681811.187630,564,564,786359,786359,0000000000000000,0
846,14.883459,3.423000,7.911458,22.841875,68.676709,0.000000,20681834.035922,564,564,786359,786359,0000000000000000,0
847,14.885792,3.059875,8.112125,22.892917,68.760417,0.000000,20681856.936130,564,564,786359,786359,0000000000000000,0
848,14.839416,3.351541,7.989042,22.855292,68.604375,0.000000,20681879.798422,564,564,786359,786359,0000000000000000,0
849,14.893083,3.286500,7.985542,22.794917,68.557125,0.000000,20681902.599172,564,564,786359,786359,0000000000000000,0
850,14.914083,3.721958,7.929250,22.746209,68.411292,0.000000,20681925.352672,564,564,786359,786359,0000000000000000,0
851,14.869750,3.309833,7.911166,22.874833,68.427916,0.000000,20681948.232463,564,564,786359,786359,0000000000000000,0
852,14.903291,3.440500,7.828334,22.774208,68.407208,0.000000,20681971.012505,564,564,786359,786359,0000000000000000,0
853,14.884333,3.268416,7.973584,22.947167,68.606417,0.000000,20681993.965797,564,564,786359,786359,0000000000000000,0
854,14.904166,3.445750,7.856625,23.030000,68.764791,0.000000,20682017.003088,564,564,786359,786359,0000000000000000,0
855,14.889000,3.386542,8.043875,22.890000,68.880292,0.000000,20682039.898922,564,564,786359,786359,0000000000000000,0
856,14.925750,3.134250,8.089958,22.806001,68.740292,0.000000,20682062.712214,564,564,786359,786359,0000000000000000,0
857,14.945000,3.339000,7.931875,18.199125,63.909709,0.000000,20682080.918047,564,564,786359,786359,0000000000000000,0
858,14.883167,3.337250,7.911167,16.064709,57.096376,0.000000,20682097.000839,564,564,786359,786359,0000000000000000,0
859,14.906208,2.880791,8.025792,22.869583,57.157625,0.000000,20682119.875672,564,564,786359,786359,0000000000000000,0
860,15.734250,3.444291,8.002458,17.521000,56.464625,0.000000,20682137.402797,564,564,786359,786359,0000000000000000,0
861,14.884917,4.234125,7.836208,20.762000,61.176500,0.000000,20682158.183755,564,564,786359,786359,0000000000000000,0
862,14.954916,2.437167,7.786917,15.996167,54.318833,0.000000,20682174.200922,564,564,786359,786359,0000000000000000,0
863,15.794625,3.465583,8.102208,22.774208,59.555708,0.000000,20682196.980380,564,564,786359,786359,0000000000000000,0
864,14.997208,3.807709,8.005375,15.906917,54.699458,0.000000,20682212.900422,564,564,786359,786359,0000000000000000,0
865,14.902708,4.032000,8.609125,19.269541,57.993541,0.000000,20682232.201755,564,564,786359,786359,0000000000000000,0
866,14.907083,4.093541,8.021125,16.116333,51.342958,0.000000,20682248.338505,564,564,786359,786359,0000000000000000,0
867,14.901834,2.826834,8.072750,20.454000,55.863792,0.000000,20682268.798047,564,564,786359,786359,0000000000000000,0
868,15.535041,3.457708,7.987000,16.150750,52.731583,0.000000,20682284.957547,564,564,786359,786359,0000000000000000,0
869,14.886667,3.877416,8.063708,22.558667,59.176250,0.000000,20682307.521172,564,564,786359,786359,0000000000000000,0
870,15.179500,4.504791,7.854583,16.199458,54.926958,0.000000,20682323.733755,564,564,786359,786359,0000000000000000,0
871,14.868000,3.960542,8.958833,22.140125,60.916333,0.000000,20682345.880297,564,564,786359,786359,0000000000000000,0
872,14.908542,6.834625,9.620625,22.745333,61.102125,0.000000,20682368.638172,564,564,786359,786359,0000000000000000,0
873,14.889291,3.265208,9.342667,22.957375,67.859458,0.000000,20682391.601672,564,564,786359,786359,0000000000000000,0
874,14.912334,3.560375,7.815208,22.905166,68.617500,0.000000,20682414.512380,564,564,786359,786359,0000000000000000,0
875,14.923708,3.240417,8.018792,22.964084,68.839167,0.000000,20682437.483464,564,564,786359,786359,0000000000000000,0
876,14.900375,3.266666,7.989917,22.789667,68.670584,0.000000,20682460.278964,564,564,786359,786359,0000000000000000,0
877,14.885792,3.183250,8.065458,23.144625,68.912375,0.000000,20682483.430297,564,564,786359,786359,0000000000000000,0
878,14.883458,3.413375,7.893375,22.686125,68.633250,0.000000,20682506.121672,564,564,786359,786359,0000000000000000,0
879,14.909417,3.181792,8.223250,22.833417,68.677000,0.000000,20682528.960922,564,564,786359,786359,0000000000000000,0
880,14.890459,3.553959,7.782250,23.053042,68.584834,0.000000,20682552.020089,564,564,786359,786359,0000000000000000,0
881,14.865958,3.273666,7.953167,22.806000,68.704417,0.000000,20682574.832214,564,564,786359,786359,0000000000000000,0
882,14.940625,3.168084,8.099292,22.745042,68.616042,0.000000,20682597.583089,564,564,786359,786359,0000000000000000,0
883,14.900375,3.415125,7.891916,22.790542,68.353833,0.000000,20682620.380047,564,564,786359,786359,0000000000000000,0
884,14.866542,3.564750,7.864208,22.957958,68.506958,0.000000,20682643.345005,564,564,786359,786359,0000000000000000,0
885,14.890459,3.384208,7.885791,22.803375,68.565875,0.000000,20682666.155380,564,564,786359,786359,0000000000000000,0
886,14.878500,3.445458,8.067208,18.063792,63.839125,0.000000,20682684.224714,564,564,786359,786359,0000000000000000,0
887,14.898041,3.358541,7.891625,15.992958,56.885208,0.000000,20682700.236047,564,564,786359,786359,0000000000000000,0
888,14.924583,2.820125,7.968042,23.689750,57.768958,0.000000,20682723.931047,564,564,786359,786359,0000000000000000,0
889,15.813000,4.066708,7.789833,16.163875,55.859708,0.000000,20682740.105130,564,564,786359,786359,0000000000000000,0
890,14.853708,6.327125,7.881709,20.018834,59.931667,0.000000,20682760.174714,564,564,786359,786359,0000000000000000,0
891,14.917000,5.198958,7.811125,18.017125,54.264876,0.000000,20682778.207881,564,564,786359,786359,0000000000000000,0
892,14.850791,6.642417,8.215667,22.597458,60.665208,0.000000,20682800.822547,564,564,786359,786359,0000000000000000,0
893,14.877625,4.429833,8.058458,22.822625,63.465208,0.000000,20682823.658589,564,564,786359,786359,0000000000000000,0
894,14.937417,3.926416,9.607791,22.907792,68.345375,0.000000,20682846.573964,564,564,786359,786359,0000000000000000,0
895,14.898625,3.495334,7.908541,17.543750,63.286125,0.000000,20682864.123256,564,564,786359,786359,0000000000000000,0
896,14.905334,3.276584,7.989041,16.035833,56.527042,0.000000,20682880.191464,564,564,786359,786359,0000000000000000,0
897,14.911458,2.462542,7.862458,22.017333,55.632791,0.000000,20682902.214047,564,564,786359,786359,0000000000000000,0
898,15.946875,3.658667,7.986708,22.676500,60.769333,0.000000,20682924.909214,564,564,786359,786359,0000000000000000,0
899,14.913209,5.328458,7.881416,22.936667,67.653542,0.000000,20682947.851714,564,564,786359,786359,0000000000000000,0
900,14.891625,5.005875,7.766792,22.840708,68.463500,0.000000,20682970.698547,564,564,786359,786359,29a111b6ccb56ac5,1
901,14.933917,3.339000,7.986417,22.864334,69.419584,0.000000,20682994.336381,564,564,786359,786359,0000000000000000,0
902,14.917292,3.349792,7.908541,22.778583,69.263250,0.000000,20683017.121089,564,564,786359,786359,0000000000000000,0
903,14.863041,3.238084,7.985834,22.876583,68.532333,0.000000,20683040.004089,564,564,786359,786359,0000000000000000,0
904,14.888708,3.387417,7.876458,23.057708,68.762166,0.000000,20683063.104672,564,564,786359,786359,0000000000000000,0
905,14.922542,3.284750,7.940333,17.698042,63.682792,0.000000,20683080.810006,564,564,786359,786359,0000000000000000,0
906,14.893083,3.001250,8.163750,16.087750,56.898333,0.000000,20683096.932172,564,564,786359,786359,0000000000000000,0
907,14.863917,2.589708,8.089375,22.767792,56.595292,0.000000,20683119.705506,564,564,786359,786359,0000000000000000,0
908,15.686708,3.512542,7.954042,16.100292,54.985875,0.000000,20683135.813381,564,564,786359,786359,0000000000000000,0
909,14.882583,4.070208,7.861583,19.677292,58.557333,0.000000,20683155.496214,564,564,786359,786359,0000000000000000,0
910,14.934500,4.734917,7.811125,21.766500,57.567125,0.000000,20683177.278756,564,564,786359,786359,0000000000000000,0
911,14.923125,6.794959,8.313083,16.539542,58.016000,0.000000,20683193.836964,564,564,786359,786359,0000000000000000,0
912,14.931583,5.445125,9.311167,23.549750,61.875625,0.000000,20683217.390506,564,564,786359,786359,0000000000000000,0
913,14.950542,8.102500,9.499000,19.647833,59.742667,0.000000,20683237.047089,564,564,786359,786359,0000000000000000,0
914,15.004208,5.323208,7.973584,16.128875,59.346875,0.000000,20683253.189089,564,564,786359,786359,0000000000000000,0
915,15.001292,3.344250,8.397666,22.838667,58.630250,0.000000,20683276.031839,564,564,786359,786359,0000000000000000,0
916,14.954334,4.588500,7.948208,22.959417,61.945334,0.000000,20683299.005256,564,564,786359,786359,0000000000000000,0
917,14.926917,4.092083,9.856291,22.851208,68.668833,0.000000,20683321.863172,564,564,786359,786359,0000000000000000,0
918,14.906208,3.133375,8.038042,22.793166,68.615166,0.000000,20683344.662172,564,564,786359,786359,0000000000000000,0
919,14.903292,3.367292,7.934791,22.865500,68.522708,0.000000,20683367.533797,564,564,786359,786359,0000000000000000,0
920,14.940916,3.459458,7.836209,22.828459,68.499375,0.000000,20683390.368381,564,564,786359,786359,0000000000000000,0
921,14.921667,3.356500,7.930125,23.019500,68.725417,0.000000,20683413.393714,564,564,786359,786359,0000000000000000,0
922,14.928959,3.449250,7.885208,22.958542,68.819334,0.000000,20683436.359256,564,564,786359,786359,0000000000000000,0
923,14.899500,3.108291,8.106000,17.772708,63.762708,0.000000,20683454.137214,564,564,786359,786359,0000000000000000,0
924,14.912917,3.528583,8.031625,16.027376,56.792751,0.000000,20683470.192298,564,564,786359,786359,0000000000000000,0
925,14.852833,2.646583,7.826001,22.524541,56.356125,0.000000,20683492.722089,564,564,786359,786359,0000000000000000,0
926,15.661917,4.005459,7.781959,22.846542,61.426459,0.000000,20683515.594006,564,564,786359,786359,0000000000000000,0
927,14.903292,3.820250,8.342542,23.078708,68.480125,0.000000,20683538.678839,564,564,786359,786359,0000000000000000,0
928,15.002459,3.473750,7.828916,22.863167,68.798917,0.000000,20683561.548131,564,564,786359,786359,0000000000000000,0
929,14.905917,2.984333,8.159083,22.683208,68.637333,0.000000,20683584.237464,564,564,786359,786359,0000000000000000,0
930,14.903583,3.381291,7.944708,23.009000,68.567625,0.000000,20683607.252298,564,564,786359,786359,0000000000000000,0
931,14.940333,3.692791,7.728584,22.994125,68.699458,0.000000,20683630.253714,564,564,786359,786359,0000000000000000,0
932,14.951125,3.192291,8.042416,22.795500,68.812916,0.000000,20683653.056214,564,564,786359,786359,0000000000000000,0
933,14.939458,3.160792,8.038625,22.915959,68.715500,0.000000,20683675.977423,564,564,786359,786359,0000000000000000,0
934,14.901250,3.845625,7.880833,22.871625,68.596500,0.000000,20683698.855756,564,564,786359,786359,0000000000000000,0
935,14.895708,3.252958,8.004792,23.102916,68.901291,0.000000,20683721.964214,564,564,786359,786359,0000000000000000,0
936,14.895125,4.229750,7.964541,22.836334,68.824875,0.000000,20683744.807548,564,564,786359,786359,0000000000000000,0
937,14.921084,2.980833,8.165791,22.826125,68.779375,0.000000,20683767.640964,564,564,786359,786359,0000000000000000,0
938,14.914666,3.389750,7.906792,16.136750,61.814666,0.000000,20683783.784714,564,564,786359,786359,0000000000000000,0
939,14.934792,3.350666,7.878792,23.740500,62.718250,0.000000,20683807.531339,564,564,786359,786359,0000000000000000,0
940,14.947917,3.892000,8.185333,15.910708,55.820917,0.000000,20683823.467131,564,564,786359,786359,0000000000000000,0
941,16.118667,3.803334,8.269041,22.704791,62.384583,0.000000,20683846.176589,564,564,786359,786359,0000000000000000,0
942,14.945584,4.164417,7.947041,15.946292,54.591542,0.000000,20683862.150006,564,564,786359,786359,0000000000000000,0
943,14.905917,3.938667,8.462708,22.861709,61.571417,0.000000,20683885.044673,564,564,786359,786359,0000000000000000,0
944,14.928375,4.488459,7.915833,16.049250,54.894583,0.000000,20683901.100339,564,564,786359,786359,0000000000000000,0
945,14.958708,4.170541,7.855167,23.319042,62.240500,0.000000,20683924.424631,564,564,786359,786359,0000000000000000,0
946,14.942666,3.961125,8.103084,16.080459,55.461000,0.000000,20683940.511798,564,564,786359,786359,0000000000000000,0
947,14.942083,5.083458,7.813458,23.182542,62.592833,0.000000,20683963.699881,564,564,786359,786359,0000000000000000,0
948,14.954334,4.216041,8.042125,16.087458,55.362417,0.000000,20683979.793756,564,564,786359,786359,0000000000000000,0
949,14.910292,4.841083,7.924000,22.890875,62.170792,0.000000,20684002.690173,564,564,786359,786359,0000000000000000,0
950,14.961041,4.332709,7.926042,16.064709,55.056750,0.000000,20684018.763048,564,564,786359,786359,0000000000000000,0
951,14.932750,4.245500,7.882875,20.162625,59.131042,0.000000,20684038.931798,564,564,786359,786359,0000000000000000,0
952,14.945583,4.420208,7.905042,23.517375,59.785833,0.000000,20684062.482714,564,564,786359,786359,0000000000000000,0
953,14.940917,3.694541,7.834458,22.992084,66.709417,0.000000,20684085.480048,564,564,786359,786359,0000000000000000,0
954,15.301125,2.971209,8.199625,22.853833,69.373208,0.000000,20684108.340881,564,564,786359,786359,0000000000000000,0
955,14.938875,3.264625,8.038625,22.820000,68.677000,0.000000,20684131.166714,564,564,786359,786359,0000000000000000,0
956,14.936250,3.288834,7.905333,22.843042,68.531458,0.000000,20684154.016756,564,564,786359,786359,0000000000000000,0
957,14.939167,3.402000,7.865083,22.874542,68.550125,0.000000,20684176.897131,564,564,786359,786359,0000000000000000,0
958,14.957541,3.455958,7.872084,22.899334,68.630917,0.000000,20684199.803465,564,564,786359,786359,0000000000000000,0
959,14.938875,3.333167,7.921959,23.021250,68.807375,0.000000,20684222.830256,564,564,786359,786359,0000000000000000,0
960,14.908541,3.266084,7.975334,15.997333,61.930166,0.000000,20684238.833131,564,564,786359,786359,0000000000000000,0
961,14.936541,3.130750,8.067792,18.449666,57.477291,0.000000,20684257.287756,564,564,786359,786359,0000000000000000,0
962,14.986417,3.671792,8.089958,16.321083,50.779458,0.000000,20684273.615256,564,564,786359,786359,0000000000000000,0
963,15.033375,3.755208,8.066334,15.997917,50.778584,0.000000,20684289.618715,564,564,786359,786359,0000000000000000,0
964,15.029583,5.324083,8.644125,16.669917,48.993875,0.000000,20684306.292715,564,564,786359,786359,0000000000000000,0
965,15.018792,6.474125,8.549917,21.206792,53.882209,0.000000,20684327.504465,564,564,786359,786359,0000000000000000,0
966,14.961333,3.896375,7.872083,15.973125,53.859166,0.000000,20684343.483131,564,564,786359,786359,0000000000000000,0
967,14.941792,8.618166,11.260375,23.041666,60.232083,0.000000,20684366.530631,564,564,786359,786359,0000000000000000,0
968,14.952000,4.209917,7.964250,16.073459,55.159417,0.000000,20684382.672340,564,564,786359,786359,0000000000000000,0
969,14.906791,4.391334,8.103959,23.121875,62.309333,0.000000,20684405.800048,564,564,786359,786359,0000000000000000,0
970,14.898625,4.139334,8.036291,22.943958,62.157083,0.000000,20684428.753048,564,564,786359,786359,0000000000000000,0
971,14.904458,4.677750,7.899500,22.820583,68.899833,0.000000,20684451.579173,564,564,786359,786359,0000000000000000,0
972,14.945875,3.324417,7.981166,23.002291,68.776166,0.000000,20684474.587006,564,564,786359,786359,0000000000000000,0
973,14.936250,3.413667,7.867416,22.838083,68.672333,0.000000,20684497.432673,564,564,786359,786359,0000000000000000,0
974,14.925750,3.238667,8.063708,22.849167,68.703250,0.000000,20684520.287673,564,564,786359,786359,0000000000000000,0
975,14.928667,3.417167,7.896583,22.729583,68.430250,0.000000,20684543.023381,564,564,786359,786359,0000000000000000,0
976,14.882583,3.252083,7.952584,22.948625,68.539625,0.000000,20684565.978423,564,564,786359,786359,0000000000000000,0
977,14.894541,3.474917,7.821917,22.887084,68.577250,0.000000,20684588.871340,564,564,786359,786359,0000000000000000,0
978,14.895416,3.201625,8.038334,23.184000,69.031375,0.000000,20684612.061465,564,564,786359,786359,0000000000000000,0
979,14.884917,3.275708,7.989042,22.978084,69.061709,0.000000,20684635.045965,564,564,786359,786359,0000000000000000,0
980,14.912625,3.135125,8.257958,22.881833,69.057333,0.000000,20684657.934798,564,564,786359,786359,0000000000000000,0
981,14.884625,3.156708,8.080042,23.077833,68.950000,0.000000,20684681.017881,564,564,786359,786359,0000000000000000,0
982,14.894542,3.465292,7.973291,22.793459,68.765667,0.000000,20684703.817465,564,564,786359,786359,0000000000000000,0
983,14.950833,3.044708,8.112708,22.791125,68.674375,0.000000,20684726.615590,564,564,786359,786359,0000000000000000,0
984,14.893375,3.369042,7.886084,17.434666,63.032375,0.000000,20684744.056381,564,564,786359,786359,0000000000000000,0
985,14.896875,3.349791,7.882000,15.930250,56.196584,0.000000,20684760.019590,564,564,786359,786359,0000000000000000,0
986,14.893667,2.417334,7.888708,22.533000,55.934667,0.000000,20684782.556090,564,564,786359,786359,0000000000000000,0
987,15.809792,3.955875,7.872667,18.330667,56.837959,0.000000,20684800.910965,564,564,786359,786359,0000000000000000,0
988,14.880541,3.741500,8.333792,16.087750,56.992541,0.000000,20684817.017381,564,564,786359,786359,0000000000000000,0
989,14.918167,3.049375,7.879083,18.937042,53.377625,0.000000,20684835.959673,564,564,786359,786359,0000000000000000,0
990,15.686125,3.458291,8.054375,16.032625,51.093875,0.000000,20684852.025548,564,564,786359,786359,0000000000000000,0
991,14.904458,3.844459,8.121167,23.308250,58.316125,0.000000,20684875.340215,564,564,786359,786359,0000000000000000,0
992,14.914666,4.599000,7.884042,16.100292,55.473542,0.000000,20684891.446632,564,564,786359,786359,0000000000000000,0
993,14.877042,5.223750,7.872375,21.758042,61.176209,0.000000,20684913.209340,564,564,786359,786359,0000000000000000,0
994,14.905625,5.056333,7.830958,22.904584,60.792667,0.000000,20684936.139007,564,564,786359,786359,0000000000000000,0
995,14.874125,3.461500,8.409042,22.819125,67.511792,0.000000,20684958.965132,564,564,786359,786359,0000000000000000,0
996,14.909417,3.319458,7.977958,23.091833,68.826625,0.000000,20684982.062798,564,564,786359,786359,0000000000000000,0
997,14.893083,3.409875,7.912042,23.031458,68.957000,0.000000,20685005.101840,564,564,786359,786359,0000000000000000,0
998,14.900375,2.999500,8.175416,15.276916,61.412166,0.000000,20685020.383423,564,564,786359,786359,0000000000000000,0
999,14.897167,3.199292,8.076833,15.290625,53.611833,0.000000,20685035.681048,564,564,786359,786359,29a111b6ccb56ac5,1
