frame,encode_ms,send_ms,network_ms,decode_assemble_ms,latency_ms,schedule_late_ms,complete_ms,datagrams_sent,datagrams_received,app_bytes_sent,app_bytes_received,checksum,checksum_sampled
0,14.640208,3.529750,8.036583,17.593041,40.294041,0.052715,20647729.840780,564,564,786359,786359,29a111b6ccb56ac5,1
1,14.715167,4.088000,8.133708,16.038458,40.458250,0.054304,20647746.673447,564,564,786359,786359,0000000000000000,0
2,14.786334,3.900166,7.919625,16.187208,39.986042,0.053852,20647762.867947,564,564,786359,786359,0000000000000000,0
3,14.835625,4.187750,7.829500,16.948458,40.274500,0.054275,20647779.823697,564,564,786359,786359,0000000000000000,0
4,14.795375,5.650458,7.944417,16.314375,39.927125,0.054989,20647796.143905,564,564,786359,786359,0000000000000000,0
5,14.845541,4.195625,7.864500,17.484834,40.752250,0.054829,20647813.635739,564,564,786359,786359,0000000000000000,0
6,14.793917,5.060125,7.859542,16.373875,40.466417,0.054377,20647830.016322,564,564,786359,786359,0000000000000000,0
7,14.827750,5.422375,8.012375,16.094167,39.903500,0.053924,20647846.119531,564,564,786359,786359,0000000000000000,0
8,14.846417,4.058542,7.956958,16.042250,39.284583,0.054348,20647862.168197,564,564,786359,786359,0000000000000000,0
9,14.841750,7.849625,10.066583,16.258667,41.185375,0.055645,20647880.737156,564,564,786359,786359,0000000000000000,0
10,14.840584,6.021750,7.770583,16.326334,40.848209,0.054318,20647897.065531,564,564,786359,786359,0000000000000000,0
11,14.856625,3.844750,7.949667,16.977917,41.165542,0.054741,20647914.049864,564,564,786359,786359,0000000000000000,0
12,14.841458,4.079834,7.662667,16.070250,40.576083,0.055164,20647930.127989,564,564,786359,786359,0000000000000000,0
13,14.847875,4.077791,7.812583,16.495208,40.413625,0.055003,20647946.632239,564,564,786359,786359,0000000000000000,0
14,14.847000,3.827542,7.813750,18.322791,42.095083,0.054260,20647964.979822,564,564,786359,786359,0000000000000000,0
15,14.811708,6.035750,9.242917,16.240292,41.675375,0.053807,20647981.226531,564,564,786359,786359,0000000000000000,0
16,14.790416,3.747042,7.969209,16.292500,41.312833,0.055688,20647997.532739,564,564,786359,786359,0000000000000000,0
17,14.833292,3.847959,7.918166,16.272084,40.934542,0.053779,20648013.819406,564,564,786359,786359,0000000000000000,0
18,14.823083,3.768041,9.426667,16.308834,40.577250,0.054493,20648030.129406,564,564,786359,786359,0000000000000000,0
19,14.813167,4.139042,9.248750,16.474791,40.557708,0.053165,20648046.775697,564,564,786359,786359,0000000000000000,0
20,14.872666,4.924209,7.940917,16.632875,40.530291,0.053589,20648063.415572,564,564,786359,786359,0000000000000000,0
21,14.830666,3.957333,7.899500,16.909667,40.779375,0.054595,20648080.332531,564,564,786359,786359,0000000000000000,0
22,14.945583,3.750542,8.110959,17.098667,41.240500,0.055309,20648097.461239,564,564,786359,786359,0000000000000000,0
23,14.926917,3.599750,9.743708,16.006083,40.701500,0.056316,20648113.590114,564,564,786359,786359,0000000000000000,0
24,14.886083,9.073459,11.254542,15.809792,41.967625,0.053821,20648131.520614,564,564,786359,786359,0000000000000000,0
25,14.824834,4.082458,7.786625,16.044875,41.357167,0.055702,20648147.578614,564,564,786359,786359,0000000000000000,0
26,14.848167,8.998500,10.449250,15.966709,41.277834,0.054667,20648164.165406,564,564,786359,786359,0000000000000000,0
27,14.826291,4.011000,8.079167,16.162708,40.785791,0.053632,20648180.339197,564,564,786359,786359,0000000000000000,0
28,14.805000,4.793833,9.777542,16.663792,41.283667,0.054346,20648197.504656,564,564,786359,786359,0000000000000000,0
29,14.828917,4.076333,7.896000,16.365708,40.990542,0.054186,20648213.878239,564,564,786359,786359,0000000000000000,0
30,14.794792,3.539375,8.034833,16.199458,40.529125,0.054317,20648230.083822,564,564,786359,786359,0000000000000000,0
31,14.861000,3.997292,7.883167,16.178166,40.046125,0.054448,20648246.267822,564,564,786359,786359,0000000000000000,0
32,14.814334,3.953542,7.940333,16.416167,39.804042,0.055746,20648262.693614,564,564,786359,786359,0000000000000000,0
33,14.878500,5.413917,7.904459,17.580500,40.729209,0.053835,20648280.284031,564,564,786359,786359,0000000000000000,0
34,14.830959,5.245917,7.848458,16.493750,40.564125,0.054841,20648296.786822,564,564,786359,786359,0000000000000000,0
35,14.832709,3.698042,7.959875,16.556750,40.460584,0.054390,20648313.349406,564,564,786359,786359,0000000000000000,0
36,14.878792,4.015084,7.766208,16.872625,40.673209,0.054229,20648330.229031,564,564,786359,786359,0000000000000000,0
37,14.849625,5.672042,7.937417,16.688875,40.705000,0.054651,20648346.927822,564,564,786359,786359,0000000000000000,0
38,14.800917,5.530000,7.987000,16.420250,40.469042,0.054492,20648363.358864,564,564,786359,786359,0000000000000000,0
39,14.854000,8.957667,10.198417,16.501625,41.571542,0.054914,20648381.128656,564,564,786359,786359,0000000000000000,0
40,14.843500,7.138250,9.667584,16.124792,41.039834,0.054170,20648397.262781,564,564,786359,786359,0000000000000000,0
41,14.816666,3.577292,9.614792,16.527000,40.992000,0.054885,20648413.882531,564,564,786359,786359,0000000000000000,0
42,14.865958,3.621625,8.188250,16.291042,40.622750,0.054433,20648430.179989,564,564,786359,786359,0000000000000000,0
43,14.844083,3.841250,7.856625,16.482958,40.443958,0.055439,20648446.669072,564,564,786359,786359,0000000000000000,0
44,14.846125,3.755500,7.884041,16.773750,40.558291,0.055279,20648463.449822,564,564,786359,786359,0000000000000000,0
45,14.906500,4.206709,7.842917,16.810500,40.708500,0.054243,20648480.265864,564,564,786359,786359,0000000000000000,0
46,14.842917,4.050375,7.924000,16.216667,40.263125,0.054957,20648496.488364,564,564,786359,786359,0000000000000000,0
47,14.800917,3.773875,7.942083,17.616376,41.218626,0.055964,20648514.111448,564,564,786359,786359,0000000000000000,0
48,14.855167,3.466166,7.926916,16.392833,40.950875,0.055803,20648530.510406,564,564,786359,786359,0000000000000000,0
49,14.781666,10.080000,11.390459,16.016000,42.207958,0.054184,20648548.433031,564,564,786359,786359,0000000000000000,0
50,14.848458,4.467750,8.337875,15.999667,41.553167,0.054316,20648564.444948,564,564,786359,786359,0000000000000000,0
51,14.823083,4.382875,8.658417,16.190709,41.085042,0.054155,20648580.643823,564,564,786359,786359,0000000000000000,0
52,14.809666,4.966500,7.976500,16.172625,40.596500,0.054578,20648596.822573,564,564,786359,786359,0000000000000000,0
53,14.864792,3.652834,8.341375,16.581834,40.517459,0.054418,20648613.409948,564,564,786359,786359,0000000000000000,0
54,14.837958,9.724750,11.354584,15.899042,42.109375,0.054549,20648631.669156,564,564,786359,786359,0000000000000000,0
55,14.819292,3.728083,8.057000,17.033334,42.482417,0.054971,20648648.709198,564,564,786359,786359,0000000000000000,0
56,14.839709,4.189500,8.262041,15.941333,41.768417,0.054520,20648664.661906,564,564,786359,786359,0000000000000000,0
57,14.835333,4.477958,7.860417,16.082209,41.106042,0.138941,20648680.750823,564,564,786359,786359,0000000000000000,0
58,14.868875,4.375292,7.944708,15.772167,40.302792,0.053615,20648696.528823,564,564,786359,786359,0000000000000000,0
59,15.044750,3.878875,8.933750,16.539250,40.540209,0.053455,20648713.432948,564,564,786359,786359,0000000000000000,0
60,14.858375,3.597417,9.342667,16.951083,41.171958,0.055336,20648730.733739,564,564,786359,786359,0000000000000000,0
61,14.775542,3.506125,7.958417,16.175541,40.684000,0.057800,20648746.915114,564,564,786359,786359,0000000000000000,0
62,14.812292,3.789625,8.050292,16.584750,40.610209,0.055307,20648763.505698,564,564,786359,786359,0000000000000000,0
63,14.846417,5.810875,8.048833,16.678375,40.627417,0.055729,20648780.189906,564,564,786359,786359,0000000000000000,0
64,14.836791,5.620125,8.025500,17.202208,41.169333,0.054693,20648797.397656,564,564,786359,786359,0000000000000000,0
65,14.870333,4.099083,8.028708,16.674875,41.184208,0.054825,20648814.079531,564,564,786359,786359,0000000000000000,0
66,14.820458,6.834625,8.322417,16.391958,40.918208,0.055831,20648830.481406,564,564,786359,786359,0000000000000000,0
67,15.025208,6.227084,7.942667,16.569875,40.830125,0.053337,20648847.057698,564,564,786359,786359,0000000000000000,0
68,14.834750,7.588875,10.255875,15.958250,41.064917,0.054344,20648863.960656,564,564,786359,786359,0000000000000000,0
69,14.849041,4.182209,7.987000,16.327209,40.732125,0.054183,20648880.294573,564,564,786359,786359,0000000000000000,0
70,14.840000,4.209333,9.335083,16.357834,41.131125,0.055480,20648897.361448,564,564,786359,786359,0000000000000000,0
71,14.863917,4.089166,7.915833,16.321375,40.797167,0.053862,20648913.693031,564,564,786359,786359,0000000000000000,0
72,14.895125,9.943791,11.588208,16.110209,42.610750,0.054576,20648932.174198,564,564,786359,786359,0000000000000000,0
73,14.847000,6.629584,8.122042,16.156875,42.114917,0.054707,20648948.345073,564,564,786359,786359,0000000000000000,0
74,14.847875,4.739875,9.449125,16.371833,41.831416,0.054839,20648964.728864,564,564,786359,786359,0000000000000000,0
75,14.817542,5.788417,10.421250,16.263625,41.536542,0.054387,20648981.100406,564,564,786359,786359,0000000000000000,0
76,14.839125,5.082000,7.968041,16.237666,41.120041,0.055101,20648997.351489,564,564,786359,786359,0000000000000000,0
77,14.814333,5.506959,7.954625,16.537209,40.994042,0.054358,20649013.891323,564,564,786359,786359,0000000000000000,0
78,14.888125,3.522167,9.540708,16.163291,40.609333,0.054489,20649030.173614,564,564,786359,786359,0000000000000000,0
79,14.867416,3.913000,8.527750,16.509209,40.456500,0.054619,20649046.688073,564,564,786359,786359,0000000000000000,0
80,14.843209,3.782916,9.146666,16.860375,40.872417,0.054168,20649063.770406,564,564,786359,786359,0000000000000000,0
81,14.886958,4.030834,7.851375,16.602541,40.815541,0.054882,20649080.381114,564,564,786359,786359,0000000000000000,0
82,14.858958,6.222125,7.914375,16.371542,40.527958,0.055305,20649096.760531,564,564,786359,786359,0000000000000000,0
83,14.891042,3.339583,9.190417,16.288125,40.393209,0.054853,20649113.292198,564,564,786359,786359,0000000000000000,0
84,14.849041,5.328750,8.065750,17.504667,41.241958,0.054401,20649130.807656,564,564,786359,786359,0000000000000000,0
85,14.869167,6.946625,8.781500,16.406250,40.989959,0.055115,20649147.222948,564,564,786359,786359,0000000000000000,0
86,14.917292,5.719875,7.790708,16.010750,40.346833,0.053788,20649163.245364,564,564,786359,786359,0000000000000000,0
87,15.087625,8.539708,10.557458,16.503375,42.165958,0.053628,20649181.731489,564,564,786359,786359,0000000000000000,0
88,14.883458,4.038708,7.997792,15.861125,41.373500,0.054633,20649197.606906,564,564,786359,786359,0000000000000000,0
89,14.917000,4.297417,7.864500,16.030584,40.748167,0.055349,20649213.648865,564,564,786359,786359,0000000000000000,0
90,14.870334,4.288084,7.972708,17.483958,41.571250,0.054896,20649231.138656,564,564,786359,786359,0000000000000000,0
91,14.855750,6.545583,9.838500,16.197417,41.106917,0.056194,20649247.342198,564,564,786359,786359,0000000000000000,0
92,14.839417,3.831042,7.965708,16.755084,41.204042,0.054575,20649264.104865,564,564,786359,786359,0000000000000000,0
93,14.879084,5.977417,9.854250,16.295708,41.063750,0.054415,20649280.631281,564,564,786359,786359,0000000000000000,0
94,14.843208,5.994625,10.161667,17.001833,42.050458,0.054837,20649298.285281,564,564,786359,786359,0000000000000000,0
95,14.837958,5.674084,9.143167,16.109333,41.501833,0.054094,20649314.402781,564,564,786359,786359,0000000000000000,0
96,14.829208,5.106500,7.951125,16.367166,41.211333,0.053641,20649330.778406,564,564,786359,786359,0000000000000000,0
97,14.879959,5.740583,9.443875,15.973125,40.521834,0.054356,20649346.756490,564,564,786359,786359,0000000000000000,0
98,14.872667,3.406375,8.134000,16.312917,40.174167,0.053321,20649363.074948,564,564,786359,786359,0000000000000000,0
99,14.882875,3.894625,8.003916,16.308834,39.823000,0.054035,20649379.391365,564,564,786359,786359,0000000000000000,0
100,14.876458,3.850875,8.114458,16.556750,39.718000,0.055333,20649395.954240,564,564,786359,786359,29a111b6ccb56ac5,1
101,14.853708,3.735375,7.983500,16.789500,40.646083,0.053714,20649413.547573,564,564,786359,786359,0000000000000000,0
102,14.867125,4.480292,7.742875,16.486167,40.472250,0.054429,20649430.041323,564,564,786359,786359,0000000000000000,0
103,14.840875,3.570292,7.973292,17.101583,40.911500,0.056018,20649447.149031,564,564,786359,786359,0000000000000000,0
104,14.899209,5.465250,8.066041,16.115166,40.368125,0.054108,20649463.270906,564,564,786359,786359,0000000000000000,0
105,14.863917,3.551625,7.980000,16.548000,40.254083,0.055697,20649479.825031,564,564,786359,786359,0000000000000000,0
106,14.882000,9.440667,11.143125,16.217834,42.261917,0.054078,20649498.498115,564,564,786359,786359,0000000000000000,0
107,14.850209,4.729084,8.036875,16.245542,41.848042,0.054501,20649514.751823,564,564,786359,786359,0000000000000000,0
108,14.869750,4.256583,7.821916,16.049250,41.241666,0.054632,20649530.812156,564,564,786359,786359,0000000000000000,0
109,14.864500,6.611500,9.071708,16.663500,41.244000,0.054471,20649547.481198,564,564,786359,786359,0000000000000000,0
110,14.876750,4.981375,7.858958,16.476250,41.060833,0.054603,20649563.965031,564,564,786359,786359,0000000000000000,0
111,14.868584,10.206583,11.544458,15.917125,42.346500,0.055317,20649581.918281,564,564,786359,786359,0000000000000000,0
112,14.869750,4.559625,7.919917,16.052167,41.750042,0.054865,20649597.988240,564,564,786359,786359,0000000000000000,0
113,14.865375,4.475917,8.494208,16.102041,41.194708,0.054705,20649614.099906,564,564,786359,786359,0000000000000000,0
114,14.876458,9.342959,11.037542,15.901375,41.830541,0.054544,20649631.402156,564,564,786359,786359,0000000000000000,0
115,14.853417,4.471833,8.060208,16.014833,41.189458,0.053509,20649647.426906,564,564,786359,786359,0000000000000000,0
116,14.872958,3.923792,9.140250,16.432500,40.962541,0.054807,20649663.868156,564,564,786359,786359,0000000000000000,0
117,14.923417,4.214875,9.461667,16.856000,41.258000,0.054063,20649680.830031,564,564,786359,786359,0000000000000000,0
118,16.106709,4.979333,7.987875,16.410333,41.010667,0.054194,20649697.249698,564,564,786359,786359,0000000000000000,0
119,14.896000,4.439458,7.975333,16.912000,41.262666,0.055784,20649714.170156,564,564,786359,786359,0000000000000000,0
120,14.866542,6.732834,8.468833,16.659708,41.263250,0.054456,20649730.836281,564,564,786359,786359,0000000000000000,0
121,14.907667,8.691958,10.264625,16.112542,41.490459,0.054879,20649747.730490,564,564,786359,786359,0000000000000000,0
122,14.873542,7.434000,8.966125,16.494333,41.325375,0.054136,20649764.231531,564,564,786359,786359,0000000000000000,0
123,14.874417,5.009959,7.849917,16.387875,41.056167,0.054267,20649780.629323,564,564,786359,786359,0000000000000000,0
124,14.884042,5.297250,8.128458,16.181375,40.581042,0.054398,20649796.821198,564,564,786359,786359,0000000000000000,0
125,14.905625,4.417000,7.782833,15.964083,39.883958,0.054821,20649812.791698,564,564,786359,786359,0000000000000000,0
126,14.859250,7.805292,10.171000,15.935500,40.982375,0.056410,20649830.558281,564,564,786359,786359,0000000000000000,0
127,14.885208,4.067000,7.846125,16.986959,41.312250,0.054499,20649847.553115,564,564,786359,786359,0000000000000000,0
128,14.894250,3.699792,7.983792,16.690334,41.342292,0.054048,20649864.249865,564,564,786359,786359,0000000000000000,0
129,14.787500,5.268375,7.978833,16.678959,41.360667,0.055054,20649880.936115,564,564,786359,786359,0000000000000000,0
130,14.865083,3.856708,7.993709,16.377375,41.077750,0.055476,20649897.320198,564,564,786359,786359,0000000000000000,0
131,14.861875,4.091792,7.942958,16.262167,40.681958,0.053858,20649913.589948,564,564,786359,786359,0000000000000000,0
132,14.905917,9.814291,11.666667,16.001417,42.591792,0.055739,20649932.168240,564,564,786359,786359,0000000000000000,0
133,14.859541,9.714834,11.268542,15.955625,42.628833,0.054411,20649948.871115,564,564,786359,786359,0000000000000000,0
134,14.866542,3.607625,7.912625,16.000250,41.975792,0.054835,20649964.885365,564,564,786359,786359,0000000000000000,0
135,14.907958,4.069625,7.912334,16.299792,41.616167,0.054383,20649981.192157,564,564,786359,786359,0000000000000000,0
136,14.881708,4.024708,7.909417,16.251959,41.212792,0.054805,20649997.455782,564,564,786359,786359,0000000000000000,0
137,14.828625,3.715541,7.983500,16.300667,40.854333,0.054354,20650013.763740,564,564,786359,786359,0000000000000000,0
138,14.888708,3.645542,9.381459,16.782792,41.070167,0.054776,20650030.647157,564,564,786359,786359,0000000000000000,0
139,14.906209,5.702666,8.004208,16.536916,40.949125,0.054032,20650047.191948,564,564,786359,786359,0000000000000000,0
140,14.871791,4.054167,8.806292,16.452333,40.740291,0.053580,20650063.649823,564,564,786359,786359,0000000000000000,0
141,14.839125,4.099375,7.895416,16.175834,40.253500,0.056628,20650079.832657,564,564,786359,786359,0000000000000000,0
142,14.831833,4.087417,7.865084,17.026333,40.620708,0.055592,20650096.865698,564,564,786359,786359,0000000000000000,0
143,14.872667,4.851583,9.123333,16.577458,41.234375,0.054266,20650114.145198,564,564,786359,786359,0000000000000000,0
144,14.814042,3.812958,7.816958,16.496959,41.071334,0.054396,20650130.649157,564,564,786359,786359,0000000000000000,0
145,14.843792,4.129709,9.606625,16.510958,40.978000,0.055694,20650147.223698,564,564,786359,786359,0000000000000000,0
146,14.889000,6.524291,8.084417,16.620042,40.943875,0.053201,20650163.854240,564,564,786359,786359,0000000000000000,0
147,14.910292,6.452833,7.980291,16.590000,40.872417,0.054207,20650180.450657,564,564,786359,786359,0000000000000000,0
148,14.895125,10.013208,11.497209,15.904000,42.310625,0.054338,20650198.555573,564,564,786359,786359,0000000000000000,0
149,14.848167,6.572708,9.100291,16.422292,42.078750,0.054469,20650214.990990,564,564,786359,786359,0000000000000000,0
150,14.952292,4.193000,8.136041,15.990916,41.414333,0.054600,20650230.993573,564,564,786359,786359,0000000000000000,0
151,14.910292,7.902708,10.746750,15.966125,42.201542,0.059981,20650248.452740,564,564,786359,786359,0000000000000000,0
152,14.964542,8.012666,10.904833,15.857041,42.121333,0.056905,20650265.036323,564,564,786359,786359,0000000000000000,0
153,14.914667,5.378333,8.818541,17.430584,42.896292,0.053244,20650282.474782,564,564,786359,786359,0000000000000000,0
154,15.153833,13.394209,11.109292,15.894375,42.167708,0.053666,20650298.413490,564,564,786359,786359,0000000000000000,0
155,14.829792,4.323375,7.748125,15.986833,41.495125,0.053506,20650314.407615,564,564,786359,786359,0000000000000000,0
156,14.839417,4.672500,8.661625,16.073459,40.907417,0.054512,20650330.487782,564,564,786359,786359,0000000000000000,0
157,14.858083,3.798666,7.930709,16.594959,40.842667,0.054643,20650347.090032,564,564,786359,786359,0000000000000000,0
158,14.883750,5.657750,7.951125,16.585917,40.767417,0.054483,20650363.681490,564,564,786359,786359,0000000000000000,0
159,14.865375,4.165000,7.819583,16.106417,40.214417,0.054031,20650379.794907,564,564,786359,786359,0000000000000000,0
160,14.877625,3.884708,7.911167,16.978500,40.533208,0.055037,20650396.781573,564,564,786359,786359,0000000000000000,0
161,14.889291,4.701666,8.925584,16.156584,40.031250,0.054877,20650412.946032,564,564,786359,786359,0000000000000000,0
162,14.869459,3.583417,8.680583,16.465750,40.034750,0.055008,20650429.616823,564,564,786359,786359,0000000000000000,0
163,14.836792,4.944917,8.192042,16.734958,40.112625,0.054555,20650446.360823,564,564,786359,786359,0000000000000000,0
164,14.817541,5.497333,8.384542,16.656209,40.111750,0.054395,20650463.026657,564,564,786359,786359,0000000000000000,0
165,14.840292,3.424166,8.841875,16.400417,40.104167,0.054818,20650479.686657,564,564,786359,786359,0000000000000000,0
166,14.871208,3.723417,8.856459,17.455667,41.208125,0.054074,20650497.456740,564,564,786359,786359,0000000000000000,0
167,14.880250,3.502916,7.907375,16.671375,41.220375,0.054789,20650514.136573,564,564,786359,786359,0000000000000000,0
168,14.847000,6.404125,8.008292,16.498708,41.064917,0.054045,20650530.647240,564,564,786359,786359,0000000000000000,0
169,14.882000,4.221292,7.863917,16.214042,40.619834,0.053592,20650546.868282,564,564,786359,786359,0000000000000000,0
170,14.854000,3.803333,8.606500,17.206292,41.162917,0.055474,20650564.080407,564,564,786359,786359,0000000000000000,0
171,14.884916,3.922042,8.029292,16.564334,41.069000,0.054147,20650580.652032,564,564,786359,786359,0000000000000000,0
172,14.896000,3.980959,7.945583,16.281709,40.690125,0.056028,20650596.941907,564,564,786359,786359,0000000000000000,0
173,14.846416,9.884583,11.458125,16.038458,42.360208,0.053534,20650615.276365,564,564,786359,786359,0000000000000000,0
174,14.877917,4.989542,8.108625,16.058584,41.764917,0.054540,20650631.348949,564,564,786359,786359,0000000000000000,0
175,14.864791,4.106084,7.954042,16.141416,41.250416,0.054379,20650647.500865,564,564,786359,786359,0000000000000000,0
176,14.880542,9.468666,10.865166,16.012500,41.771333,0.054803,20650664.689365,564,564,786359,786359,0000000000000000,0
177,14.872375,5.685166,8.223541,16.101459,41.218625,0.054350,20650680.803074,564,564,786359,786359,0000000000000000,0
178,14.851667,3.898417,8.789083,16.349084,40.907709,0.054773,20650697.159449,564,564,786359,786359,0000000000000000,0
179,14.873834,4.012167,9.346458,16.342083,40.590667,0.054030,20650713.508532,564,564,786359,786359,0000000000000000,0
180,14.877917,4.301209,9.171750,17.224084,41.293584,0.054161,20650730.878449,564,564,786359,786359,0000000000000000,0
181,14.905917,3.753458,7.982041,16.157458,40.790750,0.054583,20650747.042907,564,564,786359,786359,0000000000000000,0
182,14.839417,4.374125,7.896000,16.003750,40.134209,0.055590,20650763.053949,564,564,786359,786359,0000000000000000,0
183,14.919625,3.603833,7.920500,16.192167,39.666667,0.056013,20650779.253699,564,564,786359,786359,0000000000000000,0
184,14.895708,6.641542,8.142167,18.322209,41.365042,0.054393,20650797.617324,564,564,786359,786359,0000000000000000,0
185,14.883167,3.618708,8.064000,16.446792,41.151542,0.055109,20650814.071699,564,564,786359,786359,0000000000000000,0
186,14.796541,7.171792,8.803084,16.321958,40.813208,0.054656,20650830.399782,564,564,786359,786359,0000000000000000,0
187,14.928958,3.675000,8.127875,16.986084,41.139292,0.054495,20650847.392574,564,564,786359,786359,0000000000000000,0
188,14.876750,3.925833,9.284625,16.294541,40.772666,0.054335,20650863.692365,564,564,786359,786359,0000000000000000,0
189,14.914958,4.342625,8.955333,16.861834,40.971875,0.055050,20650880.559449,564,564,786359,786359,0000000000000000,0
190,14.890166,3.910083,9.396917,17.170708,41.477041,0.055180,20650897.731615,564,564,786359,786359,0000000000000000,0
191,14.907375,6.496292,9.857750,15.999958,40.818458,0.055021,20650913.739740,564,564,786359,786359,0000000000000000,0
192,15.209833,3.659833,8.020542,16.617125,40.771208,0.058651,20650930.362990,564,564,786359,786359,0000000000000000,0
193,14.908542,5.795125,7.920791,16.814000,40.927833,0.055574,20650947.183115,564,564,786359,786359,0000000000000000,0
194,14.911458,6.173125,7.947042,15.880375,40.149083,0.054831,20650963.070782,564,564,786359,786359,0000000000000000,0
195,14.878791,7.673167,10.224375,16.059167,41.180708,0.055837,20650980.770282,564,564,786359,786359,0000000000000000,0
196,14.906792,6.360375,8.012666,16.036708,40.558875,0.054218,20650996.813407,564,564,786359,786359,0000000000000000,0
197,15.078000,4.615042,9.007250,16.175833,40.776458,0.053183,20651013.697115,564,564,786359,786359,0000000000000000,0
198,14.869459,9.297166,11.361875,16.110500,42.361667,0.055064,20651031.950782,564,564,786359,786359,0000000000000000,0
199,14.891625,3.977459,9.940000,16.587084,42.296334,0.053153,20651048.550699,564,564,786359,786359,0000000000000000,0
200,14.990209,6.532750,9.453208,16.118375,41.753834,0.054451,20651064.676074,564,564,786359,786359,29a111b6ccb56ac5,1
201,14.848750,6.291833,8.070708,16.005209,41.868167,0.053124,20651081.455949,564,564,786359,786359,0000000000000000,0
202,14.884334,5.689541,7.792458,16.024167,41.239042,0.054713,20651097.495282,564,564,786359,786359,0000000000000000,0
203,14.875291,3.916792,9.751584,15.969917,41.255958,0.054553,20651114.178907,564,564,786359,786359,0000000000000000,0
204,14.875875,7.588292,10.289709,16.065583,41.248375,0.052934,20651130.836865,564,564,786359,786359,0000000000000000,0
205,14.919916,5.203334,8.108042,16.201208,40.790166,0.054523,20651147.047115,564,564,786359,786359,0000000000000000,0
206,14.896583,3.506709,8.914208,16.616250,40.745250,0.054655,20651163.669199,564,564,786359,786359,0000000000000000,0
207,14.884625,4.030250,8.991500,16.300667,40.385334,0.055369,20651179.976574,564,564,786359,786359,0000000000000000,0
208,14.849625,3.920583,8.763709,16.131791,39.859750,0.055500,20651196.117990,564,564,786359,786359,0000000000000000,0
209,14.882292,4.996542,8.500625,17.117333,40.522708,0.053882,20651213.446490,564,564,786359,786359,0000000000000000,0
210,14.875292,4.456667,7.867125,16.817208,40.679917,0.054596,20651230.271282,564,564,786359,786359,0000000000000000,0
211,14.872375,5.850834,7.977375,16.289583,40.313292,0.054727,20651246.571657,564,564,786359,786359,0000000000000000,0
212,14.893375,3.865750,8.282459,16.590583,40.238917,0.055150,20651263.164282,564,564,786359,786359,0000000000000000,0
213,14.919334,3.953542,8.928791,16.064417,39.936167,0.054406,20651279.527657,564,564,786359,786359,0000000000000000,0
214,14.913500,5.257875,8.543209,16.399833,39.878125,0.054245,20651296.136615,564,564,786359,786359,0000000000000000,0
215,14.934209,4.251625,7.933333,17.706792,40.927251,0.054377,20651313.852741,564,564,786359,786359,0000000000000000,0
216,14.917876,5.210334,8.900500,18.027334,42.289626,0.059758,20651331.887366,564,564,786359,786359,0000000000000000,0
217,14.908542,8.986250,10.689291,16.079000,41.709792,0.055514,20651347.969866,564,564,786359,786359,0000000000000000,0
218,14.876750,7.794500,10.544916,15.783541,41.577666,0.055938,20651364.505032,564,564,786359,786359,0000000000000000,0
219,14.894833,4.256584,7.900667,16.763833,41.686458,0.054902,20651381.279949,564,564,786359,786359,0000000000000000,0
220,14.867708,6.018250,10.557459,16.054500,41.521667,0.055033,20651397.781866,564,564,786359,786359,0000000000000000,0
221,14.873250,4.072250,8.249500,16.197416,41.059083,0.054873,20651413.986282,564,564,786359,786359,0000000000000000,0
222,14.890750,3.974250,8.689625,16.219875,40.618375,0.054712,20651430.211991,564,564,786359,786359,0000000000000000,0
223,14.902708,3.999333,9.220167,16.291625,40.960208,0.054259,20651447.220532,564,564,786359,786359,0000000000000000,0
224,14.878500,3.901916,8.857333,16.528750,40.827792,0.055266,20651463.755991,564,564,786359,786359,0000000000000000,0
225,14.893667,5.395541,8.087625,16.594666,40.767708,0.054522,20651480.362032,564,564,786359,786359,0000000000000000,0
226,14.907667,4.218667,8.477583,16.440666,40.548375,0.054653,20651496.809407,564,564,786359,786359,0000000000000000,0
227,14.869750,4.650625,8.211584,16.192458,40.083750,0.055368,20651513.012657,564,564,786359,786359,0000000000000000,0
228,14.901542,4.137584,7.773500,16.164458,39.590250,0.054916,20651529.185574,564,564,786359,786359,0000000000000000,0
229,14.894541,8.124084,10.576417,16.033500,41.521083,0.053880,20651547.781949,564,564,786359,786359,0000000000000000,0
230,14.883750,4.028208,8.555750,16.303875,41.166417,0.054303,20651564.094866,564,564,786359,786359,0000000000000000,0
231,14.872958,6.158833,7.869750,16.274708,40.735625,0.099350,20651580.375699,564,564,786359,786359,0000000000000000,0
232,14.887542,6.693750,8.406417,16.014542,40.135084,0.054273,20651596.397241,564,564,786359,786359,0000000000000000,0
233,15.026958,7.856625,10.624542,15.963208,41.631333,0.053822,20651614.559907,564,564,786359,786359,0000000000000000,0
234,14.856042,5.191667,7.938583,16.083375,41.059084,0.053661,20651630.654366,564,564,786359,786359,0000000000000000,0
235,14.890750,4.576542,7.841166,16.377375,40.777041,0.054375,20651647.039907,564,564,786359,786359,0000000000000000,0
236,14.884334,3.666250,7.954916,16.954583,41.072792,0.053924,20651664.002074,564,564,786359,786359,0000000000000000,0
237,14.899500,4.115125,7.830084,16.320500,40.736792,0.054055,20651680.333074,564,564,786359,786359,0000000000000000,0
238,14.891625,9.838500,11.155084,16.068792,42.130667,0.055352,20651698.394824,564,564,786359,786359,0000000000000000,0
239,14.870042,3.524500,9.214042,16.206458,41.680042,0.054317,20651714.610324,564,564,786359,786359,0000000000000000,0
240,14.880250,4.232375,7.988166,16.418792,41.446708,0.054448,20651731.043699,564,564,786359,786359,0000000000000000,0
241,14.860125,4.142542,7.935958,16.253709,41.040417,0.055162,20651747.304991,564,564,786359,786359,0000000000000000,0
242,14.855750,3.450416,8.135458,16.856000,41.236417,0.054128,20651764.167116,564,564,786359,786359,0000000000000000,0
243,14.915833,4.186000,9.119250,16.187500,40.762458,0.054842,20651780.360449,564,564,786359,786359,0000000000000000,0
244,14.879083,4.960667,9.384084,16.534875,40.814667,0.056431,20651797.081116,564,564,786359,786359,0000000000000000,0
245,16.103500,3.739750,8.020542,17.152917,41.319834,0.055396,20651814.252116,564,564,786359,786359,0000000000000000,0
246,14.858083,3.175375,8.033084,16.554417,41.214250,0.055819,20651830.813824,564,564,786359,786359,0000000000000000,0
247,14.884917,6.635708,7.843791,16.029125,40.590375,0.053908,20651846.855199,564,564,786359,786359,0000000000000000,0
248,14.946458,4.102875,7.876459,16.409750,40.339833,0.054040,20651863.271657,564,564,786359,786359,0000000000000000,0
249,14.872083,9.565792,11.478833,16.124208,42.492916,0.055337,20651882.092907,564,564,786359,786359,0000000000000000,0
250,14.862458,3.817333,8.052042,15.962916,41.803416,0.055468,20651898.070407,564,564,786359,786359,0000000000000000,0
251,14.862459,4.273208,7.968333,17.110917,42.259292,0.054141,20651915.191824,564,564,786359,786359,0000000000000000,0
252,14.879375,6.497750,9.511250,16.130333,41.729041,0.054272,20651931.328282,564,564,786359,786359,0000000000000000,0
253,14.858083,4.654417,7.990792,16.039042,41.111583,0.053237,20651947.376949,564,564,786359,786359,0000000000000000,0
254,14.889875,3.369041,8.139833,16.330125,40.781416,0.054243,20651963.714657,564,564,786359,786359,0000000000000000,0
255,14.911166,3.723708,8.080625,16.655333,40.776166,0.054374,20651980.376407,564,564,786359,786359,0000000000000000,0
256,14.869458,6.553459,8.370250,16.559375,40.675833,0.054505,20651996.943074,564,564,786359,786359,0000000000000000,0
257,14.907375,4.421083,7.866833,16.115751,40.131584,0.054345,20652013.065533,564,564,786359,786359,0000000000000000,0
258,14.854292,6.565416,8.922083,16.657958,40.450375,0.055351,20652030.052199,564,564,786359,786359,0000000000000000,0
259,14.922834,3.709708,7.988458,16.597875,40.394667,0.054024,20652046.661741,564,564,786359,786359,0000000000000000,0
260,14.890750,3.851750,7.840875,17.140959,40.877667,0.054155,20652063.812033,564,564,786359,786359,0000000000000000,0
261,14.893375,4.223917,8.003334,16.132958,40.349750,0.054870,20652079.951699,564,564,786359,786359,0000000000000000,0
262,14.909708,3.982417,7.877042,17.219417,40.910042,0.055584,20652097.179283,564,564,786359,786359,0000000000000000,0
263,14.883750,6.521375,9.345875,16.622666,40.868333,0.054549,20652113.803699,564,564,786359,786359,0000000000000000,0
264,14.879958,5.459416,8.132834,16.224542,40.437542,0.054972,20652130.039908,564,564,786359,786359,0000000000000000,0
265,14.903583,9.674291,11.498375,15.963500,42.383250,0.054227,20652148.652033,564,564,786359,786359,0000000000000000,0
266,14.915250,4.135250,8.018500,16.134416,41.856208,0.054943,20652164.792574,564,564,786359,786359,0000000000000000,0
267,14.886375,4.530750,8.019375,16.216667,41.417833,0.054490,20652181.020616,564,564,786359,786359,0000000000000000,0
268,14.923125,5.641125,8.605917,15.970209,40.734167,0.054329,20652197.003658,564,564,786359,786359,0000000000000000,0
269,15.072750,4.064667,9.168250,16.014833,40.276541,0.053003,20652213.211574,564,564,786359,786359,0000000000000000,0
270,14.876458,4.206708,8.028417,16.253125,39.867625,0.054300,20652229.470533,564,564,786359,786359,0000000000000000,0
271,14.884042,3.609958,7.928958,17.788459,40.995792,0.055598,20652247.267158,564,564,786359,786359,0000000000000000,0
272,14.907666,5.082292,9.491417,17.185583,41.612083,0.054563,20652264.548991,564,564,786359,786359,0000000000000000,0
273,14.854584,7.529959,10.137750,16.122458,41.145125,0.053819,20652280.748449,564,564,786359,786359,0000000000000000,0
274,14.869750,4.161500,7.835917,16.491708,40.975667,0.054241,20652297.245991,564,564,786359,786359,0000000000000000,0
275,14.907083,5.677875,8.144792,16.837042,41.155625,0.053790,20652314.092658,564,564,786359,786359,0000000000000000,0
276,14.949083,4.386667,9.095917,16.726792,41.220375,0.054504,20652330.824991,564,564,786359,786359,0000000000000000,0
277,14.901542,5.405750,9.736708,17.014375,41.681792,0.054927,20652347.953408,564,564,786359,786359,0000000000000000,0
278,14.876750,5.829833,10.285917,16.018333,41.216292,0.054475,20652364.154616,564,564,786359,786359,0000000000000000,0
279,14.918750,4.092375,8.026666,15.800750,40.358791,0.054314,20652379.963824,564,564,786359,786359,0000000000000000,0
280,15.083250,3.939250,8.914792,15.798417,40.216750,0.055028,20652396.489366,564,564,786359,786359,0000000000000000,0
281,14.984958,7.852541,10.656042,16.091250,41.751792,0.054577,20652414.690533,564,564,786359,786359,0000000000000000,0
282,14.934209,4.252208,7.919916,16.037584,41.129959,0.055291,20652430.736283,564,564,786359,786359,0000000000000000,0
283,14.933917,4.360708,7.982917,16.016875,40.486834,0.054255,20652446.759283,564,564,786359,786359,0000000000000000,0
284,14.914959,3.704458,8.002750,16.100292,39.926542,0.054387,20652462.865991,564,564,786359,786359,0000000000000000,0
285,14.897166,4.538625,8.710625,15.998792,39.977583,0.054226,20652479.583741,564,564,786359,786359,0000000000000000,0
286,14.846709,4.069334,7.888125,16.868833,40.180875,0.054940,20652496.454324,564,564,786359,786359,0000000000000000,0
287,14.861875,5.307166,8.040083,17.140083,40.663291,0.053614,20652513.602574,564,564,786359,786359,0000000000000000,0
288,14.842917,3.706500,8.079750,16.175541,40.177958,0.054620,20652529.784824,564,564,786359,786359,0000000000000000,0
289,14.837375,4.070792,7.972125,16.327208,39.846333,0.054459,20652546.120199,564,564,786359,786359,0000000000000000,0
290,14.877917,4.362167,7.895125,17.050833,40.237167,0.056049,20652563.179491,564,564,786359,786359,0000000000000000,0
291,14.845541,5.628000,7.845834,16.051584,39.629625,0.054430,20652579.236908,564,564,786359,786359,0000000000000000,0
292,14.899208,6.438834,8.085292,16.146083,39.828541,0.055436,20652596.103699,564,564,786359,786359,0000000000000000,0
293,14.889292,5.372500,8.001583,16.123917,39.294209,0.054693,20652612.235783,564,564,786359,786359,0000000000000000,0
294,14.850792,5.494125,8.034833,16.318458,39.710417,0.054824,20652629.318991,564,564,786359,786359,0000000000000000,0
295,14.844375,4.687375,7.826583,16.038458,39.094416,0.054079,20652645.368824,564,564,786359,786359,0000000000000000,0
296,14.821042,5.317667,7.911750,16.027375,39.330084,0.054503,20652662.271783,564,564,786359,786359,0000000000000000,0
297,14.827750,5.428208,7.877333,17.084667,39.794708,0.054050,20652679.403116,564,564,786359,786359,0000000000000000,0
298,14.908834,4.128250,7.964541,16.829750,39.963875,0.054473,20652696.239574,564,564,786359,786359,0000000000000000,0
299,14.890750,5.284417,7.890750,16.095917,39.401833,0.054605,20652712.344241,564,564,786359,786359,0000000000000000,0
300,14.881125,5.532625,8.190875,16.753333,40.264000,0.054444,20652729.873116,564,564,786359,786359,29a111b6ccb56ac5,1
301,14.866250,4.388417,8.497417,16.120708,40.506958,0.054867,20652746.783366,564,564,786359,786359,0000000000000000,0
302,14.860709,8.908375,10.595666,15.974000,41.449334,0.054415,20652764.392450,564,564,786359,786359,0000000000000000,0
303,14.872083,7.273291,10.421834,15.918292,41.228250,0.055129,20652780.838658,564,564,786359,786359,0000000000000000,0
304,14.833583,4.030250,7.880542,16.453500,41.021750,0.054385,20652797.298575,564,564,786359,786359,0000000000000000,0
305,14.879667,3.678792,7.940042,16.387292,40.750209,0.054225,20652813.693450,564,564,786359,786359,0000000000000000,0
306,14.898625,3.794583,7.937708,16.133542,40.224333,0.053773,20652829.834283,564,564,786359,786359,0000000000000000,0
307,14.910584,4.027333,8.909541,16.609833,40.900125,0.054195,20652847.177366,564,564,786359,786359,0000000000000000,0
308,14.870625,6.502125,8.064875,16.408875,40.654542,0.053452,20652863.597908,564,564,786359,786359,0000000000000000,0
309,14.905333,6.107791,7.930125,15.963500,39.960958,0.053291,20652879.571033,564,564,786359,786359,0000000000000000,0
310,14.931291,7.595875,9.887792,16.039916,40.875041,0.054589,20652897.152991,564,564,786359,786359,0000000000000000,0
311,14.881709,3.895500,7.810250,16.904125,41.119750,0.053846,20652914.064116,564,564,786359,786359,0000000000000000,0
312,14.920500,4.225958,9.033500,16.418209,40.875917,0.054560,20652930.487575,564,564,786359,786359,0000000000000000,0
313,14.891333,4.024125,7.906209,16.159791,40.373958,0.055274,20652946.653491,564,564,786359,786359,0000000000000000,0
314,14.846125,4.327167,7.812292,16.046333,39.759708,0.055698,20652962.706241,564,564,786359,786359,0000000000000000,0
315,14.931291,6.106041,7.959584,16.951083,40.052541,0.056120,20652979.666366,564,564,786359,786359,0000000000000000,0
316,14.891625,5.015792,8.024917,16.206458,39.604250,0.054501,20652995.883616,564,564,786359,786359,0000000000000000,0
317,14.864208,3.416875,8.058459,17.066875,40.007625,0.053466,20653012.952533,564,564,786359,786359,0000000000000000,0
318,14.921375,4.957167,8.383959,16.098834,39.447334,0.053889,20653029.059825,564,564,786359,786359,0000000000000000,0
319,14.851375,6.102833,7.829791,16.137917,38.928458,0.054019,20653045.207658,564,564,786359,786359,0000000000000000,0
320,14.873833,4.201750,7.947625,16.529042,39.775458,0.054735,20653062.722533,564,564,786359,786359,0000000000000000,0
321,14.820458,6.119459,8.096083,16.878750,39.993625,0.054282,20653079.606825,564,564,786359,786359,0000000000000000,0
322,14.898625,4.687375,7.888708,17.374875,40.703541,0.054413,20653096.983741,564,564,786359,786359,0000000000000000,0
323,14.872667,5.654250,9.146375,16.469833,40.507833,0.054837,20653113.455616,564,564,786359,786359,0000000000000000,0
324,14.870916,4.731417,8.635667,18.132917,41.983083,0.054384,20653131.597283,564,564,786359,786359,0000000000000000,0
325,14.863334,5.763334,9.227458,19.907125,45.235167,0.055390,20653151.516658,564,564,786359,786359,0000000000000000,0
326,14.879375,3.796916,8.050875,16.028250,44.607792,0.055230,20653167.556575,564,564,786359,786359,0000000000000000,0
327,14.943250,6.322750,8.446375,15.946292,43.900792,0.054778,20653183.515700,564,564,786359,786359,0000000000000000,0
328,14.885208,3.793709,7.935375,15.918000,43.165500,0.054033,20653199.446825,564,564,786359,786359,0000000000000000,0
329,14.936250,3.915041,7.891625,15.977208,42.489125,0.054165,20653215.437158,564,564,786359,786359,0000000000000000,0
330,14.955792,3.940709,8.024917,16.112834,41.951584,0.053713,20653231.566325,564,564,786359,786359,0000000000000000,0
331,14.869166,3.986209,7.956667,16.015417,41.308458,0.054719,20653247.590783,564,564,786359,786359,0000000000000000,0
332,14.889291,5.677583,7.942959,16.753042,41.401500,0.054559,20653264.350825,564,564,786359,786359,0000000000000000,0
333,14.935375,4.259792,7.837375,15.992667,40.737084,0.054106,20653280.352825,564,564,786359,786359,0000000000000000,0
334,15.012083,3.665375,8.013542,16.140250,40.216750,0.054237,20653296.499200,564,564,786359,786359,0000000000000000,0
335,14.951708,3.808000,8.886500,16.872625,40.732125,0.054077,20653313.681575,564,564,786359,786359,0000000000000000,0
336,14.924875,4.448500,7.840292,16.172333,40.244750,0.055375,20653329.862366,564,564,786359,786359,0000000000000000,0
337,14.906208,4.127375,8.055250,15.947459,39.533667,0.054922,20653345.817700,564,564,786359,786359,0000000000000000,0
338,14.890750,5.730375,7.921083,17.040042,39.908458,0.055346,20653362.859783,564,564,786359,786359,0000000000000000,0
339,14.877625,5.101250,7.913500,16.025917,39.279042,0.055185,20653378.897075,564,564,786359,786359,0000000000000000,0
340,14.873541,5.569958,7.954917,16.151917,39.602208,0.053858,20653395.885783,564,564,786359,786359,0000000000000000,0
341,14.873250,3.917083,7.849042,17.181209,40.121959,0.054573,20653413.073117,564,564,786359,786359,0000000000000000,0
342,14.925458,9.475958,11.662292,16.012792,42.619500,0.054412,20653432.237075,564,564,786359,786359,0000000000000000,0
343,14.919916,4.658208,7.836500,16.778125,42.744041,0.056584,20653449.030658,564,564,786359,786359,0000000000000000,0
344,14.898917,5.114375,8.597458,15.835750,41.815667,0.168132,20653464.880700,564,564,786359,786359,0000000000000000,0
345,14.923417,5.305708,7.970666,15.933458,41.207250,0.053931,20653480.824950,564,564,786359,786359,0000000000000000,0
346,14.973292,4.549417,7.927791,16.626166,41.174583,0.055520,20653497.461033,564,564,786359,786359,0000000000000000,0
347,14.923125,3.404917,7.951417,16.124208,40.639375,0.055068,20653513.591950,564,564,786359,786359,0000000000000000,0
348,14.914667,8.719958,10.197833,16.267417,41.396250,0.055199,20653531.015825,564,564,786359,786359,0000000000000000,0
349,14.908250,3.533542,7.937125,15.997625,40.734167,0.055622,20653547.021325,564,564,786359,786359,0000000000000000,0
350,14.865083,3.932250,9.324292,16.032916,40.240083,0.054295,20653563.192783,564,564,786359,786359,0000000000000000,0
351,14.888125,3.469083,8.049417,16.668750,40.251459,0.055009,20653579.871742,564,564,786359,786359,0000000000000000,0
352,14.925167,4.212541,8.871625,16.523209,40.343042,0.053682,20653596.628867,564,564,786359,786359,0000000000000000,0
353,14.879958,3.836583,7.798583,17.079708,40.762166,0.054105,20653613.715283,564,564,786359,786359,0000000000000000,0
354,14.903000,4.088291,7.999250,17.004750,41.106334,0.053944,20653630.725867,564,564,786359,786359,0000000000000000,0
355,14.895125,10.132791,11.507708,16.007833,42.428750,0.055825,20653648.717325,564,564,786359,786359,0000000000000000,0
356,14.895125,4.582083,9.310875,16.288416,42.061250,0.054790,20653665.015658,564,564,786359,786359,0000000000000000,0
357,14.847292,4.682125,8.027542,16.267709,41.673334,0.054046,20653681.293867,564,564,786359,786359,0000000000000000,0
358,14.875584,4.130000,8.010625,16.430458,41.450500,0.054177,20653697.738033,564,564,786359,786359,0000000000000000,0
359,14.889584,4.272916,7.891041,16.172916,40.964875,0.054601,20653713.919408,564,564,786359,786359,0000000000000000,0
360,14.916416,10.059292,11.686209,16.008125,42.627375,0.054440,20653732.248617,564,564,786359,786359,0000000000000000,0
361,14.910583,5.224917,8.071000,16.111375,42.084875,0.053987,20653748.372825,564,564,786359,786359,0000000000000000,0
362,14.911166,4.148958,7.958125,16.121875,41.552000,0.054411,20653764.507242,564,564,786359,786359,0000000000000000,0
363,14.911459,4.232667,7.915833,16.422000,41.315750,0.055125,20653780.938283,564,564,786359,786359,0000000000000000,0
364,14.920791,6.836958,8.303750,16.256333,40.912083,0.054673,20653797.201325,564,564,786359,786359,0000000000000000,0
365,14.950542,3.903667,9.046333,16.165625,40.416834,0.054221,20653813.372492,564,564,786359,786359,0000000000000000,0
366,14.893375,4.243750,7.809667,16.988125,40.754875,0.054352,20653830.377533,564,564,786359,786359,0000000000000000,0
367,14.926625,6.213375,9.146375,15.975459,40.064792,0.055066,20653846.354742,564,564,786359,786359,0000000000000000,0
368,14.830958,3.899292,7.997500,16.863583,40.267791,0.054615,20653863.224158,564,564,786359,786359,0000000000000000,0
369,14.944125,4.470083,7.980291,17.169833,40.779958,0.053579,20653880.402450,564,564,786359,786359,0000000000000000,0
370,14.908542,4.073125,8.446958,16.256625,40.376583,0.054293,20653896.666658,564,564,786359,786359,0000000000000000,0
371,14.897167,4.364791,8.540291,16.189542,39.901750,0.054425,20653912.858825,564,564,786359,786359,0000000000000000,0
372,14.927500,4.730834,8.479334,16.173792,39.601334,0.053389,20653929.224242,564,564,786359,786359,0000000000000000,0
373,14.919625,5.967208,8.053208,16.037292,39.014792,0.055562,20653945.306742,564,564,786359,786359,0000000000000000,0
374,16.150459,6.115084,9.351708,16.099125,41.622292,0.054527,20653964.580075,564,564,786359,786359,0000000000000000,0
375,14.847000,3.605000,8.330875,16.328375,41.286000,0.054949,20653980.910783,564,564,786359,786359,0000000000000000,0
376,14.928375,5.712875,10.054917,16.952250,41.974042,0.054205,20653998.264950,564,564,786359,786359,0000000000000000,0
377,14.925167,5.887875,10.443125,16.169708,41.569208,0.054337,20654014.527408,564,564,786359,786359,0000000000000000,0
378,14.873250,5.027459,10.219125,16.422583,41.555500,0.054468,20654031.180408,564,564,786359,786359,0000000000000000,0
379,14.874709,5.139750,8.066625,16.326917,41.222709,0.054599,20654047.514617,564,564,786359,786359,0000000000000000,0
380,14.896875,5.387375,8.033667,16.473625,41.038667,0.053564,20654063.996700,564,564,786359,786359,0000000000000000,0
381,14.927500,3.867209,7.916417,16.868833,41.246042,0.054570,20654080.871950,564,564,786359,786359,0000000000000000,0
382,14.937416,3.912708,9.085125,16.242334,40.827500,0.054409,20654097.120117,564,564,786359,786359,0000000000000000,0
383,14.926917,4.154500,7.876458,16.658250,40.824292,0.055999,20654113.785367,564,564,786359,786359,0000000000000000,0
384,14.914376,5.840917,7.931291,16.137042,40.307751,0.054963,20654129.934659,564,564,786359,786359,0000000000000000,0
385,14.918459,8.389500,11.032291,15.874833,41.842792,0.054802,20654148.136117,564,564,786359,786359,0000000000000000,0
386,14.903583,4.319875,8.959125,16.158917,41.341125,0.054351,20654164.300867,564,564,786359,786359,0000000000000000,0
387,14.919042,9.368041,11.049208,16.118666,42.104125,0.054773,20654181.731450,564,564,786359,786359,0000000000000000,0
388,14.892500,5.292875,7.961625,15.998792,41.451959,0.054029,20654197.745409,564,564,786359,786359,0000000000000000,0
389,14.914084,4.293334,7.914375,16.389625,41.186542,0.054161,20654214.146992,564,564,786359,786359,0000000000000000,0
390,14.887250,4.075750,7.931583,16.355209,40.886125,0.054000,20654230.513284,564,564,786359,786359,0000000000000000,0
391,14.892500,3.611125,9.429000,16.151917,40.491500,0.054131,20654246.785659,564,564,786359,786359,0000000000000000,0
392,14.941791,4.104625,7.845250,17.160208,40.991416,0.054263,20654263.952575,564,564,786359,786359,0000000000000000,0
393,14.938875,5.087250,8.949500,16.663208,40.993166,0.054394,20654280.621325,564,564,786359,786359,0000000000000000,0
394,14.889000,3.739166,8.696041,16.573083,40.903333,0.055691,20654297.199367,564,564,786359,786359,0000000000000000,0
395,14.865083,9.984625,10.902792,16.081917,41.868750,0.055240,20654314.831492,564,564,786359,786359,0000000000000000,0
396,14.898625,4.967083,7.933917,16.028833,41.239625,0.054787,20654330.868492,564,564,786359,786359,0000000000000000,0
397,14.910875,3.373708,9.223083,16.388750,40.968958,0.054335,20654347.264242,564,564,786359,786359,0000000000000000,0
398,14.923417,3.695417,9.356958,16.015125,40.324667,0.054467,20654363.287242,564,564,786359,786359,0000000000000000,0
399,14.940042,3.788459,8.040667,16.888959,40.553334,0.053723,20654380.182034,564,564,786359,786359,0000000000000000,0
400,14.886958,3.634458,8.101042,16.876416,40.770333,0.054437,20654397.066325,564,564,786359,786359,29a111b6ccb56ac5,1
401,14.844084,6.619083,8.385708,15.974000,40.858417,0.054860,20654413.821992,564,564,786359,786359,0000000000000000,0
402,14.845250,3.729833,7.973000,17.051708,41.251583,0.053533,20654430.880700,564,564,786359,786359,0000000000000000,0
403,14.904750,3.554250,7.894250,16.274125,40.865417,0.054539,20654447.162409,564,564,786359,786359,0000000000000000,0
404,14.812000,4.145167,8.015875,16.751000,40.957292,0.053796,20654463.920409,564,564,786359,786359,0000000000000000,0
405,14.929834,4.267666,7.825416,16.996875,41.295625,0.053635,20654480.925450,564,564,786359,786359,0000000000000000,0
406,14.917291,12.210333,7.948209,16.036125,40.667375,0.054349,20654496.964784,564,564,786359,786359,0000000000000000,0
407,15.209250,8.705667,10.934291,15.904875,42.065625,0.054481,20654515.030034,564,564,786359,786359,0000000000000000,0
408,14.926042,5.802708,7.967458,15.959125,41.371750,0.054903,20654531.003450,564,564,786359,786359,0000000000000000,0
409,15.085292,4.208750,9.682166,15.838375,40.621292,0.054451,20654546.919409,564,564,786359,786359,0000000000000000,0
410,15.179792,3.955292,7.827750,16.051583,40.015208,0.053708,20654562.979450,564,564,786359,786359,0000000000000000,0
411,14.939750,4.505375,8.714125,15.997625,40.074125,0.053838,20654579.705367,564,564,786359,786359,0000000000000000,0
412,14.912625,8.458041,9.916375,16.042250,40.887875,0.054844,20654597.186992,564,564,786359,786359,0000000000000000,0
413,14.872958,4.339125,9.412959,16.153375,40.454167,0.054976,20654613.420284,564,564,786359,786359,0000000000000000,0
414,14.907958,4.147208,8.091709,16.159208,39.957750,0.053357,20654629.589117,564,564,786359,786359,0000000000000000,0
415,14.905625,3.563583,7.947041,16.330125,39.626125,0.055529,20654645.926534,564,564,786359,786359,0000000000000000,0
416,14.899500,4.283416,8.488667,16.060042,39.473875,0.054495,20654662.440117,564,564,786359,786359,0000000000000000,0
417,14.889000,5.818750,7.958417,18.322209,41.180709,0.054334,20654680.813659,564,564,786359,786359,0000000000000000,0
418,14.880250,3.559791,9.086875,16.023875,40.545167,0.055048,20654696.845409,564,564,786359,786359,0000000000000000,0
419,14.823375,3.832500,7.851375,16.655917,40.541375,0.054305,20654713.508034,564,564,786359,786359,0000000000000000,0
420,14.920208,3.131625,8.258250,16.868250,40.749625,0.054144,20654730.382992,564,564,786359,786359,0000000000000000,0
421,14.933041,6.536834,8.211584,16.147542,40.240083,0.054567,20654746.540742,564,564,786359,786359,0000000000000000,0
422,14.920792,7.941792,10.466750,16.021541,41.426000,0.053240,20654764.392200,564,564,786359,786359,0000000000000000,0
423,14.912333,4.012458,8.132542,16.325166,41.092041,0.053954,20654780.725825,564,564,786359,786359,0000000000000000,0
424,14.904750,4.234708,9.499291,16.367750,40.801250,0.054377,20654797.102034,564,564,786359,786359,0000000000000000,0
425,14.945000,3.486292,8.024626,16.052166,40.194292,0.054509,20654813.162367,564,564,786359,786359,0000000000000000,0
426,14.905917,3.678208,8.938416,15.998791,39.864708,0.054348,20654829.499492,564,564,786359,786359,0000000000000000,0
427,14.928375,5.638500,8.022875,16.377084,39.584709,0.055937,20654845.887951,564,564,786359,786359,0000000000000000,0
428,14.893375,4.590542,8.363833,17.073583,40.355583,0.054611,20654863.324367,564,564,786359,786359,0000000000000000,0
429,14.847875,5.577542,7.955500,17.059875,40.755750,0.054450,20654880.391242,564,564,786359,786359,0000000000000000,0
430,14.849916,4.067875,9.220459,16.345291,40.436666,0.054581,20654896.738867,564,564,786359,786359,0000000000000000,0
431,14.891042,4.743083,8.215667,16.793875,40.572875,0.053837,20654913.541492,564,564,786359,786359,0000000000000000,0
432,14.926042,6.265583,7.865083,16.235334,40.147334,0.054843,20654929.783826,564,564,786359,786359,0000000000000000,0
433,14.905625,4.027625,8.106000,16.928916,40.415958,0.054391,20654946.718867,564,564,786359,786359,0000000000000000,0
434,14.884333,4.336209,8.734542,16.485583,40.252041,0.053939,20654963.221367,564,564,786359,786359,0000000000000000,0
435,14.886959,3.585458,8.919750,16.460792,40.289959,0.054362,20654979.926576,564,564,786359,786359,0000000000000000,0
436,14.942083,3.824625,8.942500,16.358417,40.268083,0.054493,20654996.571409,564,564,786359,786359,0000000000000000,0
437,14.949375,3.654875,8.953291,16.952542,40.878833,0.054333,20655013.849159,564,564,786359,786359,0000000000000000,0
438,14.965125,6.729333,8.047083,16.653875,40.879125,0.053589,20655030.515576,564,564,786359,786359,0000000000000000,0
439,14.922833,3.973083,8.035417,16.786583,41.006000,0.054595,20655047.310034,564,564,786359,786359,0000000000000000,0
440,14.898625,6.055584,8.000125,16.172625,40.525916,0.054143,20655063.496367,564,564,786359,786359,0000000000000000,0
441,14.947333,4.168500,7.902417,16.209667,40.073542,0.055441,20655079.712451,564,564,786359,786359,0000000000000000,0
442,14.902709,3.782916,8.017333,16.462250,39.878709,0.055280,20655096.184326,564,564,786359,786359,0000000000000000,0
443,14.845542,6.698708,8.986542,16.830333,40.678750,0.053662,20655113.649617,564,564,786359,786359,0000000000000000,0
444,14.909708,4.446167,8.116500,16.353750,40.371333,0.054667,20655130.009784,564,564,786359,786359,0000000000000000,0
445,14.859541,3.905125,8.413125,16.732625,40.439291,0.054507,20655146.744742,564,564,786359,786359,0000000000000000,0
446,14.921667,3.587208,8.042708,16.181958,39.961250,0.054055,20655162.933117,564,564,786359,786359,0000000000000000,0
447,14.931875,4.404167,7.856917,16.369500,39.669875,0.054478,20655179.308742,564,564,786359,786359,0000000000000000,0
448,14.880542,3.903958,7.902125,17.504083,40.514250,0.055483,20655196.821284,564,564,786359,786359,0000000000000000,0
449,14.910292,4.708083,8.090833,15.616417,39.471542,0.054449,20655212.444409,564,564,786359,786359,0000000000000000,0
450,15.051458,5.017250,8.068667,16.900625,40.605833,0.054579,20655230.245409,564,564,786359,786359,0000000000000000,0
451,14.891042,4.248125,7.883750,16.522917,40.472542,0.054127,20655246.778826,564,564,786359,786359,0000000000000000,0
452,14.840875,3.332000,8.039208,16.566958,40.379208,0.054259,20655263.352492,564,564,786359,786359,0000000000000000,0
453,14.919042,3.400250,8.766917,16.177583,39.898542,0.054098,20655279.538534,564,564,786359,786359,0000000000000000,0
454,14.929542,4.109875,8.007417,16.482958,39.722375,0.054521,20655296.029367,564,564,786359,786359,0000000000000000,0
455,14.856334,5.431125,7.926625,16.075500,39.139917,0.054361,20655312.113909,564,564,786359,786359,0000000000000000,0
456,14.882000,5.281791,7.922542,17.535875,40.354417,0.054492,20655329.995409,564,564,786359,786359,0000000000000000,0
457,14.906500,4.804625,8.136042,16.184292,39.875792,0.055789,20655346.184951,564,564,786359,786359,0000000000000000,0
458,14.904750,3.816167,7.924000,18.959209,42.175292,0.055338,20655365.150576,564,564,786359,786359,0000000000000000,0
459,14.903875,5.786083,9.227167,16.345000,41.861459,0.054010,20655381.502576,564,564,786359,786359,0000000000000000,0
460,14.845250,6.343167,10.496208,17.804500,43.180667,0.055308,20655399.489951,564,564,786359,786359,0000000000000000,0
461,14.950250,0.669667,7.770000,16.078708,42.602000,0.054273,20655415.577117,564,564,786359,786359,0000000000000000,0
462,16.023000,6.764041,8.233750,16.323708,42.293416,0.027862,20655431.908992,564,564,786359,786359,0000000000000000,0
463,14.909709,4.587333,9.592625,16.188958,41.797000,0.055409,20655448.106992,564,564,786359,786359,0000000000000000,0
464,14.917583,4.116292,7.939750,16.078125,41.217166,0.054666,20655464.192992,564,564,786359,786359,0000000000000000,0
465,14.934791,3.804792,7.933042,16.327792,40.884375,0.054506,20655480.527201,564,564,786359,786359,0000000000000000,0
466,14.901833,3.779125,7.950250,17.087292,41.311959,0.054345,20655497.621493,564,564,786359,786359,0000000000000000,0
467,14.980292,5.121375,7.876750,16.103792,40.756626,0.054185,20655513.732868,564,564,786359,786359,0000000000000000,0
468,14.921667,3.888500,7.896583,16.310875,40.406333,0.055191,20655530.050159,564,564,786359,786359,0000000000000000,0
469,14.942958,4.004292,7.990209,15.995583,39.742500,0.054447,20655546.052451,564,564,786359,786359,0000000000000000,0
470,14.946750,6.298542,9.076958,15.908667,39.950458,0.055453,20655562.928576,564,564,786359,786359,0000000000000000,0
471,15.108916,8.369375,10.778542,15.869292,41.775708,0.058501,20655581.423451,564,564,786359,786359,0000000000000000,0
472,14.947041,8.034542,10.779125,16.104666,42.218166,0.060382,20655598.534659,564,564,786359,786359,0000000000000000,0
473,14.942084,9.579791,11.346708,16.123625,42.430209,0.053514,20655615.406993,564,564,786359,786359,0000000000000000,0
474,14.964250,4.284291,7.921375,15.825542,41.607417,0.053936,20655631.251493,564,564,786359,786359,0000000000000000,0
475,14.933333,3.713208,7.931584,15.950375,40.899250,0.054359,20655647.210326,564,564,786359,786359,0000000000000000,0
476,14.901250,3.731875,8.092875,16.216083,40.454750,0.053907,20655663.432534,564,564,786359,786359,0000000000000000,0
477,14.945875,3.676750,8.028709,16.374167,40.168334,0.054038,20655679.813118,564,564,786359,786359,0000000000000000,0
478,14.961917,4.457541,7.910583,16.547125,40.057792,0.054169,20655696.369576,564,564,786359,786359,0000000000000000,0
479,14.914958,5.586000,7.998084,16.835875,40.235125,0.055467,20655713.215076,564,564,786359,786359,0000000000000000,0
480,14.926333,4.528417,8.780917,16.113125,39.841375,0.054140,20655729.486868,564,564,786359,786359,0000000000000000,0
481,14.873250,3.564167,8.022875,16.643666,39.824750,0.054854,20655746.137534,564,564,786359,786359,0000000000000000,0
482,14.952000,4.020042,7.926042,16.853083,40.018417,0.054694,20655762.998201,564,564,786359,786359,0000000000000000,0
483,14.901542,4.148667,8.145958,17.149125,40.507833,0.054242,20655780.154034,564,564,786359,786359,0000000000000000,0
484,14.924000,4.758250,7.839125,17.330542,41.177792,0.054373,20655797.490701,564,564,786359,786359,0000000000000000,0
485,14.932167,3.818792,8.053500,16.284334,40.802417,0.054504,20655813.782618,564,564,786359,786359,0000000000000000,0
486,14.855167,4.005458,7.879083,16.504250,40.646083,0.054635,20655830.293284,564,564,786359,786359,0000000000000000,0
487,14.936834,3.544917,8.089958,16.039333,40.025125,0.054475,20655846.339034,564,564,786359,786359,0000000000000000,0
488,14.948208,3.408708,8.056125,17.019625,40.388541,0.054315,20655863.369159,564,564,786359,786359,0000000000000000,0
489,14.940916,5.320875,8.043875,16.069666,39.797041,0.054737,20655879.444659,564,564,786359,786359,0000000000000000,0
490,14.896000,6.022042,7.949083,17.006208,40.145875,0.054576,20655896.460201,564,564,786359,786359,0000000000000000,0
491,14.916709,4.714792,8.007125,16.024750,39.515292,0.054125,20655912.496326,564,564,786359,786359,0000000000000000,0
492,14.914375,5.609917,7.959292,16.916375,39.794709,0.054256,20655929.442743,564,564,786359,786359,0000000000000000,0
493,14.905333,4.343500,7.798583,16.601084,39.734625,0.055845,20655946.051118,564,564,786359,786359,0000000000000000,0
494,14.907084,4.548834,8.502375,16.927750,40.731834,0.054518,20655963.713868,564,564,786359,786359,0000000000000000,0
495,14.899208,4.243458,7.925750,16.867667,40.940083,0.054358,20655980.588826,564,564,786359,786359,0000000000000000,0
496,14.912042,4.106958,7.835042,16.337708,40.619250,0.055655,20655996.936159,564,564,786359,786359,0000000000000000,0
497,14.902125,3.662167,9.158041,16.181375,40.849666,0.055495,20656013.833284,564,564,786359,786359,0000000000000000,0
498,14.916416,3.717000,9.166792,16.818666,41.008041,0.055043,20656030.657784,564,564,786359,786359,0000000000000000,0
499,14.917292,6.605375,7.935958,16.486166,40.838875,0.054299,20656047.155034,564,564,786359,786359,0000000000000000,0
500,14.927208,6.505625,8.026375,16.866500,41.051208,0.053847,20656064.033784,564,564,786359,786359,29a111b6ccb56ac5,1
501,16.211708,8.943958,10.347167,15.956792,42.531708,0.054270,20656082.181576,564,564,786359,786359,0000000000000000,0
502,14.909125,5.844417,8.537375,16.023000,41.902292,0.055567,20656098.220326,564,564,786359,786359,0000000000000000,0
503,14.913500,3.972208,9.131208,16.210542,41.455750,0.054241,20656114.439326,564,564,786359,786359,0000000000000000,0
504,14.878792,5.234834,8.194958,16.190708,40.986167,0.054080,20656130.636451,564,564,786359,786359,0000000000000000,0
505,14.927208,4.327750,8.314250,16.863000,41.189167,0.054794,20656147.506743,564,564,786359,786359,0000000000000000,0
506,15.082666,4.426042,9.052750,16.076083,40.605541,0.053468,20656163.588659,564,564,786359,786359,0000000000000000,0
507,14.936541,4.136417,9.160959,17.093709,41.209875,0.055057,20656180.861743,564,564,786359,786359,0000000000000000,0
508,14.936834,3.388583,9.743416,16.107000,40.804459,0.055479,20656197.123618,564,564,786359,786359,0000000000000000,0
509,14.903000,4.023250,7.876167,16.189250,40.336042,0.054153,20656213.320451,564,564,786359,786359,0000000000000000,0
510,14.943834,4.066708,8.067500,16.236208,39.911959,0.054867,20656229.564243,564,564,786359,786359,0000000000000000,0
511,14.920500,4.241125,8.084125,17.079416,40.329041,0.056165,20656246.649201,564,564,786359,786359,0000000000000000,0
512,14.892792,3.656917,7.915833,17.448375,41.117125,0.055421,20656264.103701,564,564,786359,786359,0000000000000000,0
513,14.942083,3.477542,9.698792,16.509791,41.169333,0.054094,20656280.821451,564,564,786359,786359,0000000000000000,0
514,14.875584,6.669834,7.972125,16.466625,40.976250,0.057433,20656297.298576,564,564,786359,786359,0000000000000000,0
515,15.054083,7.261916,8.805708,16.095625,40.414500,0.053773,20656313.400035,564,564,786359,786359,0000000000000000,0
516,14.910875,3.833375,9.091250,16.094459,40.117875,0.054196,20656329.770410,564,564,786359,786359,0000000000000000,0
517,14.931000,4.144291,7.808792,16.092416,39.547958,0.055785,20656345.868951,564,564,786359,786359,0000000000000000,0
518,14.886375,5.283542,8.024333,16.145500,39.060875,0.054167,20656362.047410,564,564,786359,786359,0000000000000000,0
519,14.894541,5.193708,7.923709,15.975750,39.291875,0.055173,20656378.946285,564,564,786359,786359,0000000000000000,0
520,14.896875,5.618666,7.800042,16.099125,39.484375,0.054137,20656395.804618,564,564,786359,786359,0000000000000000,0
521,14.889583,7.686000,10.094875,16.171750,41.172250,0.054560,20656414.159493,564,564,786359,786359,0000000000000000,0
522,14.924875,3.998750,9.175542,16.531375,41.043042,0.054400,20656430.697285,564,564,786359,786359,0000000000000000,0
523,14.957250,5.666500,8.112416,16.261292,40.647833,0.055405,20656446.969368,564,564,786359,786359,0000000000000000,0
524,14.937125,3.664792,8.757584,16.210541,40.198375,0.054662,20656463.186326,564,564,786359,786359,0000000000000000,0
525,14.940041,4.085083,8.782375,17.334917,41.078333,0.054210,20656480.732993,564,564,786359,786359,0000000000000000,0
526,14.896000,3.713500,9.651833,16.675458,41.240208,0.055507,20656497.562743,564,564,786359,786359,0000000000000000,0
527,14.877917,4.300625,7.769417,16.787750,41.368542,0.054764,20656514.357493,564,564,786359,786359,0000000000000000,0
528,14.922541,6.060834,8.055542,16.468084,41.182750,0.054603,20656530.838410,564,564,786359,786359,0000000000000000,0
529,14.937416,4.270875,7.940917,15.728708,40.251458,0.053859,20656546.573243,564,564,786359,786359,0000000000000000,0
530,15.095791,3.780000,8.073042,16.263042,39.853333,0.054866,20656562.842993,564,564,786359,786359,0000000000000000,0
531,14.937708,3.684625,7.955500,16.581833,39.776916,0.054122,20656579.432701,564,564,786359,786359,0000000000000000,0
532,14.931000,3.948583,8.004208,16.932125,40.049916,0.054253,20656596.372701,564,564,786359,786359,0000000000000000,0
533,15.103084,5.522125,8.245416,17.075042,40.460292,0.053801,20656613.449493,564,564,786359,786359,0000000000000000,0
534,14.882875,6.086792,7.870334,16.286083,40.087542,0.053932,20656629.743743,564,564,786359,786359,0000000000000000,0
535,14.942667,3.639708,8.056125,16.878166,40.300458,0.054646,20656646.623951,564,564,786359,786359,0000000000000000,0
536,14.998375,9.495208,11.167333,16.037291,42.223708,0.055361,20656665.215076,564,564,786359,786359,0000000000000000,0
537,14.922542,4.097917,7.934791,15.955042,41.526625,0.054617,20656681.184118,564,564,786359,786359,0000000000000000,0
538,14.948791,4.659958,7.977959,16.134708,41.007166,0.055331,20656697.331951,564,564,786359,786359,0000000000000000,0
539,14.954625,4.370625,7.767083,15.869583,40.080833,0.190795,20656713.208243,564,564,786359,786359,0000000000000000,0
540,14.921375,8.410792,10.000375,15.884459,40.820500,0.054719,20656730.478410,564,564,786359,786359,0000000000000000,0
541,14.935958,6.962375,10.241292,16.082792,41.438250,0.054850,20656747.762868,564,564,786359,786359,0000000000000000,0
542,14.915542,4.632541,8.196416,16.259834,41.038667,0.054690,20656764.030285,564,564,786359,786359,0000000000000000,0
543,14.887833,3.899875,8.067209,16.089500,40.469042,0.053654,20656780.126785,564,564,786359,786359,0000000000000000,0
544,14.902125,4.351959,9.096500,16.129750,40.147041,0.055827,20656796.473826,564,564,786359,786359,0000000000000000,0
545,14.908250,4.629042,7.864500,16.053334,39.543292,0.055084,20656812.535910,564,564,786359,786359,0000000000000000,0
546,14.895417,6.061125,7.829208,17.384792,40.270417,0.054923,20656829.930035,564,564,786359,786359,0000000000000000,0
547,14.900375,5.258750,7.902125,17.175958,40.787250,0.055345,20656847.113868,564,564,786359,786359,0000000000000000,0
548,14.899209,3.690166,8.042125,17.078542,41.205209,0.054894,20656864.198535,564,564,786359,786359,0000000000000000,0
549,14.928666,6.123834,8.002750,16.798541,41.345791,0.053858,20656881.004951,564,564,786359,786359,0000000000000000,0
550,14.924583,3.955000,9.301542,15.752333,40.437250,0.054864,20656896.763993,564,564,786359,786359,0000000000000000,0
551,15.113584,4.365959,8.887958,16.500458,40.980917,0.054412,20656913.974368,564,564,786359,786359,0000000000000000,0
552,14.903292,6.781542,8.194375,16.593208,40.916459,0.055710,20656930.577785,564,564,786359,786359,0000000000000000,0
553,14.945000,6.224750,7.966875,16.941166,41.199083,0.054382,20656947.526243,564,564,786359,786359,0000000000000000,0
554,14.954625,5.170667,8.215959,16.188667,40.727167,0.054514,20656963.721035,564,564,786359,786359,0000000000000000,0
555,14.937125,4.879583,7.957541,16.809625,40.879416,0.055812,20656980.541743,564,564,786359,786359,0000000000000000,0
556,14.939167,6.016500,7.978250,16.378833,40.602625,0.054776,20656996.930493,564,564,786359,786359,0000000000000000,0
557,14.928375,5.867166,8.034833,16.475667,40.416833,0.054325,20657013.411410,564,564,786359,786359,0000000000000000,0
558,14.934208,5.451833,7.992542,16.409167,40.181750,0.054747,20657029.843327,564,564,786359,786359,0000000000000000,0
559,14.895417,5.266625,8.109791,16.271500,39.795583,0.054586,20657046.123868,564,564,786359,786359,0000000000000000,0
560,14.896291,4.038708,7.859542,16.302125,39.437416,0.054718,20657062.432993,564,564,786359,786359,0000000000000000,0
561,14.923709,4.770500,7.832708,16.921625,39.694667,0.054557,20657079.356660,564,564,786359,786359,0000000000000000,0
562,14.862166,4.862667,8.311917,16.579208,40.395541,0.054105,20657096.724243,564,564,786359,786359,0000000000000000,0
563,14.881125,7.125125,8.360042,16.219875,39.956584,0.054528,20657112.952577,564,564,786359,786359,0000000000000000,0
564,14.927500,7.587709,10.026917,16.121291,41.090875,0.054951,20657130.753868,564,564,786359,786359,0000000000000000,0
565,14.871209,8.646459,10.267250,16.508917,41.742459,0.054790,20657148.072452,564,564,786359,786359,0000000000000000,0
566,14.925167,9.839375,11.852458,15.989750,42.785459,0.053172,20657165.780702,564,564,786359,786359,0000000000000000,0
567,14.899208,4.629917,9.085125,16.039625,42.167125,0.054469,20657181.830535,564,564,786359,786359,0000000000000000,0
568,14.926042,4.343500,9.473041,15.817959,41.323042,0.055767,20657197.654327,564,564,786359,786359,0000000000000000,0
569,15.043584,3.438750,8.244250,16.140542,40.805334,0.053857,20657213.801577,564,564,786359,786359,0000000000000000,0
570,14.919625,3.751417,9.385834,16.710458,41.035167,0.054571,20657230.699285,564,564,786359,786359,0000000000000000,0
571,14.932167,5.762459,8.973125,16.028834,40.402834,0.054702,20657246.733952,564,564,786359,786359,0000000000000000,0
572,14.893958,3.725459,9.088333,17.175666,41.179541,0.056292,20657264.179118,564,564,786359,786359,0000000000000000,0
573,14.905917,4.092083,7.778458,16.115167,40.636750,0.054381,20657280.301285,564,564,786359,786359,0000000000000000,0
574,14.862750,3.903667,7.824833,16.549459,40.523292,0.056554,20657296.856577,564,564,786359,786359,0000000000000000,0
575,14.926333,3.608500,8.133417,16.167375,40.034166,0.054061,20657313.032118,564,564,786359,786359,0000000000000000,0
576,14.954042,4.128541,7.913500,16.472167,39.846625,0.053900,20657329.511285,564,564,786359,786359,0000000000000000,0
577,14.935958,3.871583,8.047667,17.147959,40.334292,0.055197,20657346.666827,564,564,786359,786359,0000000000000000,0
578,14.909708,5.414500,7.975625,16.724459,40.397875,0.054454,20657363.396827,564,564,786359,786359,0000000000000000,0
579,14.864500,3.409875,8.160542,17.039167,40.777334,0.054002,20657380.442702,564,564,786359,786359,0000000000000000,0
580,14.975625,4.321042,9.405666,17.054917,41.458958,0.054133,20657397.791035,564,564,786359,786359,0000000000000000,0
581,14.914667,5.859584,8.181542,15.996458,40.800375,0.054265,20657413.799743,564,564,786359,786359,0000000000000000,0
582,14.935666,7.695916,10.217667,16.080458,41.250708,0.054979,20657430.917660,564,564,786359,786359,0000000000000000,0
583,14.953750,6.351041,8.392417,16.026500,40.627709,0.054526,20657446.961077,564,564,786359,786359,0000000000000000,0
584,14.935667,3.922625,7.921083,16.593500,40.561792,0.054075,20657463.561285,564,564,786359,786359,0000000000000000,0
585,14.947625,9.618291,11.380542,15.985959,42.331917,0.054206,20657481.998702,564,564,786359,786359,0000000000000000,0
586,14.905625,5.298417,7.882292,16.401000,42.080500,0.054336,20657498.414285,564,564,786359,786359,0000000000000000,0
587,14.922541,6.359792,10.734209,16.152209,41.841625,0.054177,20657514.841827,564,564,786359,786359,0000000000000000,0
588,14.903000,5.655709,10.360583,16.195375,41.489583,0.064516,20657531.167285,564,564,786359,786359,0000000000000000,0
589,14.914083,4.043959,7.956667,16.121875,40.965750,0.053855,20657547.299660,564,564,786359,786359,0000000000000000,0
590,14.919625,3.910375,7.936250,16.419666,40.725416,0.054570,20657563.726618,564,564,786359,786359,0000000000000000,0
591,14.942083,3.810917,7.941208,16.506292,40.571125,0.054409,20657580.239327,564,564,786359,786359,0000000000000000,0
592,14.977667,3.574084,7.977375,17.252959,41.163792,0.054249,20657597.498702,564,564,786359,786359,0000000000000000,0
593,14.981167,3.767167,9.161833,16.505125,41.010959,0.053505,20657614.011994,564,564,786359,786359,0000000000000000,0
594,14.923709,6.487833,7.944125,16.673709,41.025834,0.055386,20657630.695619,564,564,786359,786359,0000000000000000,0
595,14.975042,5.936000,10.013208,17.134542,42.164792,0.054934,20657648.500994,564,564,786359,786359,0000000000000000,0
596,14.949667,6.015333,8.792583,16.139958,41.644750,0.054191,20657664.647077,564,564,786359,786359,0000000000000000,0
597,14.930417,9.634625,11.181625,16.014542,42.138542,0.056946,20657681.810202,564,564,786359,786359,0000000000000000,0
598,14.930416,4.475042,9.337125,16.072875,41.553458,0.055619,20657697.890952,564,564,786359,786359,0000000000000000,0
599,14.942375,4.150416,7.898333,16.725334,41.638042,0.054876,20657714.641369,564,564,786359,786359,0000000000000000,0
600,14.955500,5.342750,8.478750,16.350250,41.327417,0.056465,20657730.999494,564,564,786359,786359,29a111b6ccb56ac5,1
601,14.961041,4.015375,8.653750,15.920625,41.372333,0.054554,20657747.709077,564,564,786359,786359,0000000000000000,0
602,15.491000,4.712750,7.863334,16.376208,41.090292,0.054978,20657764.094327,564,564,786359,786359,0000000000000000,0
603,15.147125,5.862208,8.101333,15.809208,40.239791,0.054525,20657779.910535,564,564,786359,786359,0000000000000000,0
604,14.979709,6.559292,10.350666,15.978958,41.326250,0.055531,20657797.664285,564,564,786359,786359,0000000000000000,0
605,14.936542,7.182875,10.172166,15.882708,41.473833,0.054496,20657814.478285,564,564,786359,786359,0000000000000000,0
606,14.924875,4.412334,7.966584,16.210834,41.027584,0.054335,20657830.698744,564,564,786359,786359,0000000000000000,0
607,14.953167,3.974834,7.916708,16.559375,40.926959,0.054466,20657847.265119,564,564,786359,786359,0000000000000000,0
608,14.914666,4.760000,7.998375,16.356667,40.623333,0.054598,20657863.628202,564,564,786359,786359,0000000000000000,0
609,14.939458,9.803208,11.725000,16.008417,42.691833,0.055312,20657882.364577,564,564,786359,786359,0000000000000000,0
610,14.959000,4.103167,9.470708,16.048083,42.080500,0.054568,20657898.419077,564,564,786359,786359,0000000000000000,0
611,14.951416,4.550583,9.622667,16.183709,41.603625,0.054117,20657914.608619,564,564,786359,786359,0000000000000000,0
612,14.926625,5.928125,8.058750,16.267708,41.215125,0.053664,20657930.886827,564,564,786359,786359,0000000000000000,0
613,14.849334,3.837167,9.067916,16.274417,40.828084,0.054378,20657947.167369,564,564,786359,786359,0000000000000000,0
614,14.889292,4.609792,8.265833,16.667875,40.840333,0.054218,20657963.846035,564,564,786359,786359,0000000000000000,0
615,14.973292,5.778208,8.389500,16.156292,40.335167,0.055224,20657980.008744,564,564,786359,786359,0000000000000000,0
616,14.912042,4.261834,9.009291,16.301542,40.693042,0.054480,20657997.032744,564,564,786359,786359,0000000000000000,0
617,14.949958,4.331250,8.544667,16.457875,40.493542,0.054320,20658013.500244,564,564,786359,786359,0000000000000000,0
618,14.915250,3.621042,8.887375,16.504250,40.338083,0.054451,20658030.011785,564,564,786359,786359,0000000000000000,0
619,14.930708,3.664792,7.831250,16.567542,40.245333,0.053999,20658046.585452,564,564,786359,786359,0000000000000000,0
620,14.940041,5.237750,8.057584,16.650375,40.235125,0.054131,20658063.242244,564,564,786359,786359,0000000000000000,0
621,14.904167,3.855250,8.986250,16.187791,40.103000,0.055428,20658079.778285,564,564,786359,786359,0000000000000000,0
622,14.917875,4.227708,8.816791,16.752750,40.522125,0.054392,20658096.863244,564,564,786359,786359,0000000000000000,0
623,14.892792,4.384625,8.889708,16.172625,40.029792,0.054232,20658113.037619,564,564,786359,786359,0000000000000000,0
624,14.901833,3.942458,7.844083,17.073875,40.443958,0.053780,20658130.118202,564,564,786359,786359,0000000000000000,0
625,14.939167,4.199417,7.858667,15.972834,39.756209,0.054202,20658146.097744,564,564,786359,786359,0000000000000000,0
626,14.922250,0.695042,7.961625,17.572333,40.667666,0.054334,20658163.675910,564,564,786359,786359,0000000000000000,0
627,16.238833,5.707625,8.005667,16.117208,40.378916,0.054174,20658180.054160,564,564,786359,786359,0000000000000000,0
628,14.896000,4.207292,7.837958,17.762792,41.481708,0.053721,20658197.823077,564,564,786359,786359,0000000000000000,0
629,16.228042,4.915750,7.932458,16.382625,41.201709,0.055603,20658214.212119,564,564,786359,786359,0000000000000000,0
630,14.885792,4.003708,7.854291,16.512708,41.054708,0.055150,20658230.731535,564,564,786359,786359,0000000000000000,0
631,14.937125,6.788834,8.046500,16.778125,41.180416,0.054115,20658247.522785,564,564,786359,786359,0000000000000000,0
632,14.934208,4.221875,9.079875,16.236500,40.756041,0.054246,20658263.765410,564,564,786359,786359,0000000000000000,0
633,14.898917,6.717083,8.941333,16.074333,40.173292,0.055544,20658279.850827,564,564,786359,786359,0000000000000000,0
634,14.934500,8.527458,10.243041,16.089500,41.284833,0.054508,20658297.628202,564,564,786359,786359,0000000000000000,0
635,14.872958,3.751125,9.219292,16.760917,41.383417,0.055807,20658314.395244,564,564,786359,786359,0000000000000000,0
636,14.938292,4.980208,7.933625,16.217834,40.943584,0.053604,20658330.619786,564,564,786359,786359,0000000000000000,0
637,14.925750,10.089917,11.610084,16.021250,42.575459,0.054318,20658348.919536,564,564,786359,786359,0000000000000000,0
638,14.939166,3.957625,9.458750,16.208208,42.129208,0.053284,20658365.139119,564,564,786359,786359,0000000000000000,0
639,14.886667,5.623042,8.001292,16.106708,41.584375,0.054581,20658381.262452,564,564,786359,786359,0000000000000000,0
640,14.897750,4.297417,8.274292,16.709583,41.635708,0.054129,20658397.980202,564,564,786359,786359,0000000000000000,0
641,14.974166,3.554542,8.074209,16.418500,41.396541,0.054552,20658414.408327,564,564,786359,786359,0000000000000000,0
642,14.891333,5.779958,8.038917,16.185458,40.927250,0.054391,20658430.605744,564,564,786359,786359,0000000000000000,0
643,14.939750,7.022750,9.244083,16.431625,40.695667,0.054814,20658447.041161,564,564,786359,786359,0000000000000000,0
644,14.964833,3.765125,9.041667,16.484416,40.521541,0.053196,20658463.532577,564,564,786359,786359,0000000000000000,0
645,14.918167,3.966958,7.787208,16.597292,40.456792,0.054493,20658480.135994,564,564,786359,786359,0000000000000000,0
646,14.930709,5.827208,7.907083,16.221917,40.019292,0.053749,20658496.364619,564,564,786359,786359,0000000000000000,0
647,15.105416,4.164417,7.805584,16.355209,39.716250,0.054464,20658512.729161,564,564,786359,786359,0000000000000000,0
648,14.916125,3.441375,8.112708,18.203500,41.255083,0.054595,20658530.934702,564,564,786359,786359,0000000000000000,0
649,14.911459,3.832500,7.933041,16.314083,40.909750,0.054434,20658547.256077,564,564,786359,786359,0000000000000000,0
650,14.849917,10.034792,11.569542,16.147833,42.587417,0.054566,20658565.600744,564,564,786359,786359,0000000000000000,0
651,14.932458,4.033458,7.726833,16.455833,42.392583,0.054405,20658582.072619,564,564,786359,786359,0000000000000000,0
652,14.862750,6.378459,9.671375,16.118958,41.850666,0.055119,20658598.198577,564,564,786359,786359,0000000000000000,0
653,14.884625,4.742208,8.080041,15.709459,40.906250,0.054376,20658613.920286,564,564,786359,786359,0000000000000000,0
654,15.144792,3.447209,8.115333,18.236167,42.483292,0.053924,20658632.163744,564,564,786359,786359,0000000000000000,0
655,15.148584,6.107208,9.302708,16.202375,42.026834,0.053180,20658648.373411,564,564,786359,786359,0000000000000000,0
656,14.868584,5.288209,7.982625,16.136166,41.506500,0.055353,20658664.521827,564,564,786359,786359,0000000000000000,0
657,14.894542,3.961708,8.019375,16.622958,41.473833,0.054609,20658681.155577,564,564,786359,786359,0000000000000000,0
658,14.940333,5.614000,8.145667,16.192458,41.011541,0.054448,20658697.359702,564,564,786359,786359,0000000000000000,0
659,15.052916,4.213125,7.917292,16.848708,41.201416,0.053705,20658714.215702,564,564,786359,786359,0000000000000000,0
660,14.962500,7.205042,8.727833,16.296875,40.837125,0.054127,20658730.518994,564,564,786359,786359,0000000000000000,0
661,14.947917,3.378084,8.169583,16.182833,40.357625,0.055717,20658746.707952,564,564,786359,786359,0000000000000000,0
662,14.962500,4.390167,8.893209,17.235458,41.110125,0.054099,20658764.125702,564,564,786359,786359,0000000000000000,0
663,14.932750,4.687083,10.328500,17.430584,42.710792,0.055396,20658782.394536,564,564,786359,786359,0000000000000000,0
664,14.936542,8.049708,10.263167,15.542916,41.595750,0.055235,20658797.946202,564,564,786359,786359,0000000000000000,0
665,15.162000,8.670084,10.923792,16.020375,42.126000,0.053909,20658815.141702,564,564,786359,786359,0000000000000000,0
666,14.951709,4.836709,7.921666,15.618167,41.087959,0.056373,20658830.773286,564,564,786359,786359,0000000000000000,0
667,15.177458,7.861000,10.572917,15.697791,41.465666,0.053587,20658847.815077,564,564,786359,786359,0000000000000000,0
668,15.160250,5.424708,8.127292,15.968750,40.775875,0.053427,20658863.791702,564,564,786359,786359,0000000000000000,0
669,15.129333,3.572041,8.052333,15.965250,40.081125,0.052975,20658879.763661,564,564,786359,786359,0000000000000000,0
670,15.136333,3.906291,7.904458,16.006666,39.429541,0.053106,20658895.779077,564,564,786359,786359,0000000000000000,0
671,14.940916,5.419458,7.952292,16.834125,39.740750,0.054112,20658912.758161,564,564,786359,786359,0000000000000000,0
672,14.866542,4.166167,7.815208,15.824375,38.906584,0.054535,20658928.591286,564,564,786359,786359,0000000000000000,0
673,15.096667,5.816125,7.947333,17.535000,40.842084,0.053791,20658947.192911,564,564,786359,786359,0000000000000000,0
674,14.924584,5.791625,9.234750,15.719375,39.895917,0.054214,20658962.913744,564,564,786359,786359,0000000000000000,0
675,15.054958,6.522250,7.976208,16.450291,39.689416,0.053762,20658979.373952,564,564,786359,786359,0000000000000000,0
676,14.896583,4.207291,8.576750,17.309251,41.052959,0.054768,20658997.405078,564,564,786359,786359,0000000000000000,0
677,14.914375,6.369417,9.457584,16.172625,40.561501,0.053733,20659013.579453,564,564,786359,786359,0000000000000000,0
678,14.900375,3.926709,7.924000,16.206167,40.106792,0.054739,20659029.792911,564,564,786359,786359,0000000000000000,0
679,14.996917,3.757250,8.051750,16.966833,40.413333,0.054286,20659046.765869,564,564,786359,786359,0000000000000000,0
680,14.933625,4.980208,7.909125,16.254000,40.021333,0.055293,20659063.041744,564,564,786359,786359,0000000000000000,0
681,14.916708,6.848041,8.934042,16.297750,40.164833,0.054841,20659079.851369,564,564,786359,786359,0000000000000000,0
682,14.970375,4.105792,7.995750,16.017458,39.525500,0.054096,20659095.878161,564,564,786359,786359,0000000000000000,0
683,14.913208,6.222416,7.826292,16.056541,38.921458,0.055687,20659111.942869,564,564,786359,786359,0000000000000000,0
684,14.972125,5.375708,7.854584,16.000833,39.237917,0.054651,20659128.925161,564,564,786359,786359,0000000000000000,0
685,14.918166,4.917500,8.133709,16.173791,39.699041,0.054782,20659146.052994,564,564,786359,786359,0000000000000000,0
686,14.885208,3.682583,8.045042,17.204542,40.238917,0.054330,20659163.259578,564,564,786359,786359,0000000000000000,0
687,14.960750,5.308625,7.871500,16.465458,40.044667,0.054169,20659179.732036,564,564,786359,786359,0000000000000000,0
688,15.083833,4.283125,7.918458,16.389625,39.773708,0.054009,20659196.127786,564,564,786359,786359,0000000000000000,0
689,14.885209,4.012167,7.937125,16.622083,39.734625,0.054432,20659212.755994,564,564,786359,786359,0000000000000000,0
690,14.936833,3.768334,8.169292,16.924541,40.035333,0.054855,20659229.723994,564,564,786359,786359,0000000000000000,0
691,14.880833,5.273916,7.902417,16.373583,39.754458,0.053235,20659246.108369,564,564,786359,786359,0000000000000000,0
692,14.915250,5.387958,7.991958,16.683333,39.778666,0.054534,20659262.800744,564,564,786359,786359,0000000000000000,0
693,14.872375,4.113667,7.949083,17.016125,40.130708,0.054665,20659279.819786,564,564,786359,786359,0000000000000000,0
694,14.920500,4.681250,7.923125,16.078125,39.549709,0.054504,20659295.905203,564,564,786359,786359,0000000000000000,0
695,14.919334,5.610500,7.787791,17.062208,39.955125,0.054636,20659312.977619,564,564,786359,786359,0000000000000000,0
696,14.906208,5.438125,7.943834,16.403041,39.701083,0.054767,20659329.390869,564,564,786359,786359,0000000000000000,0
697,14.912917,6.633666,9.653292,16.627917,41.209292,0.054606,20659347.565786,564,564,786359,786359,0000000000000000,0
698,14.889291,10.301666,11.703417,16.040208,42.649833,0.053571,20659365.672161,564,564,786359,786359,0000000000000000,0
699,14.929250,4.256583,9.409750,16.157750,42.149917,0.054285,20659381.839828,564,564,786359,786359,0000000000000000,0
700,14.931000,3.912125,9.620334,16.181959,41.671584,0.055291,20659398.029078,564,564,786359,786359,29a111b6ccb56ac5,1
701,14.916417,3.739750,8.130791,16.146667,41.929125,0.054840,20659414.953036,564,564,786359,786359,0000000000000000,0
702,14.935375,4.831167,7.919334,16.183125,41.457209,0.053512,20659431.146953,564,564,786359,786359,0000000000000000,0
703,14.915542,9.734375,11.056792,15.947459,41.933209,0.054518,20659448.290828,564,564,786359,786359,0000000000000000,0
704,14.940333,4.604542,7.907375,16.190709,41.463625,0.054650,20659464.487953,564,564,786359,786359,0000000000000000,0
705,14.896875,5.302792,8.113000,16.137041,40.940666,0.054489,20659480.631994,564,564,786359,786359,0000000000000000,0
706,14.951416,3.584292,8.318625,16.683334,40.963125,0.054620,20659497.321453,564,564,786359,786359,0000000000000000,0
707,14.958417,6.008334,7.943833,16.351708,40.658333,0.054752,20659513.683369,564,564,786359,786359,0000000000000000,0
708,14.959583,9.797667,11.753875,15.972834,42.705250,0.056049,20659532.398453,564,564,786359,786359,0000000000000000,0
709,14.954625,7.680750,10.334334,16.060625,42.109959,0.054722,20659548.468703,564,564,786359,786359,0000000000000000,0
710,14.963084,4.019166,9.107291,16.028834,41.478209,0.054562,20659564.503953,564,564,786359,786359,0000000000000000,0
711,15.126708,4.359834,7.912333,16.093875,40.914125,0.054401,20659580.606578,564,564,786359,786359,0000000000000000,0
712,14.960750,4.425750,9.402750,16.034084,40.415959,0.054240,20659596.774828,564,564,786359,786359,0000000000000000,0
713,14.940917,3.983000,7.980875,16.106125,39.875500,0.054080,20659612.901369,564,564,786359,786359,0000000000000000,0
714,14.929250,3.856125,7.854292,17.168083,40.385625,0.054503,20659630.078494,564,564,786359,786359,0000000000000000,0
715,14.964542,9.439500,10.955291,16.450000,42.387625,0.054050,20659648.746911,564,564,786359,786359,0000000000000000,0
716,14.885792,6.021750,10.798666,16.340917,42.066792,0.054766,20659665.093953,564,564,786359,786359,0000000000000000,0
717,14.906792,5.856958,8.890875,16.096792,41.510875,0.054313,20659681.204161,564,564,786359,786359,0000000000000000,0
718,14.874416,5.588916,8.181834,16.322542,41.176917,0.054444,20659697.537495,564,564,786359,786359,0000000000000000,0
719,14.936542,6.028167,8.524250,16.130917,40.651042,0.054576,20659713.678620,564,564,786359,786359,0000000000000000,0
720,14.975042,3.981542,7.989916,16.602542,40.594750,0.054123,20659730.288453,564,564,786359,786359,0000000000000000,0
721,14.924875,3.846792,7.895708,16.504834,40.437542,0.056004,20659746.799995,564,564,786359,786359,0000000000000000,0
722,14.980584,9.529917,11.263000,16.202667,42.464334,0.053803,20659765.491745,564,564,786359,786359,0000000000000000,0
723,14.907666,4.785375,9.009292,16.175833,41.985416,0.054809,20659781.680411,564,564,786359,786359,0000000000000000,0
724,14.912333,4.766709,8.809792,16.232417,41.558708,0.054648,20659797.920703,564,564,786359,786359,0000000000000000,0
725,14.926333,3.757834,9.010750,16.373000,41.272292,0.054488,20659814.300995,564,564,786359,786359,0000000000000000,0
726,14.945584,3.645250,8.100166,16.572791,41.186250,0.054619,20659830.881661,564,564,786359,786359,0000000000000000,0
727,14.926625,5.236000,7.870917,16.225708,40.755458,0.053291,20659847.116411,564,564,786359,786359,0000000000000000,0
728,14.955500,3.593625,7.971542,17.183833,41.272292,0.055756,20659864.302578,564,564,786359,786359,0000000000000000,0
729,15.002167,5.200417,7.940625,17.772416,42.387333,0.055887,20659882.084911,564,564,786359,786359,0000000000000000,0
730,14.970958,3.993208,8.097542,16.114583,41.844833,0.056601,20659898.209703,564,564,786359,786359,0000000000000000,0
731,15.017042,0.698833,8.728125,16.936791,42.145250,0.058483,20659915.179161,564,564,786359,786359,0000000000000000,0
732,16.106708,4.087709,8.161709,15.822917,41.330917,0.058031,20659931.031245,564,564,786359,786359,0000000000000000,0
733,14.918750,4.629916,7.804125,16.021833,40.721333,0.053495,20659947.083703,564,564,786359,786359,0000000000000000,0
734,14.935083,3.373125,9.719208,16.120708,40.798041,0.054502,20659963.828286,564,564,786359,786359,0000000000000000,0
735,14.953458,3.801000,7.980584,17.546083,41.684125,0.054341,20659981.381078,564,564,786359,786359,0000000000000000,0
736,14.934208,5.898666,8.012084,16.317291,41.343458,0.054180,20659997.707411,564,564,786359,786359,0000000000000000,0
737,14.927791,3.649625,7.957250,16.271500,40.954958,0.054895,20660013.986203,564,564,786359,786359,0000000000000000,0
738,14.966000,4.127084,7.943250,16.464583,40.759833,0.055026,20660030.458078,564,564,786359,786359,0000000000000000,0
739,14.928375,3.987667,7.875292,16.300958,40.400500,0.055740,20660046.766328,564,564,786359,786359,0000000000000000,0
740,14.997792,5.209750,8.131667,17.264917,41.006292,0.054706,20660064.037953,564,564,786359,786359,0000000000000000,0
741,14.918458,0.697958,8.318625,18.010125,42.356708,0.055128,20660082.055953,564,564,786359,786359,0000000000000000,0
742,15.997625,3.972208,7.959292,16.264209,41.962667,0.054967,20660098.328620,564,564,786359,786359,0000000000000000,0
743,14.876167,3.761041,8.014125,15.970792,41.278709,0.053932,20660114.310495,564,564,786359,786359,0000000000000000,0
744,14.932459,4.201750,7.967750,16.271792,40.890209,0.054063,20660130.588995,564,564,786359,786359,0000000000000000,0
745,14.927500,10.031875,11.716542,15.939875,42.604625,0.054778,20660148.970703,564,564,786359,786359,0000000000000000,0
746,14.899792,6.109250,7.912916,16.151042,42.102375,0.054909,20660165.135453,564,564,786359,786359,0000000000000000,0
747,14.914958,4.197084,7.975917,16.147834,41.590792,0.055624,20660181.291745,564,564,786359,786359,0000000000000000,0
748,14.873834,4.393375,7.956083,16.083375,41.015042,0.054588,20660197.381828,564,564,786359,786359,0000000000000000,0
749,15.062833,4.278459,7.744042,16.501916,40.858416,0.053845,20660213.891036,564,564,786359,786359,0000000000000000,0
750,14.965125,3.895792,7.813167,16.090959,40.287917,0.055434,20660229.988995,564,564,786359,786359,0000000000000000,0
751,14.934792,4.478250,8.032500,16.937958,40.566167,0.054398,20660246.933078,564,564,786359,786359,0000000000000000,0
752,14.952875,5.544291,8.046500,16.027083,39.930917,0.056280,20660262.966578,564,564,786359,786359,0000000000000000,0
753,14.897750,7.852542,10.551917,16.142875,41.609459,0.054369,20660281.310370,564,564,786359,786359,0000000000000000,0
754,14.935958,4.528125,7.852834,16.546833,41.498625,0.053916,20660297.865953,564,564,786359,786359,0000000000000000,0
755,14.898041,5.184083,7.986417,16.427833,41.267041,0.054340,20660314.301661,564,564,786359,786359,0000000000000000,0
756,14.926916,3.982417,7.930125,17.485417,42.093333,0.054471,20660331.794953,564,564,786359,786359,0000000000000000,0
757,16.220167,4.997417,8.161125,15.995000,41.429500,0.053727,20660347.796953,564,564,786359,786359,0000000000000000,0
758,14.969500,4.226833,8.077416,16.096500,40.864833,0.055025,20660363.900453,564,564,786359,786359,0000000000000000,0
759,15.107167,3.871875,9.029708,16.135292,40.341000,0.053989,20660380.042453,564,564,786359,786359,0000000000000000,0
760,14.980000,3.986500,7.832708,16.216958,39.900000,0.054120,20660396.268453,564,564,786359,786359,0000000000000000,0
761,14.931292,3.901917,7.880834,18.196500,41.435626,0.053669,20660414.470787,564,564,786359,786359,0000000000000000,0
762,14.926917,3.906000,8.087625,16.337416,41.113625,0.054091,20660430.816078,564,564,786359,786359,0000000000000000,0
763,14.882875,9.688291,11.168791,16.121292,42.190750,0.054805,20660448.560787,564,564,786359,786359,0000000000000000,0
764,14.926916,3.890541,7.889292,16.941167,42.482708,0.054062,20660465.518870,564,564,786359,786359,0000000000000000,0
765,15.024041,6.529833,9.550625,16.114875,41.938458,0.054193,20660481.641620,564,564,786359,786359,0000000000000000,0
766,14.903000,3.484250,8.304625,16.227750,41.509416,0.053449,20660497.878703,564,564,786359,786359,0000000000000000,0
767,14.925750,5.679625,8.176875,16.217834,41.066375,0.054456,20660514.103537,564,564,786359,786359,0000000000000000,0
768,14.946459,4.008667,8.536791,16.137042,40.541959,0.054878,20660530.246412,564,564,786359,786359,0000000000000000,0
769,14.942375,4.159166,7.917584,16.388458,40.270417,0.054134,20660546.640995,564,564,786359,786359,0000000000000000,0
770,14.954042,9.492291,11.291875,15.952708,42.219042,0.055141,20660565.257495,564,564,786359,786359,0000000000000000,0
771,14.938292,5.244166,7.931291,16.008708,41.568333,0.054689,20660581.273203,564,564,786359,786359,0000000000000000,0
772,14.947333,4.328917,7.765917,16.069083,40.978000,0.053944,20660597.348995,564,564,786359,786359,0000000000000000,0
773,14.914666,3.872458,7.931000,16.485583,40.804166,0.053493,20660613.841578,564,564,786359,786359,0000000000000000,0
774,14.926917,4.153042,7.791583,16.697625,40.840917,0.054499,20660630.545912,564,564,786359,786359,0000000000000000,0
775,14.980000,4.048334,8.002750,17.526541,41.708916,0.053755,20660648.080328,564,564,786359,786359,0000000000000000,0
776,14.935666,6.577084,9.204417,16.045167,41.096125,0.054761,20660664.135412,564,564,786359,786359,0000000000000000,0
777,14.933042,3.722833,8.057875,16.817792,41.254792,0.054309,20660680.960495,564,564,786359,786359,0000000000000000,0
778,15.032791,3.874208,9.085417,16.890709,41.484625,0.054148,20660697.857037,564,564,786359,786359,0000000000000000,0
779,14.921667,7.597334,9.455250,16.351125,41.176917,0.056030,20660714.217787,564,564,786359,786359,0000000000000000,0
780,14.901250,9.520875,10.996709,16.185750,42.101792,0.054703,20660731.808495,564,564,786359,786359,0000000000000000,0
781,14.932750,8.085000,10.065709,15.956208,41.404125,0.053375,20660747.776078,564,564,786359,786359,0000000000000000,0
782,14.900667,4.272041,7.992250,16.425792,41.170792,0.054090,20660764.210620,564,564,786359,786359,0000000000000000,0
783,14.972416,3.579042,8.073042,16.100875,40.612833,0.054221,20660780.319370,564,564,786359,786359,0000000000000000,0
784,15.107750,4.330667,7.876458,15.985083,39.937625,0.054060,20660796.310870,564,564,786359,786359,0000000000000000,0
785,14.911167,6.594000,8.724625,16.143166,40.327875,0.054775,20660813.368703,564,564,786359,786359,0000000000000000,0
786,14.945584,4.190084,7.938000,16.660000,40.329917,0.054615,20660830.037745,564,564,786359,786359,0000000000000000,0
787,14.917875,3.606750,7.881708,16.885750,40.554208,0.055329,20660846.929328,564,564,786359,786359,0000000000000000,0
788,14.944708,6.116833,7.870625,17.254416,41.150083,0.054294,20660864.191328,564,564,786359,786359,0000000000000000,0
789,14.911458,3.906000,8.005375,16.513000,41.005708,0.054425,20660880.713953,564,564,786359,786359,0000000000000000,0
790,14.921375,3.788167,7.913500,16.464875,40.809708,0.055722,20660897.185828,564,564,786359,786359,0000000000000000,0
791,14.967458,9.346459,11.225667,15.993250,42.207958,0.054104,20660915.249620,564,564,786359,786359,0000000000000000,0
792,14.910000,5.149375,8.105417,15.941334,41.496292,0.054818,20660931.205537,564,564,786359,786359,0000000000000000,0
793,14.941791,4.459875,8.069834,16.035250,40.873583,0.054366,20660947.249245,564,564,786359,786359,0000000000000000,0
794,14.965125,7.138250,9.153958,16.677209,40.885250,0.055373,20660963.928787,564,564,786359,786359,0000000000000000,0
795,15.022000,4.427208,8.084708,15.904000,40.129833,0.054629,20660979.839203,564,564,786359,786359,0000000000000000,0
796,15.042125,6.458958,9.599333,16.339459,40.999875,0.055634,20660997.377412,564,564,786359,786359,0000000000000000,0
797,14.937125,4.021792,8.072750,16.108458,40.452417,0.055475,20661013.496370,564,564,786359,786359,0000000000000000,0
798,14.912042,4.789459,9.298042,16.220458,40.471375,0.055605,20661030.182328,564,564,786359,786359,0000000000000000,0
799,14.961625,3.824625,9.228916,16.125375,40.352083,0.056028,20661046.730620,564,564,786359,786359,0000000000000000,0
800,14.903000,3.565334,8.069250,15.918292,39.613583,0.055576,20661062.658245,564,564,786359,786359,29a111b6ccb56ac5,1
801,14.948208,4.498084,9.195667,16.099417,40.261375,0.054541,20661079.972162,564,564,786359,786359,0000000000000000,0
802,14.873542,4.223041,7.997208,16.327792,39.928001,0.055255,20661096.306079,564,564,786359,786359,0000000000000000,0
803,14.916125,4.197667,7.830667,16.341792,39.612417,0.055387,20661112.657787,564,564,786359,786359,0000000000000000,0
804,14.895417,6.701042,9.235333,16.856583,41.006875,0.054351,20661130.717787,564,564,786359,786359,0000000000000000,0
805,14.918458,6.141333,8.064583,16.727375,41.069583,0.054773,20661147.447787,564,564,786359,786359,0000000000000000,0
806,14.910875,4.218375,7.884625,16.163875,40.573167,0.054614,20661163.618079,564,564,786359,786359,0000000000000000,0
807,14.980291,4.028500,7.814917,17.364958,41.280166,0.054744,20661180.992370,564,564,786359,786359,0000000000000000,0
808,14.949084,4.276708,8.132541,16.263333,40.885250,0.054292,20661197.263870,564,564,786359,786359,0000000000000000,0
809,14.915833,9.297750,11.074292,16.046917,42.054250,0.056174,20661215.101329,564,564,786359,786359,0000000000000000,0
810,14.936541,5.218500,8.642375,16.051000,41.446416,0.054263,20661231.158745,564,564,786359,786359,0000000000000000,0
811,14.970959,4.688250,8.539416,16.220458,41.006000,0.054685,20661247.385620,564,564,786359,786359,0000000000000000,0
812,15.113292,9.991042,11.596667,16.001417,42.731792,0.053942,20661265.777537,564,564,786359,786359,0000000000000000,0
813,14.936542,4.791792,8.757583,16.139084,42.212334,0.054073,20661281.925079,564,564,786359,786359,0000000000000000,0
814,14.889000,5.709083,8.514042,16.327209,41.885959,0.055079,20661298.266579,564,564,786359,786359,0000000000000000,0
815,14.944417,3.880917,9.469542,16.137042,41.364167,0.054336,20661314.410912,564,564,786359,786359,0000000000000000,0
816,14.890750,3.661292,8.017333,16.420834,41.115375,0.062925,20661330.837579,564,564,786359,786359,0000000000000000,0
817,14.925750,5.866583,8.025209,16.960125,41.428042,0.054598,20661347.808787,564,564,786359,786359,0000000000000000,0
818,15.125542,6.353375,7.993416,16.165042,40.941542,0.054438,20661363.988704,564,564,786359,786359,0000000000000000,0
819,14.954917,9.212875,11.165875,16.106125,42.244125,0.055444,20661381.959162,564,564,786359,786359,0000000000000000,0
820,14.918167,5.640541,7.937125,15.953292,41.545000,0.053824,20661397.925287,564,564,786359,786359,0000000000000000,0
821,14.857500,7.457625,10.249167,16.176125,41.297958,0.054831,20661414.346120,564,564,786359,786359,0000000000000000,0
822,14.924875,3.912125,9.310000,16.497541,41.135500,0.054379,20661430.850370,564,564,786359,786359,0000000000000000,0
823,14.927792,6.264417,8.477875,16.426667,40.906250,0.055093,20661447.288412,564,564,786359,786359,0000000000000000,0
824,14.973583,6.194708,8.015292,16.825375,41.072208,0.054350,20661464.120787,564,564,786359,786359,0000000000000000,0
825,14.972417,3.950917,8.093750,16.444750,40.857250,0.054772,20661480.573120,564,564,786359,786359,0000000000000000,0
826,14.934791,6.546167,7.872375,16.137625,40.334291,0.055778,20661496.717745,564,564,786359,786359,0000000000000000,0
827,14.981167,8.624000,10.003875,16.200042,41.197917,0.054452,20661514.247204,564,564,786359,786359,0000000000000000,0
828,14.943834,3.934000,9.152500,16.435125,40.970709,0.056333,20661530.688454,564,564,786359,786359,0000000000000000,0
829,14.960167,3.767167,7.879083,16.680709,40.994334,0.054713,20661547.377329,564,564,786359,786359,0000000000000000,0
830,14.967166,4.336792,7.853125,16.972958,41.307291,0.054554,20661564.356995,564,564,786359,786359,0000000000000000,0
831,14.938875,3.696000,9.372708,16.018042,40.663292,0.055268,20661580.380579,564,564,786359,786359,0000000000000000,0
832,14.929542,6.710958,8.760500,16.928334,40.930459,0.055690,20661597.315329,564,564,786359,786359,0000000000000000,0
833,14.960166,4.185125,8.043292,16.467792,40.740583,0.054072,20661613.790412,564,564,786359,786359,0000000000000000,0
834,14.957250,3.350375,8.172209,17.220292,41.306417,0.054495,20661631.023537,564,564,786359,786359,0000000000000000,0
835,14.994583,4.679500,7.889583,16.435417,41.082125,0.054042,20661647.465954,564,564,786359,786359,0000000000000000,0
836,14.892208,3.863416,7.997208,16.379125,40.800375,0.055049,20661663.852079,564,564,786359,786359,0000000000000000,0
837,14.998958,3.717583,7.987000,17.048792,41.189750,0.054305,20661680.907579,564,564,786359,786359,0000000000000000,0
838,14.994000,6.063167,7.966583,16.100584,40.630042,0.054144,20661697.014579,564,564,786359,786359,0000000000000000,0
839,14.977958,6.479083,9.177875,16.552084,40.721917,0.054568,20661713.773454,564,564,786359,786359,0000000000000000,0
840,14.934208,4.363334,7.880250,16.748375,40.810292,0.054698,20661730.528829,564,564,786359,786359,0000000000000000,0
841,14.965708,9.979083,11.759417,15.867833,42.609875,0.055704,20661748.996287,564,564,786359,786359,0000000000000000,0
842,14.935375,4.263292,8.032209,16.146958,42.097417,0.054378,20661765.149662,564,564,786359,786359,0000000000000000,0
843,14.930416,4.116000,8.029584,16.181667,41.619958,0.054509,20661781.338912,564,564,786359,786359,0000000000000000,0
844,14.915542,6.061125,7.990208,15.962625,40.930167,0.054639,20661797.316412,564,564,786359,786359,0000000000000000,0
845,14.943833,3.474333,8.150334,16.332750,40.567917,0.090646,20661813.656746,564,564,786359,786359,0000000000000000,0
846,14.963667,9.049834,11.178125,15.960000,42.122792,0.054319,20661831.842454,564,564,786359,786359,0000000000000000,0
847,14.944125,4.917792,7.968042,16.305333,41.775125,0.053866,20661848.161204,564,564,786359,786359,0000000000000000,0
848,14.958416,4.081583,9.250500,16.174084,41.287750,0.055456,20661864.341996,564,564,786359,786359,0000000000000000,0
849,14.963667,4.091792,7.922833,17.646709,42.132417,0.198794,20661881.996871,564,564,786359,786359,0000000000000000,0
850,14.967750,6.942250,9.356666,16.014542,41.630458,0.054552,20661898.017829,564,564,786359,786359,0000000000000000,0
851,14.894833,5.893125,7.802375,16.290458,41.269083,0.055267,20661914.324037,564,564,786359,786359,0000000000000000,0
852,14.905917,4.210208,8.031042,16.455250,41.066084,0.054523,20661930.786871,564,564,786359,786359,0000000000000000,0
853,15.130500,5.786667,7.953166,16.830625,41.238166,0.054362,20661947.625662,564,564,786359,786359,0000000000000000,0
854,14.967167,4.168792,9.214625,16.582708,41.159708,0.053910,20661964.213912,564,564,786359,786359,0000000000000000,0
855,14.957542,6.754417,8.391250,16.090083,40.593000,0.055208,20661980.315079,564,564,786359,786359,0000000000000000,0
856,15.177750,3.946542,8.056708,18.057083,41.989791,0.054755,20661998.378287,564,564,786359,786359,0000000000000000,0
857,14.914666,6.156792,9.722417,15.965250,41.295916,0.055762,20662014.352287,564,564,786359,786359,0000000000000000,0
858,14.995750,7.669375,10.201625,15.898167,41.491917,0.055893,20662031.215579,564,564,786359,786359,0000000000000000,0
859,14.979125,4.088875,7.943834,16.343250,41.181875,0.054565,20662047.570787,564,564,786359,786359,0000000000000000,0
860,14.961333,4.909334,7.894833,16.914042,41.437958,0.054406,20662064.493579,564,564,786359,786359,0000000000000000,0
861,14.985541,3.525375,7.961625,16.377958,41.120041,0.093036,20662080.881162,564,564,786359,786359,0000000000000000,0
862,14.970084,3.704459,7.948208,16.441541,40.938625,0.057584,20662097.331162,564,564,786359,786359,0000000000000000,0
863,14.957541,3.514000,7.982625,16.397500,40.677583,0.055674,20662113.735079,564,564,786359,786359,0000000000000000,0
864,14.972125,6.189750,7.894833,17.810625,41.827625,0.055513,20662131.552121,564,564,786359,786359,0000000000000000,0
865,14.985250,6.002500,7.848167,17.315667,42.487667,0.055936,20662148.879454,564,564,786359,786359,0000000000000000,0
866,16.124208,6.026417,8.787625,15.907500,41.736333,0.059276,20662164.798329,564,564,786359,786359,0000000000000000,0
867,15.116208,6.192083,9.422292,17.528875,42.612500,0.055324,20662182.337121,564,564,786359,786359,0000000000000000,0
868,15.146541,6.468875,9.746334,16.008417,41.965000,0.055163,20662198.356621,564,564,786359,786359,0000000000000000,0
869,14.929833,4.740166,7.895125,16.253416,41.559583,0.054128,20662214.617037,564,564,786359,786359,0000000000000000,0
870,14.938292,3.863709,9.111666,16.334791,41.234083,0.054550,20662230.958537,564,564,786359,786359,0000000000000000,0
871,14.959000,6.131416,8.455708,16.380583,40.958458,0.053806,20662247.349037,564,564,786359,786359,0000000000000000,0
872,15.003333,4.423416,7.949667,16.535458,40.831875,0.054521,20662263.890329,564,564,786359,786359,0000000000000000,0
873,14.953166,4.275542,9.189250,16.776667,40.942125,0.056111,20662280.668746,564,564,786359,786359,0000000000000000,0
874,14.970083,6.314000,7.968917,16.454958,40.742333,0.053908,20662297.133912,564,564,786359,786359,0000000000000000,0
875,14.946459,3.406667,9.294833,16.460500,40.722500,0.054623,20662313.781662,564,564,786359,786359,0000000000000000,0
876,14.977375,4.034041,7.853708,16.427250,40.492083,0.054463,20662330.217954,564,564,786359,786359,0000000000000000,0
877,14.990792,3.371667,9.070541,16.484417,40.572000,0.055177,20662346.965454,564,564,786359,786359,0000000000000000,0
878,14.982333,3.801583,9.113125,16.396917,40.514542,0.054725,20662363.574121,564,564,786359,786359,0000000000000000,0
879,14.977083,3.899000,9.008125,16.976458,40.980041,0.054856,20662380.706912,564,564,786359,786359,0000000000000000,0
880,14.943250,6.751791,8.176875,16.236209,40.562375,0.054112,20662396.955371,564,564,786359,786359,0000000000000000,0
881,14.960750,4.013625,8.908959,16.147541,40.048750,0.055410,20662413.109912,564,564,786359,786359,0000000000000000,0
882,14.924875,5.086375,8.658709,17.020208,40.626542,0.054083,20662430.352954,564,564,786359,786359,0000000000000000,0
883,14.933333,3.807708,9.005208,17.282125,41.243708,0.055380,20662447.638579,564,564,786359,786359,0000000000000000,0
884,14.987875,4.068750,7.818417,17.085542,41.670709,0.054346,20662464.731121,564,564,786359,786359,0000000000000000,0
885,16.183416,5.457375,7.987000,16.284625,41.292125,0.055935,20662481.020996,564,564,786359,786359,0000000000000000,0
886,14.968333,3.960250,7.907959,16.428417,41.062875,0.055482,20662497.458454,564,564,786359,786359,0000000000000000,0
887,14.987876,5.825166,8.089958,16.649792,41.058501,0.054448,20662514.119913,564,564,786359,786359,0000000000000000,0
888,14.970666,5.511916,7.887542,16.553250,40.951166,0.054578,20662530.679579,564,564,786359,786359,0000000000000000,0
889,14.915833,6.705125,8.469417,16.165625,40.455333,0.055293,20662546.851329,564,564,786359,786359,0000000000000000,0
890,14.963375,3.875667,7.863333,16.999500,40.795125,0.054549,20662563.857246,564,564,786359,786359,0000000000000000,0
891,14.964833,4.300625,7.993125,16.614209,40.750500,0.054097,20662580.479038,564,564,786359,786359,0000000000000000,0
892,14.916709,4.095875,7.927791,16.224833,40.313875,0.055686,20662596.710579,564,564,786359,786359,0000000000000000,0
893,14.921666,4.474459,7.806167,16.329542,39.984000,0.055526,20662613.047413,564,564,786359,786359,0000000000000000,0
894,14.916125,7.891333,10.727792,16.012500,41.673042,0.055949,20662631.404038,564,564,786359,786359,0000000000000000,0
895,14.943542,4.278458,8.316875,16.256916,41.272000,0.054038,20662647.667954,564,564,786359,786359,0000000000000000,0
896,14.950250,5.196334,8.086750,21.700000,46.316958,0.054461,20662669.380204,564,564,786359,786359,0000000000000000,0
897,14.952584,9.330708,14.675500,16.059167,45.714084,0.053717,20662685.443163,564,564,786359,786359,0000000000000000,0
898,14.935667,4.237916,9.410333,16.063250,45.117625,0.054432,20662701.514579,564,564,786359,786359,0000000000000000,0
899,14.961042,4.070208,7.840583,15.989166,44.447375,0.054563,20662717.511329,564,564,786359,786359,0000000000000000,0
900,14.931000,3.665666,8.107167,15.940750,43.730167,0.054111,20662733.460538,564,564,786359,786359,29a111b6ccb56ac5,1
901,14.959583,3.927583,7.884625,16.034959,43.896125,0.054825,20662750.293788,564,564,786359,786359,0000000000000000,0
902,14.968916,6.583208,8.114459,16.032625,43.275750,0.053790,20662766.339538,564,564,786359,786359,0000000000000000,0
903,14.980583,6.624334,7.941500,16.620917,43.245125,0.054796,20662782.976788,564,564,786359,786359,0000000000000000,0
904,14.982625,7.681916,10.425625,16.090084,42.678417,0.054927,20662799.076788,564,564,786359,786359,0000000000000000,0
905,14.949667,3.513416,7.963958,16.011625,42.039667,0.055059,20662815.105038,564,564,786359,786359,0000000000000000,0
906,14.970958,4.297708,8.087333,15.967875,41.351625,0.054315,20662831.083413,564,564,786359,786359,0000000000000000,0
907,14.937417,4.287500,7.862750,16.529334,41.222417,0.054154,20662847.620913,564,564,786359,786359,0000000000000000,0
908,14.958417,4.013917,7.883750,16.453500,41.015333,0.054577,20662864.080829,564,564,786359,786359,0000000000000000,0
909,14.951417,6.588750,8.052041,17.066875,41.421917,0.054708,20662881.154413,564,564,786359,786359,0000000000000000,0
910,14.964250,5.915584,8.106000,16.076958,40.842375,0.054547,20662897.241579,564,564,786359,786359,0000000000000000,0
911,14.971250,4.112500,7.819292,16.517375,40.697708,0.055554,20662913.765079,564,564,786359,786359,0000000000000000,0
912,14.993708,4.020333,7.841458,17.320333,41.357166,0.055977,20662931.091829,564,564,786359,786359,0000000000000000,0
913,14.987000,3.918541,8.187666,16.589125,41.288333,0.054358,20662947.688246,564,564,786359,786359,0000000000000000,0
914,14.950541,12.009666,8.344292,16.065875,40.691000,0.054781,20662963.757913,564,564,786359,786359,0000000000000000,0
915,14.964542,4.013917,9.227167,16.095333,40.840917,0.053454,20662980.573371,564,564,786359,786359,0000000000000000,0
916,14.960458,4.554959,7.920792,16.201209,40.381250,0.054168,20662996.781288,564,564,786359,786359,0000000000000000,0
917,14.928667,3.954125,8.026958,17.541125,41.261792,0.055758,20663014.330288,564,564,786359,786359,0000000000000000,0
918,14.973875,5.211500,9.673125,16.919583,41.598958,0.055305,20663031.333871,564,564,786359,786359,0000000000000000,0
919,14.936250,6.262959,10.134542,16.146958,41.247792,0.054561,20663047.649121,564,564,786359,786359,0000000000000000,0
920,14.891042,4.006625,8.007708,16.424042,41.012125,0.054110,20663064.079871,564,564,786359,786359,0000000000000000,0
921,14.949084,6.499209,7.952291,16.552375,40.904792,0.054824,20663080.640121,564,564,786359,786359,0000000000000000,0
922,14.998959,8.637708,11.063208,15.961167,42.039667,0.054372,20663098.441121,564,564,786359,786359,0000000000000000,0
923,15.024625,5.073250,9.144333,15.641208,41.024958,0.054503,20663114.093704,564,564,786359,786359,0000000000000000,0
924,15.145959,3.791375,7.937708,16.535750,40.901000,0.054634,20663130.636454,564,564,786359,786359,0000000000000000,0
925,14.983208,3.949458,7.910584,16.152208,40.392625,0.056515,20663146.797121,564,564,786359,786359,0000000000000000,0
926,15.220916,3.968125,9.358125,16.420250,41.024083,0.060730,20663164.099371,564,564,786359,786359,0000000000000000,0
927,14.970959,3.688709,9.337416,15.961167,40.323792,0.056486,20663180.061996,564,564,786359,786359,0000000000000000,0
928,14.925459,3.704750,8.006541,16.495500,40.162792,0.054867,20663196.566246,564,564,786359,786359,0000000000000000,0
929,14.945000,4.831459,7.900084,16.407125,39.905542,0.054415,20663212.975413,564,564,786359,786359,0000000000000000,0
930,14.955209,4.258042,7.873541,16.179042,39.423417,0.054546,20663229.160288,564,564,786359,786359,0000000000000000,0
931,14.935667,4.457250,7.892208,15.939584,39.455209,0.053802,20663245.858205,564,564,786359,786359,0000000000000000,0
932,14.889875,6.196167,7.935375,16.869125,39.699042,0.054809,20663262.769913,564,564,786359,786359,0000000000000000,0
933,14.915833,8.937250,11.129417,16.079875,42.147583,0.055232,20663281.885746,564,564,786359,786359,0000000000000000,0
934,14.897458,4.527250,9.064125,16.132375,41.622000,0.054487,20663298.026288,564,564,786359,786359,0000000000000000,0
935,14.917292,3.874208,7.959292,16.225417,41.189167,0.054328,20663314.260163,564,564,786359,786359,0000000000000000,0
936,14.913791,4.230334,7.875584,16.459333,40.988208,0.054458,20663330.725913,564,564,786359,786359,0000000000000000,0
937,14.980584,11.090917,8.184750,16.220750,40.544584,0.053714,20663346.948705,564,564,786359,786359,0000000000000000,0
938,14.983792,7.622417,10.326750,16.045167,41.370875,0.055013,20663364.443163,564,564,786359,786359,0000000000000000,0
939,14.978833,4.409709,7.756875,16.424625,41.141333,0.054269,20663380.879746,564,564,786359,786359,0000000000000000,0
940,14.977667,4.127083,8.746791,16.404500,40.885833,0.054399,20663397.291246,564,564,786359,786359,0000000000000000,0
941,14.921375,6.311666,8.021125,16.696167,40.924625,0.056281,20663413.998788,564,564,786359,786359,0000000000000000,0
942,14.971542,6.080083,7.999250,16.032625,40.299000,0.054370,20663430.038121,564,564,786359,786359,0000000000000000,0
943,14.968333,6.597208,9.036708,16.737000,40.763916,0.055085,20663447.170621,564,564,786359,786359,0000000000000000,0
944,14.988458,6.334708,7.988458,16.081625,40.185833,0.054342,20663463.258663,564,564,786359,786359,0000000000000000,0
945,14.934208,4.111625,7.927500,16.202375,39.730542,0.055347,20663479.470955,564,564,786359,786359,0000000000000000,0
946,14.963958,7.436625,9.891000,16.147542,41.020583,0.055478,20663497.428288,564,564,786359,786359,0000000000000000,0
947,14.946459,3.699792,9.799125,16.403917,41.176042,0.054443,20663514.249288,564,564,786359,786359,0000000000000000,0
948,14.966000,3.994958,7.982334,16.594375,41.110709,0.054283,20663530.850955,564,564,786359,786359,0000000000000000,0
949,15.004500,6.339958,7.979708,16.254292,40.715500,0.054413,20663547.122455,564,564,786359,786359,0000000000000000,0
950,14.977375,4.299458,9.233875,16.072875,40.303375,0.054545,20663563.377621,564,564,786359,786359,0000000000000000,0
951,14.952875,3.928167,8.022584,16.854541,40.496750,0.055551,20663580.238871,564,564,786359,786359,0000000000000000,0
952,14.964542,3.539667,8.036291,16.763833,40.602625,0.054515,20663597.010288,564,564,786359,786359,0000000000000000,0
953,14.989041,4.578000,8.281292,16.458167,40.400500,0.053772,20663613.474580,564,564,786359,786359,0000000000000000,0
954,14.905334,9.597583,11.410875,15.911000,42.247042,0.054195,20663631.988413,564,564,786359,786359,0000000000000000,0
955,14.956667,5.230167,7.915833,16.010750,41.598958,0.054617,20663648.007621,564,564,786359,786359,0000000000000000,0
956,14.947334,3.987667,8.007125,16.115750,41.054125,0.054457,20663664.129496,564,564,786359,786359,0000000000000000,0
957,14.955208,9.416459,11.244042,15.990334,42.205625,0.054588,20663681.947705,564,564,786359,786359,0000000000000000,0
958,14.956667,4.995083,8.008583,16.139666,41.691708,0.054427,20663698.100496,564,564,786359,786359,0000000000000000,0
959,14.969208,4.268541,8.687292,16.035250,41.066083,0.054559,20663714.141871,564,564,786359,786359,0000000000000000,0
960,14.939750,3.984750,9.527875,16.016583,40.500833,0.054690,20663730.243913,564,564,786359,786359,0000000000000000,0
961,14.980583,3.867209,7.933625,16.679834,40.520667,0.053654,20663746.929580,564,564,786359,786359,0000000000000000,0
962,14.973292,3.926125,7.896875,16.536625,40.396709,0.054369,20663763.473205,564,564,786359,786359,0000000000000000,0
963,14.977958,3.598583,8.725792,16.858625,40.597083,0.054500,20663780.340288,564,564,786359,786359,0000000000000000,0
964,14.982334,6.106042,7.896875,16.125667,40.063334,0.054631,20663796.473830,564,564,786359,786359,0000000000000000,0
965,14.920208,4.049208,8.792584,16.619750,40.356458,0.055346,20663813.434246,564,564,786359,786359,0000000000000000,0
966,14.961333,3.738583,8.839834,17.274250,41.094083,0.055477,20663830.838871,564,564,786359,786359,0000000000000000,0
967,14.987875,4.099959,9.566958,16.352000,40.924917,0.054733,20663847.335830,564,564,786359,786359,0000000000000000,0
968,14.881709,4.359833,9.258666,16.562583,40.826042,0.055157,20663863.904538,564,564,786359,786359,0000000000000000,0
969,14.963667,4.113959,9.173208,16.812833,40.980042,0.055287,20663880.725538,564,564,786359,786359,0000000000000000,0
970,15.001584,4.024417,9.235041,16.238834,40.554501,0.054543,20663896.966122,564,564,786359,786359,0000000000000000,0
971,14.965125,3.609083,9.177875,16.504834,40.671167,0.054383,20663913.749497,564,564,786359,786359,0000000000000000,0
972,14.994875,3.592750,7.945583,16.877875,40.891375,0.054514,20663930.636705,564,564,786359,786359,0000000000000000,0
973,14.961625,6.755875,8.069834,16.202375,40.434334,0.054645,20663946.846372,564,564,786359,786359,0000000000000000,0
974,14.955791,3.894917,7.988750,16.057708,39.832041,0.054485,20663962.910788,564,564,786359,786359,0000000000000000,0
975,14.968334,6.216000,7.942375,17.557167,40.731834,0.055491,20663980.478747,564,564,786359,786359,0000000000000000,0
976,14.963666,4.868209,7.889875,16.821291,40.894291,0.055330,20663997.307913,564,564,786359,786359,0000000000000000,0
977,14.941500,6.145125,7.887541,16.709292,40.951750,0.054879,20664014.031497,564,564,786359,786359,0000000000000000,0
978,14.968625,3.723708,8.383958,16.193042,40.484500,0.054718,20664030.230955,564,564,786359,786359,0000000000000000,0
979,14.966000,4.127666,7.922541,16.153084,39.976125,0.056015,20664046.390747,564,564,786359,786359,0000000000000000,0
980,14.961916,3.615500,7.999834,17.790791,41.106916,0.055272,20664064.187663,564,564,786359,786359,0000000000000000,0
981,14.975917,4.406792,8.099875,16.141417,40.590667,0.053945,20664080.337247,564,564,786359,786359,0000000000000000,0
982,14.965416,3.781750,9.161834,16.276166,40.920541,0.054659,20664097.334413,564,564,786359,786359,0000000000000000,0
983,14.924000,6.740416,8.593083,15.689625,39.952208,0.055374,20664113.033955,564,564,786359,786359,0000000000000000,0
984,15.189709,5.749042,8.048541,16.027958,39.317542,0.053463,20664129.063955,564,564,786359,786359,0000000000000000,0
985,14.941208,4.034625,8.156750,16.363375,39.874333,0.054469,20664146.288913,564,564,786359,786359,0000000000000000,0
986,14.938875,5.349750,7.801208,17.191417,40.407500,0.054893,20664163.489372,564,564,786359,786359,0000000000000000,0
987,14.976500,9.541292,11.244916,16.075791,42.316166,0.055024,20664182.065038,564,564,786359,786359,0000000000000000,0
988,15.129917,4.923625,7.875875,16.399250,42.059500,0.055154,20664198.475080,564,564,786359,786359,0000000000000000,0
989,15.188833,6.407333,10.632708,17.094583,42.949083,0.054411,20664216.031080,564,564,786359,786359,0000000000000000,0
990,15.011208,7.758916,10.467333,15.979542,42.269500,0.054834,20664232.018497,564,564,786359,786359,0000000000000000,0
991,15.003333,7.891916,10.405792,16.109916,41.721166,0.054673,20664248.137163,564,564,786359,786359,0000000000000000,0
992,14.961041,3.799250,7.913209,16.184292,41.245458,0.055097,20664264.328455,564,564,786359,786359,0000000000000000,0
993,14.953458,8.752917,10.426209,16.083959,41.567167,0.053769,20664281.315997,564,564,786359,786359,0000000000000000,0
994,14.947041,3.732459,8.764292,16.188083,41.094958,0.054483,20664297.511080,564,564,786359,786359,0000000000000000,0
995,14.940916,10.138625,11.718875,16.034667,42.713708,0.054323,20664315.796830,564,564,786359,786359,0000000000000000,0
996,14.981750,6.835209,8.328541,16.026792,42.080208,0.055329,20664331.831205,564,564,786359,786359,0000000000000000,0
997,14.989042,4.960083,8.964083,16.144625,41.566292,0.054877,20664347.983705,564,564,786359,786359,0000000000000000,0
998,14.948792,4.032292,7.900958,17.367875,42.280584,0.054425,20664365.364122,564,564,786359,786359,0000000000000000,0
999,16.742250,4.624375,7.902708,15.236375,40.808833,0.099181,20664380.604288,564,564,786359,786359,29a111b6ccb56ac5,1
