frame,encode_ms,send_ms,network_ms,decode_assemble_ms,latency_ms,schedule_late_ms,complete_ms,datagrams_sent,datagrams_received,app_bytes_sent,app_bytes_received,checksum,checksum_sampled
0,14.621542,0.753375,7.681625,15.994709,38.298167,0.053591,20306618.142868,564,564,786359,786359,29a111b6ccb56ac5,1
1,15.758750,0.749000,7.977958,15.902250,39.639250,0.016680,20306636.114201,564,564,786359,786359,0000000000000000,0
2,14.857208,0.732958,7.713417,15.926459,38.497375,5.759659,20306657.382243,564,564,786359,786359,0000000000000000,0
3,15.680000,0.755125,7.937125,15.924126,39.541542,6.332908,20306675.666535,564,564,786359,786359,0000000000000000,0
4,15.077417,0.742292,7.850209,15.892625,38.820542,10.932566,20306696.211826,564,564,786359,786359,0000000000000000,0
5,15.592208,0.765042,7.962208,15.875708,39.430416,12.549679,20306715.105701,564,564,786359,786359,0000000000000000,0
6,15.250666,0.770291,7.793042,16.023000,39.067291,16.428346,20306735.288451,564,564,786359,786359,0000000000000000,0
7,15.505584,0.802959,7.748125,15.773042,39.027042,18.655033,20306754.141493,564,564,786359,786359,0000000000000000,0
8,15.284500,0.770875,7.737042,15.907208,38.929333,22.171164,20306774.226826,564,564,786359,786359,0000000000000000,0
9,15.498583,0.808208,7.938875,15.950958,39.388708,24.356435,20306793.538368,564,564,786359,786359,0000000000000000,0
10,15.253584,0.797417,7.712250,15.944250,38.910667,27.775441,20306813.146243,564,564,786359,786359,0000000000000000,0
11,15.337000,0.839125,7.744042,16.092125,39.173459,30.420374,20306832.721160,564,564,786359,786359,0000000000000000,0
12,15.270792,0.835041,7.730625,16.015416,39.017125,33.366886,20306852.177951,564,564,786359,786359,0000000000000000,0
13,15.285667,0.813750,7.814625,16.005208,39.105792,36.268190,20306871.835118,564,564,786359,786359,0000000000000000,0
14,15.341375,0.847584,7.740833,15.884458,38.966958,39.063621,20306891.158326,564,564,786359,786359,0000000000000000,0
15,15.311042,0.806750,7.870041,15.995292,39.176667,42.049216,20306911.020535,564,564,786359,786359,0000000000000000,0
16,15.379000,0.805291,7.739375,15.864625,38.983583,44.708731,20306930.153868,564,564,786359,786359,0000000000000000,0
17,15.292959,0.817542,7.817541,15.749417,38.860209,47.903449,20306949.892410,564,564,786359,786359,0000000000000000,0
18,15.345166,0.816083,7.752500,15.432083,38.530041,50.370175,20306968.695576,564,564,786359,786359,0000000000000000,0
19,15.335834,0.822792,7.696791,15.055541,38.088750,53.439185,20306987.990201,564,564,786359,786359,0000000000000000,0
20,15.767792,0.829208,7.723041,15.663667,39.154792,55.657707,20307007.941660,564,564,786359,786359,0000000000000000,0
21,15.493917,0.801208,7.676666,15.851792,39.022667,58.208140,20307027.027160,564,564,786359,786359,0000000000000000,0
22,15.318625,0.774084,7.977083,15.914209,39.210500,61.486273,20307047.160035,564,564,786359,786359,0000000000000000,0
23,15.460666,0.807042,7.739959,15.850042,39.051250,63.907500,20307066.088910,564,564,786359,786359,0000000000000000,0
24,15.239583,0.774084,7.683667,15.956500,38.880042,67.371422,20307086.048535,564,564,786359,786359,0000000000000000,0
25,15.390083,0.810542,7.977084,15.999375,39.366833,69.636901,20307105.467701,564,564,786359,786359,0000000000000000,0
26,15.307834,0.802667,7.770583,15.910708,38.989417,72.925826,20307125.046118,564,564,786359,786359,0000000000000000,0
27,15.351583,0.814917,7.709042,15.894083,38.955000,75.685965,20307144.438743,564,564,786359,786359,0000000000000000,0
28,15.306958,0.808500,7.720417,15.857916,38.885583,78.590477,20307163.940451,564,564,786359,786359,0000000000000000,0
29,15.199042,0.824250,7.845542,15.984500,39.029375,81.322034,20307183.482701,564,564,786359,786359,0000000000000000,0
30,15.345458,0.811708,7.857792,16.068500,39.272041,84.151298,20307203.221826,564,564,786359,786359,0000000000000000,0
31,15.474959,0.825417,7.843500,15.999667,39.318417,87.026352,20307222.809868,564,564,786359,786359,0000000000000000,0
32,15.314542,0.858958,7.867417,16.062375,39.244625,90.100905,20307242.477826,564,564,786359,786359,0000000000000000,0
33,15.301708,0.812875,7.697084,16.058000,39.057375,93.019417,20307261.875993,564,564,786359,786359,0000000000000000,0
34,15.283042,0.803250,7.710208,16.051000,39.044833,96.019886,20307281.530826,564,564,786359,786359,0000000000000000,0
35,15.385417,0.799458,7.948208,16.068208,39.402125,98.751443,20307301.286576,564,564,786359,786359,0000000000000000,0
36,15.371708,0.804125,7.662667,16.076375,39.111042,101.739955,20307320.650910,564,564,786359,786359,0000000000000000,0
37,15.067500,0.814041,7.922250,16.092417,39.082458,104.831131,20307340.380118,564,564,786359,786359,0000000000000000,0
38,15.152375,0.812875,7.723333,16.022125,38.898125,107.525647,20307359.557493,564,564,786359,786359,0000000000000000,0
39,15.240167,0.812291,7.807041,15.949209,38.996709,110.593491,20307379.390827,564,564,786359,786359,0000000000000000,0
40,15.367333,0.817834,7.768542,15.981000,39.117167,113.104258,20307398.688952,564,564,786359,786359,0000000000000000,0
41,15.270791,0.800625,7.989625,15.856750,39.117458,116.265435,20307418.517035,564,564,786359,786359,0000000000000000,0
42,15.397666,0.835917,7.804709,15.908083,39.111041,118.896659,20307437.808743,564,564,786359,786359,0000000000000000,0
43,15.369083,0.802083,7.760375,15.946000,39.076042,122.057834,20307457.601827,564,564,786359,786359,0000000000000000,0
44,15.352167,0.822500,7.878208,15.901958,39.132625,124.681768,20307476.949535,564,564,786359,786359,0000000000000000,0
45,15.308125,0.833292,7.891042,16.131208,39.330667,127.808819,20307496.941535,564,564,786359,786359,0000000000000000,0
46,15.419833,0.814625,7.682792,15.879500,38.982708,130.489334,20307515.940993,564,564,786359,786359,0000000000000000,0
47,15.252125,0.795084,7.828333,15.976917,39.057667,133.819676,20307536.013202,564,564,786359,786359,0000000000000000,0
48,15.329125,0.775542,7.696792,15.896708,38.922917,136.153111,20307554.878785,564,564,786359,786359,0000000000000000,0
49,15.213333,0.768541,7.798584,15.857625,38.870125,139.552868,20307574.892660,564,564,786359,786359,0000000000000000,0
50,15.532125,0.803834,7.804417,15.944250,39.281084,141.750681,20307594.168327,564,564,786359,786359,0000000000000000,0
51,15.172500,0.800041,7.880541,16.114875,39.168208,145.103771,20307614.075160,564,564,786359,786359,0000000000000000,0
52,15.378125,0.812584,7.803834,16.113417,39.295667,147.712246,20307633.478285,564,564,786359,786359,0000000000000000,0
53,15.122334,0.816958,7.881416,15.908666,38.913000,150.946338,20307652.996618,564,564,786359,786359,0000000000000000,0
54,15.320958,0.809083,7.889292,15.890000,39.100541,153.685186,20307672.589618,564,564,786359,786359,0000000000000000,0
55,15.359458,0.815791,7.785167,15.863166,39.008083,156.535740,20307692.014618,564,564,786359,786359,0000000000000000,0
56,15.382500,0.796833,7.848458,16.012500,39.243750,159.465920,20307711.847660,564,564,786359,786359,0000000000000000,0
57,15.386583,0.809083,7.828625,15.873083,39.088583,162.218184,20307731.111660,564,564,786359,786359,0000000000000000,0
58,15.305208,0.810250,7.874417,15.903125,39.083041,165.391027,20307750.945868,564,564,786359,786359,0000000000000000,0
59,15.408458,0.806458,7.887542,15.977500,39.273792,167.986085,20307770.398577,564,564,786359,786359,0000000000000000,0
60,15.309875,0.800333,7.714875,15.978084,39.003125,171.148719,20307789.957452,564,564,786359,786359,0000000000000000,0
61,15.317458,0.831250,7.812584,16.006084,39.136417,173.934817,20307809.543452,564,564,786359,786359,0000000000000000,0
62,15.379000,0.829209,7.739958,15.942208,39.061458,176.826788,20307829.027660,564,564,786359,786359,0000000000000000,0
63,15.409333,0.821917,7.994000,15.759625,39.163250,179.745009,20307848.714577,564,564,786359,786359,0000000000000000,0
64,15.306667,0.774959,7.877917,15.682917,38.867792,182.562897,20307867.903910,564,564,786359,786359,0000000000000000,0
65,15.290625,0.825708,7.897167,15.845083,39.033167,185.597492,20307887.770785,564,564,786359,786359,0000000000000000,0
66,15.482250,0.788667,7.783709,15.829917,39.096167,188.107384,20307907.010285,564,564,786359,786359,0000000000000000,0
67,15.336709,0.787792,7.809375,16.007833,39.154500,191.304435,20307926.932868,564,564,786359,786359,0000000000000000,0
68,15.483417,0.816375,7.762708,16.038166,39.284583,193.875577,20307946.300993,564,564,786359,786359,0000000000000000,0
69,15.245125,0.806166,7.730625,15.883875,38.859917,197.139418,20307965.806785,564,564,786359,786359,0000000000000000,0
70,15.339333,0.814625,7.961917,15.927916,39.229458,199.836266,20307985.538618,564,564,786359,786359,0000000000000000,0
71,15.416041,0.812000,8.001584,15.738334,39.156250,202.679530,20308004.977327,564,564,786359,786359,0000000000000000,0
72,15.689042,0.815792,7.769708,15.972541,39.431875,205.738332,20308024.978368,564,564,786359,786359,0000000000000000,0
73,15.566250,0.833291,7.784000,15.490709,38.841250,208.511888,20308043.828202,564,564,786359,786359,0000000000000000,0
74,15.383375,0.795083,7.802375,15.696334,38.882375,211.845438,20308063.870077,564,564,786359,786359,0000000000000000,0
75,15.791708,0.805000,7.838834,15.862875,39.493709,214.027792,20308083.330369,564,564,786359,786359,0000000000000000,0
76,15.322125,0.820458,7.931875,15.942208,39.196500,217.408882,20308103.081452,564,564,786359,786359,0000000000000000,0
77,15.431500,0.827167,7.882583,16.000542,39.314917,220.196730,20308122.654619,564,564,786359,786359,0000000000000000,0
78,15.381333,0.854292,7.664417,15.979833,39.025875,223.284115,20308142.119577,564,564,786359,786359,0000000000000000,0
79,15.284209,0.830667,7.669958,15.879500,38.834250,226.186002,20308161.497035,564,564,786359,786359,0000000000000000,0
80,15.430333,0.792459,7.711083,15.936083,39.077791,228.984934,20308181.206410,564,564,786359,786359,0000000000000000,0
81,15.393292,0.826583,7.876166,15.828458,39.098208,231.698990,20308200.607785,564,564,786359,786359,0000000000000000,0
82,15.411375,0.809375,8.101042,16.117792,39.630500,234.743500,20308220.851202,564,564,786359,786359,0000000000000000,0
83,15.484292,0.772917,7.942958,16.099125,39.526667,237.476807,20308240.147869,564,564,786359,786359,0000000000000000,0
84,15.237833,0.808209,7.786042,16.094750,39.118916,241.048937,20308259.979160,564,564,786359,786359,0000000000000000,0
85,15.373750,0.795375,7.700000,16.024458,39.098500,243.681327,20308279.258035,564,564,786359,786359,0000000000000000,0
86,15.308709,0.801500,7.787208,15.834875,38.931084,246.846296,20308298.922494,564,564,786359,786359,0000000000000000,0
87,15.460958,0.821042,7.749000,16.312042,39.522292,249.456812,20308318.791119,564,564,786359,786359,0000000000000000,0
88,15.367333,0.802083,7.615125,15.878042,38.860792,252.452323,20308337.791744,564,564,786359,786359,0000000000000000,0
89,15.285084,0.773792,7.814333,15.957083,39.056792,255.656957,20308357.859577,564,564,786359,786359,0000000000000000,0
90,15.476125,0.801500,7.819583,15.951833,39.247833,257.988352,20308377.048910,564,564,786359,786359,0000000000000000,0
91,15.269625,0.802666,7.945292,15.890000,39.105500,261.389566,20308396.974410,564,564,786359,786359,0000000000000000,0
92,15.372584,0.805291,7.847000,15.601250,38.821125,263.916667,20308415.884035,564,564,786359,786359,0000000000000000,0
93,15.276625,0.807916,7.914084,15.894667,39.085667,267.176134,20308436.074952,564,564,786359,786359,0000000000000000,0
94,15.374041,0.790709,7.984959,15.866084,39.225375,269.458820,20308455.164244,564,564,786359,786359,0000000000000000,0
95,15.263209,0.795375,7.768541,15.873958,38.906000,272.943160,20308474.996410,564,564,786359,786359,0000000000000000,0
96,15.397666,0.816084,7.778750,15.919750,39.096458,275.361470,20308494.272077,564,564,786359,786359,0000000000000000,0
97,15.292667,0.798875,7.707875,16.117792,39.118625,278.530520,20308514.130202,564,564,786359,786359,0000000000000000,0
98,15.415750,0.811708,7.878792,16.148416,39.443250,281.136079,20308533.727285,564,564,786359,786359,0000000000000000,0
99,15.306958,0.818125,7.749000,16.088041,39.144291,284.327879,20308553.287035,564,564,786359,786359,0000000000000000,0
100,15.344292,0.808792,7.919333,15.909833,39.173750,287.256016,20308572.911535,564,564,786359,786359,29a111b6ccb56ac5,1
101,15.357709,0.837083,7.878791,15.954458,39.191250,290.148863,20308592.488785,564,564,786359,786359,0000000000000000,0
102,15.268750,0.765917,7.800625,16.046917,39.116292,293.838241,20308612.770119,564,564,786359,786359,0000000000000000,0
103,15.420708,0.746958,7.765917,16.074041,39.260958,296.017970,20308631.761410,564,564,786359,786359,0000000000000000,0
104,15.243083,0.767375,7.711084,16.059459,39.013917,299.630058,20308651.793369,564,564,786359,786359,0000000000000000,0
105,15.448416,0.778458,7.804417,16.065291,39.318416,301.953578,20308671.088285,564,564,786359,786359,0000000000000000,0
106,15.255334,0.800333,7.861583,15.775958,38.893167,305.327084,20308690.703452,564,564,786359,786359,0000000000000000,0
107,15.411959,0.793334,7.798875,15.935208,39.146042,307.953351,20308710.249202,564,564,786359,786359,0000000000000000,0
108,15.403792,0.821042,7.709625,15.813291,38.927000,310.897821,20308729.641535,564,564,786359,786359,0000000000000000,0
109,15.324458,0.814625,7.665000,16.011042,39.000792,313.774334,20308749.258744,564,564,786359,786359,0000000000000000,0
110,15.288000,0.830959,7.770583,15.908958,38.967833,316.500058,20308768.618702,564,564,786359,786359,0000000000000000,0
111,15.303167,0.794500,7.763875,16.063250,39.130875,319.449778,20308788.398077,564,564,786359,786359,0000000000000000,0
112,15.372292,0.814334,7.627083,15.866667,38.866625,322.146626,20308807.497869,564,564,786359,786359,0000000000000000,0
113,15.274291,0.773500,7.896875,15.903417,39.074875,325.255887,20308827.482286,564,564,786359,786359,0000000000000000,0
114,15.368792,0.774084,7.763291,16.103208,39.235583,327.694613,20308846.748327,564,564,786359,786359,0000000000000000,0
115,15.284500,0.791291,7.841750,16.085125,39.211666,331.006578,20308866.703577,564,564,786359,786359,0000000000000000,0
116,15.477000,0.814625,7.697958,16.027375,39.202625,333.608054,20308885.962911,564,564,786359,786359,0000000000000000,0
117,15.264375,0.816083,7.889875,16.059167,39.214000,336.892895,20308905.926036,564,564,786359,786359,0000000000000000,0
118,15.442583,0.804125,7.831250,15.968458,39.242583,339.485619,20308925.214244,564,564,786359,786359,0000000000000000,0
119,15.282750,0.838542,7.802958,16.109625,39.195625,342.781544,20308945.130119,564,564,786359,786359,0000000000000000,0
120,15.467375,0.814041,7.741125,15.911875,39.120667,345.401977,20308964.342494,564,564,786359,786359,0000000000000000,0
121,15.313667,0.778750,7.888125,16.049250,39.251334,348.652110,20308984.389911,564,564,786359,786359,0000000000000000,0
122,15.489541,0.815792,7.701459,15.796375,38.987666,351.197877,20309003.339202,564,564,786359,786359,0000000000000000,0
123,15.303750,0.771750,8.052625,15.876292,39.233250,354.578092,20309023.631911,564,564,786359,786359,0000000000000000,0
124,15.495375,0.766208,7.873541,15.766042,39.135250,356.866320,20309042.489036,564,564,786359,786359,0000000000000000,0
125,15.256791,0.776709,7.741417,15.815916,38.814416,360.486283,20309062.455077,564,564,786359,786359,0000000000000000,0
126,15.516083,0.796542,7.793333,15.573250,38.882958,362.682929,20309081.386869,564,564,786359,786359,0000000000000000,0
127,15.389208,0.801792,7.718667,15.572958,38.681125,365.983812,20309101.153119,564,564,786359,786359,0000000000000000,0
128,15.829625,0.816666,7.667333,15.699250,39.196500,368.241125,20309120.592411,564,564,786359,786359,0000000000000000,0
129,15.405542,0.795959,7.751042,15.690500,38.847375,371.340759,20309140.009827,564,564,786359,786359,0000000000000000,0
130,15.372875,0.819292,8.030458,15.893208,39.296833,374.112273,20309159.897702,564,564,786359,786359,0000000000000000,0
131,15.448417,0.849333,7.896583,16.069083,39.414375,376.862205,20309179.432077,564,564,786359,786359,0000000000000000,0
132,15.292959,0.816083,7.844958,16.073750,39.212250,380.083172,20309199.117827,564,564,786359,786359,0000000000000000,0
133,15.327958,0.805583,7.829500,15.935791,39.093541,382.954435,20309218.537577,564,564,786359,786359,0000000000000000,0
134,15.318334,0.802666,7.695333,16.032333,39.046292,385.976488,20309238.178994,564,564,786359,786359,0000000000000000,0
135,15.306958,0.818417,7.930125,16.136458,39.374125,388.728752,20309257.925994,564,564,786359,786359,0000000000000000,0
136,15.260583,0.800042,7.737333,16.122167,39.120375,391.700347,20309277.311036,564,564,786359,786359,0000000000000000,0
137,15.267875,0.788959,7.798291,15.913042,38.979500,394.780442,20309296.917161,564,564,786359,786359,0000000000000000,0
138,15.376084,0.816958,7.871791,15.947750,39.195917,397.495373,20309316.515119,564,564,786359,786359,0000000000000000,0
139,15.348667,0.823083,7.892208,16.025916,39.267083,400.435760,20309336.193577,564,564,786359,786359,0000000000000000,0
140,15.372292,0.827459,7.647208,16.001125,39.020917,403.371481,20309355.550036,564,564,786359,786359,0000000000000000,0
141,15.257084,0.805000,7.832125,16.078709,39.168209,406.380992,20309375.374036,564,564,786359,786359,0000000000000000,0
142,15.412250,0.807625,7.848750,16.046333,39.307625,409.067340,20309394.866702,564,564,786359,786359,0000000000000000,0
143,15.412833,0.800334,7.828625,15.919750,39.161500,412.229392,20309414.549536,564,564,786359,786359,0000000000000000,0
144,15.482250,0.801500,7.784583,15.902833,39.169958,415.050197,20309434.045702,564,564,786359,786359,0000000000000000,0
145,15.327375,0.809375,7.789541,15.839833,38.957041,418.066125,20309453.515327,564,564,786359,786359,0000000000000000,0
146,15.381917,0.808500,7.745500,15.920042,39.047750,420.900639,20309473.107744,564,564,786359,786359,0000000000000000,0
147,15.424792,0.837375,7.807041,15.949208,39.181333,423.698402,20309492.705994,564,564,786359,786359,0000000000000000,0
148,15.372584,0.815500,7.904750,16.008125,39.285750,426.622748,20309512.401369,564,564,786359,786359,0000000000000000,0
149,15.348375,0.798292,7.813750,15.999375,39.161792,429.554677,20309531.876536,564,564,786359,786359,0000000000000000,0
150,15.328250,0.803833,7.737042,15.890000,38.955583,432.582563,20309551.365119,564,564,786359,786359,0000000000000000,0
151,15.372000,0.812000,8.007125,15.949500,39.329208,435.397243,20309571.220036,564,564,786359,786359,0000000000000000,0
152,15.486917,0.807625,8.052916,15.954458,39.494583,438.212799,20309590.867869,564,564,786359,786359,0000000000000000,0
153,15.393000,0.814917,7.735583,16.072583,39.201458,441.401391,20309610.430244,564,564,786359,786359,0000000000000000,0
154,15.181833,0.823084,7.638167,15.870459,38.690750,444.381736,20309629.567078,564,564,786359,786359,0000000000000000,0
155,15.283625,0.781084,7.771167,15.966417,39.021500,447.280708,20309649.463411,564,564,786359,786359,0000000000000000,0
156,15.411375,0.787500,7.875000,16.031750,39.318417,449.747142,20309668.893661,564,564,786359,786359,0000000000000000,0
157,15.207208,0.803250,7.712542,16.086584,39.006625,452.977442,20309688.479078,564,564,786359,786359,0000000000000000,0
158,15.344875,0.810250,7.681042,16.102041,39.128250,455.740790,20309708.031244,564,564,786359,786359,0000000000000000,0
159,15.372292,0.798292,7.749000,15.925584,39.047167,458.662219,20309727.538203,564,564,786359,786359,0000000000000000,0
160,15.335542,0.798583,7.897167,15.869875,39.102875,461.544273,20309747.142869,564,564,786359,786359,0000000000000000,0
161,15.391250,0.809084,7.782250,15.961458,39.135250,464.389871,20309766.687744,564,564,786359,786359,0000000000000000,0
162,15.415458,0.805000,7.678708,15.891167,38.985625,467.321508,20309786.136953,564,564,786359,786359,0000000000000000,0
163,15.355959,0.829792,7.880541,15.697792,38.934584,470.199770,20309805.631078,564,564,786359,786359,0000000000000000,0
164,15.415750,0.830666,7.729167,15.893208,39.038417,472.985868,20309825.187911,564,564,786359,786359,0000000000000000,0
165,15.326209,0.821916,7.749291,15.913625,38.989417,475.809590,20309844.629536,564,564,786359,786359,0000000000000000,0
166,15.406709,0.799750,7.726833,15.849750,38.983875,478.705061,20309864.186369,564,564,786359,786359,0000000000000000,0
167,15.439667,0.799750,7.792750,15.927625,39.160333,481.473950,20309883.798619,564,564,786359,786359,0000000000000000,0
168,15.368208,0.799166,7.732083,16.073458,39.174041,484.363880,20309903.368869,564,564,786359,786359,0000000000000000,0
169,15.344000,0.838542,7.830958,16.180791,39.356041,487.313308,20309923.167494,564,564,786359,786359,0000000000000000,0
170,15.332625,0.799750,7.891333,16.044291,39.268541,490.212571,20309942.645869,564,564,786359,786359,0000000000000000,0
171,15.392417,0.806750,7.868583,16.081333,39.342625,493.348956,20309962.523536,564,564,786359,786359,0000000000000000,0
172,15.465333,0.802375,7.957834,16.112542,39.536000,496.155178,20309982.190036,564,564,786359,786359,0000000000000000,0
173,15.376083,0.810834,7.872667,15.852959,39.102000,499.367104,20310001.634578,564,564,786359,786359,0000000000000000,0
174,15.350125,0.813167,7.896875,15.876583,39.123875,502.365823,20310021.322369,564,564,786359,786359,0000000000000000,0
175,15.424791,0.811417,7.727125,15.980125,39.132333,505.143754,20310040.775661,564,564,786359,786359,0000000000000000,0
176,15.259417,0.815500,7.916708,16.010750,39.187167,508.164349,20310060.517703,564,564,786359,786359,0000000000000000,0
177,15.459791,0.804709,7.707584,16.066459,39.234125,510.949571,20310080.017078,564,564,786359,786359,0000000000000000,0
178,15.315125,0.809083,7.671125,15.547292,38.533542,514.025581,20310099.059411,564,564,786359,786359,0000000000000000,0
179,15.330583,0.836792,7.847292,15.211292,38.389458,516.860387,20310118.417036,564,564,786359,786359,0000000000000000,0
180,15.877167,0.812292,7.856625,20.163791,43.897875,519.236697,20310142.968369,564,564,786359,786359,0000000000000000,0
181,15.872208,0.735000,10.070667,15.775958,41.718833,521.925087,20310160.144911,564,564,786359,786359,0000000000000000,0
182,14.960458,0.729458,7.683959,15.649084,38.294084,529.809457,20310181.271495,564,564,786359,786359,0000000000000000,0
183,15.856458,0.730916,7.774084,15.953000,39.583833,530.319123,20310199.737786,564,564,786359,786359,0000000000000000,0
184,15.296750,0.723917,7.842334,15.891167,39.030834,534.778783,20310220.311370,564,564,786359,786359,0000000000000000,0
185,15.617875,0.759209,7.762708,15.879500,39.260375,536.579352,20310239.008370,564,564,786359,786359,0000000000000000,0
186,15.257083,0.755417,7.748709,15.964084,38.970167,540.484269,20310259.289995,564,564,786359,786359,0000000000000000,0
187,15.487208,0.774666,7.718959,15.902250,39.108708,542.513791,20310278.124661,564,564,786359,786359,0000000000000000,0
188,15.258250,0.772917,7.742000,16.031750,39.032292,546.128213,20310298.329578,564,564,786359,786359,0000000000000000,0
189,15.491875,0.783417,7.962500,15.947167,39.401834,548.301526,20310317.539620,564,564,786359,786359,0000000000000000,0
190,15.309292,0.783125,7.859833,15.985375,39.155084,551.840989,20310337.499245,564,564,786359,786359,0000000000000000,0
191,15.454250,0.806459,7.823666,15.941917,39.219833,554.378298,20310356.768203,564,564,786359,786359,0000000000000000,0
192,15.313667,0.795375,7.900083,15.886209,39.100542,557.671597,20310376.609120,564,564,786359,786359,0000000000000000,0
193,15.293833,0.811125,7.603459,15.888834,38.786417,560.278321,20310395.568620,564,564,786359,786359,0000000000000000,0
194,15.306084,0.790708,7.960166,15.869292,39.135834,563.446790,20310415.753120,564,564,786359,786359,0000000000000000,0
195,15.520167,0.791584,7.855458,15.916250,39.292167,565.741143,20310434.870995,564,564,786359,786359,0000000000000000,0
196,15.279541,0.781958,7.622417,15.935791,38.838041,569.259314,20310454.601661,564,564,786359,786359,0000000000000000,0
197,16.728833,0.738500,7.858084,15.777125,40.364333,571.714375,20310475.249911,564,564,786359,786359,0000000000000000,0
198,15.650541,0.742583,7.787500,15.934625,39.372958,574.775218,20310493.986578,564,564,786359,786359,0000000000000000,0
199,15.205750,0.743750,7.748708,15.905750,38.860500,578.753051,20310514.118870,564,564,786359,786359,0000000000000000,0
200,15.512583,0.797416,7.751625,15.952417,39.217208,580.822824,20310533.211953,564,564,786359,786359,29a111b6ccb56ac5,1
201,15.287125,0.783709,7.865667,15.920042,39.073125,584.288497,20310553.200453,564,564,786359,786359,0000000000000000,0
202,15.304041,0.801500,7.758334,15.903416,38.965791,587.452881,20310572.924411,564,564,786359,786359,0000000000000000,0
203,15.434417,0.825125,7.894250,15.724625,39.053584,590.035981,20310592.262495,564,564,786359,786359,0000000000000000,0
204,15.400000,0.822500,7.732083,16.090083,39.222458,593.093033,20310612.155328,564,564,786359,786359,0000000000000000,0
205,15.463000,0.822208,7.839708,16.050125,39.353125,595.766257,20310631.625828,564,564,786359,786359,0000000000000000,0
206,15.321250,0.814625,7.672292,16.109042,39.102875,598.990725,20310651.266953,564,564,786359,786359,0000000000000000,0
207,15.392125,0.819583,7.835333,15.993833,39.221583,601.795780,20310670.857911,564,564,786359,786359,0000000000000000,0
208,15.458917,0.814042,7.774375,16.083958,39.317250,604.774374,20310690.599078,564,564,786359,786359,0000000000000000,0
209,15.406417,0.812875,7.871208,16.128583,39.406500,607.694637,20310710.275203,564,564,786359,786359,0000000000000000,0
210,15.407875,0.814041,7.705542,16.235042,39.349042,610.766273,20310729.956578,564,564,786359,786359,0000000000000000,0
211,15.353625,0.819000,7.758917,16.074333,39.187167,613.775492,20310749.470828,564,564,786359,786359,0000000000000000,0
212,15.332625,0.818125,7.847000,15.914208,39.094125,616.789671,20310769.058578,564,564,786359,786359,0000000000000000,0
213,15.488083,0.810542,7.712250,15.896708,39.097333,619.637892,20310788.577203,564,564,786359,786359,0000000000000000,0
214,15.502375,0.809084,7.788959,16.048667,39.340292,622.560779,20310808.409953,564,564,786359,786359,0000000000000000,0
215,15.439958,0.821042,7.910292,16.128875,39.479416,625.412210,20310828.067411,564,564,786359,786359,0000000000000000,0
216,15.422750,0.809666,7.686583,15.806875,38.916500,628.578635,20310847.337828,564,564,786359,786359,0000000000000000,0
217,15.408459,0.788083,7.667916,15.854417,38.930792,631.566563,20310867.006953,564,564,786359,786359,0000000000000000,0
218,15.505292,0.833584,7.747834,15.939000,39.192417,634.175914,20310886.544828,564,564,786359,786359,0000000000000000,0
219,15.453084,0.820167,7.809666,15.953583,39.216625,637.175800,20310906.235828,564,564,786359,786359,0000000000000000,0
220,15.463584,0.818708,7.701458,15.879792,39.045417,640.045021,20310925.600745,564,564,786359,786359,0000000000000000,0
221,15.397083,0.792750,7.963084,15.861709,39.222167,643.071158,20310945.470537,564,564,786359,786359,0000000000000000,0
222,15.510250,0.826292,7.882875,15.866083,39.259792,645.765089,20310964.868995,564,564,786359,786359,0000000000000000,0
223,15.407584,0.814042,7.675208,16.097666,39.180750,648.968556,20310984.660328,564,564,786359,786359,0000000000000000,0
224,15.476125,0.820750,7.757750,15.884750,39.118916,651.699530,20311003.996078,564,564,786359,786359,0000000000000000,0
225,15.442000,0.797708,7.736167,15.957666,39.136125,654.824539,20311023.805203,564,564,786359,786359,0000000000000000,0
226,15.491875,0.839417,7.835917,16.142292,39.470375,657.498929,20311043.480745,564,564,786359,786359,0000000000000000,0
227,15.212167,0.831833,7.661500,16.060625,38.934584,660.635315,20311062.748537,564,564,786359,786359,0000000000000000,0
228,15.283333,0.806458,7.859542,15.986542,39.130000,663.643368,20311082.618620,564,564,786359,786359,0000000000000000,0
229,15.472333,0.818709,7.902125,15.859083,39.233833,666.244842,20311101.991120,564,564,786359,786359,0000000000000000,0
230,15.398250,0.799750,7.799750,15.886792,39.085083,669.448310,20311121.712745,564,564,786359,786359,0000000000000000,0
231,15.373167,0.817250,7.735000,15.927917,39.036667,672.154491,20311141.037120,564,564,786359,786359,0000000000000000,0
232,15.373750,0.790709,7.828625,15.928209,39.131167,675.208627,20311160.852662,564,564,786359,786359,0000000000000000,0
233,15.468541,0.825708,7.821917,15.777708,39.068458,677.867851,20311180.116370,564,564,786359,786359,0000000000000000,0
234,15.454834,0.800041,7.777583,15.820291,39.053000,681.014736,20311199.914703,564,564,786359,786359,0000000000000000,0
235,15.528625,0.817834,7.737042,16.095916,39.361875,683.613002,20311219.488453,564,564,786359,786359,0000000000000000,0
236,15.436750,0.839125,7.827458,15.884458,39.148958,686.741804,20311239.071245,564,564,786359,786359,0000000000000000,0
237,15.456584,0.809958,7.831250,15.797834,39.085959,689.649525,20311258.583162,564,564,786359,786359,0000000000000000,0
238,15.429458,0.811417,7.810834,15.982167,39.222750,692.567453,20311278.301870,564,564,786359,786359,0000000000000000,0
239,15.283917,0.803542,7.873250,16.050708,39.208458,695.412759,20311297.802703,564,564,786359,786359,0000000000000000,0
240,15.327666,0.811417,7.794500,15.993833,39.116291,698.464269,20311317.428953,564,564,786359,786359,0000000000000000,0
241,15.387459,0.809083,7.864791,16.095333,39.348167,701.299074,20311337.162245,564,564,786359,786359,0000000000000000,0
242,15.361208,0.805875,7.924292,16.015125,39.300917,704.256087,20311356.738912,564,564,786359,786359,0000000000000000,0
243,15.345166,0.811416,7.819292,16.082500,39.247250,707.327722,20311376.423787,564,564,786359,786359,0000000000000000,0
244,15.327375,0.810541,7.685709,16.057709,39.071084,710.232234,20311395.819037,564,564,786359,786359,0000000000000000,0
245,15.289458,0.794792,8.143625,15.997625,39.431000,713.249621,20311415.863537,564,564,786359,786359,0000000000000000,0
246,15.455125,0.792458,7.894833,15.911292,39.261542,715.983802,20311435.095162,564,564,786359,786359,0000000000000000,0
247,15.305500,0.786041,7.760084,15.738917,38.804792,719.361976,20311454.683495,564,564,786359,786359,0000000000000000,0
248,15.407875,0.806166,7.737625,15.957666,39.103458,721.926118,20311474.213203,564,564,786359,786359,0000000000000000,0
249,15.348958,0.819875,7.708167,15.952125,39.009250,724.841713,20311493.701495,564,564,786359,786359,0000000000000000,0
250,15.386000,0.800917,7.688625,15.917125,38.992333,727.704518,20311513.213995,564,564,786359,786359,0000000000000000,0
251,15.352458,0.826875,7.781084,16.078709,39.212542,730.527074,20311532.923662,564,564,786359,786359,0000000000000000,0
252,15.369083,0.814625,7.836209,16.085709,39.291292,733.377628,20311552.520162,564,564,786359,786359,0000000000000000,0
253,15.397084,0.800333,7.697666,15.859667,38.954709,736.413681,20311571.886537,564,564,786359,786359,0000000000000000,0
254,15.425375,0.804708,7.759792,15.928792,39.114250,739.345610,20311591.644912,564,564,786359,786359,0000000000000000,0
255,15.439667,0.821625,7.778750,16.071416,39.290125,742.050334,20311611.192120,564,564,786359,786359,0000000000000000,0
256,15.340792,0.811125,7.763875,15.830792,38.935750,745.135677,20311630.590287,564,564,786359,786359,0000000000000000,0
257,15.461833,0.797416,7.811709,16.182250,39.456375,748.015399,20311650.657537,564,564,786359,786359,0000000000000000,0
258,15.243375,0.786917,7.718959,15.998792,38.961417,750.752205,20311669.566287,564,564,786359,786359,0000000000000000,0
259,15.322708,0.770875,7.775250,16.057708,39.155958,754.147003,20311689.822537,564,564,786359,786359,0000000000000000,0
260,15.504417,0.776125,7.753375,16.047792,39.305875,756.393816,20311708.886162,564,564,786359,786359,0000000000000000,0
261,15.282458,0.764750,7.796542,16.026500,39.105792,759.979653,20311728.938829,564,564,786359,786359,0000000000000000,0
262,15.530375,0.800042,7.688625,16.090083,39.309375,762.377838,20311748.207495,564,564,786359,786359,0000000000000000,0
263,15.410792,0.772333,7.802666,16.102917,39.316667,765.766221,20311768.270079,564,564,786359,786359,0000000000000000,0
264,15.304625,0.781084,7.697375,16.270917,39.273209,768.362153,20311787.489454,564,564,786359,786359,0000000000000000,0
265,15.293250,0.773209,7.761542,16.030000,39.085375,771.763951,20311807.370037,564,564,786359,786359,0000000000000000,0
266,15.495666,0.821916,7.764750,16.224250,39.484958,774.315552,20311826.988412,564,564,786359,786359,0000000000000000,0
267,15.343125,0.816083,7.851958,16.172916,39.368291,777.524561,20311846.747370,564,564,786359,786359,0000000000000000,0
268,15.218291,0.817833,7.750750,16.102333,39.071666,780.480406,20311866.073495,564,564,786359,786359,0000000000000000,0
269,15.300834,0.802666,7.711375,16.110500,39.123000,783.572167,20311885.883495,564,564,786359,786359,0000000000000000,0
270,15.417792,0.806750,7.779042,16.130625,39.327750,786.227599,20311905.410870,564,564,786359,786359,0000000000000000,0
271,15.336708,0.805292,7.920792,16.051584,39.309375,789.369525,20311925.201329,564,564,786359,786359,0000000000000000,0
272,15.458625,0.812875,7.737334,16.222792,39.419334,792.232914,20311944.841579,564,564,786359,786359,0000000000000000,0
273,15.319209,0.819000,7.741125,16.229208,39.290125,795.354423,20311964.500495,564,564,786359,786359,0000000000000000,0
274,15.350417,0.800042,7.742000,16.010166,39.102875,798.326893,20311983.952620,564,564,786359,786359,0000000000000000,0
275,15.358583,0.816375,7.837959,16.104667,39.301500,801.318905,20312003.810162,564,564,786359,786359,0000000000000000,0
276,15.444333,0.822500,7.917875,16.219583,39.582083,804.103836,20312023.542870,564,564,786359,786359,0000000000000000,0
277,15.367625,0.813459,7.877334,16.173209,39.418459,807.299136,20312043.241454,564,564,786359,786359,0000000000000000,0
278,15.348083,0.829500,7.824834,16.086000,39.259500,810.360272,20312062.810537,564,564,786359,786359,0000000000000000,0
279,15.337875,0.837083,7.938292,16.016292,39.292750,813.393992,20312082.544412,564,564,786359,786359,0000000000000000,0
280,15.452500,0.819583,7.821041,16.180792,39.454625,816.294421,20312102.273329,564,564,786359,786359,0000000000000000,0
281,15.344583,0.832708,7.669375,15.855875,38.870125,819.361973,20312121.423287,564,564,786359,786359,0000000000000000,0
282,15.293834,0.782250,7.800041,16.240875,39.335042,822.423109,20312141.616537,564,564,786359,786359,0000000000000000,0
283,15.440250,0.841750,7.943834,15.823209,39.207584,824.907335,20312160.640204,564,564,786359,786359,0000000000000000,0
284,15.308708,0.768834,7.975625,15.889708,39.174333,828.438049,20312180.804287,564,564,786359,786359,0000000000000000,0
285,15.527750,0.790125,7.795375,16.065875,39.389292,830.790151,20312200.038537,564,564,786359,786359,0000000000000000,0
286,15.306084,0.782250,7.839416,16.009292,39.155084,834.288489,20312219.969579,564,564,786359,786359,0000000000000000,0
287,15.422458,0.832125,7.804708,15.609708,38.837166,836.855548,20312238.885620,564,564,786359,786359,0000000000000000,0
288,15.488958,0.824250,7.951709,16.041083,39.482333,840.122890,20312259.464745,564,564,786359,786359,0000000000000000,0
289,15.901375,0.810542,7.804417,15.318917,39.025001,842.367077,20312277.918496,564,564,786359,786359,0000000000000000,0
290,15.658709,0.746083,7.648375,15.934625,39.242001,846.282494,20312298.718121,564,564,786359,786359,0000000000000000,0
291,15.736875,0.744041,7.906500,15.842458,39.486125,848.064978,20312317.411329,564,564,786359,786359,0000000000000000,0
292,15.257083,0.744625,8.116500,15.923833,39.298000,852.199434,20312338.024579,564,564,786359,786359,0000000000000000,0
293,15.657542,0.772333,7.760666,15.934333,39.352833,854.224000,20312356.771162,564,564,786359,786359,0000000000000000,0
294,15.310750,0.736750,7.819583,16.369208,39.500125,858.172083,20312377.533454,564,564,786359,786359,0000000000000000,0
295,15.530083,0.793625,7.753083,18.249000,41.532458,860.251772,20312398.312079,564,564,786359,786359,0000000000000000,0
296,15.257667,0.747250,7.924583,16.132375,39.314917,864.362895,20312416.872871,564,564,786359,786359,0000000000000000,0
297,15.130208,0.742875,7.854584,15.937834,38.922917,868.460893,20312437.245496,564,564,786359,786359,0000000000000000,0
298,15.568875,0.806750,7.792750,16.058875,39.421083,870.351584,20312456.301537,564,564,786359,786359,0000000000000000,0
299,15.292959,0.775542,7.800916,16.057708,39.151875,874.057880,20312476.405537,564,564,786359,786359,0000000000000000,0
300,15.470000,0.806459,7.808500,15.959125,39.237916,876.448190,20312495.548787,564,564,786359,786359,29a111b6ccb56ac5,1
301,15.306667,0.779334,7.865375,15.874250,39.046584,879.883821,20312515.459996,564,564,786359,786359,0000000000000000,0
302,15.323875,0.777292,7.711375,15.917125,38.952667,883.105955,20312535.255121,564,564,786359,786359,0000000000000000,0
303,15.292667,0.829500,7.685708,15.894667,38.873334,885.608264,20312554.344996,564,564,786359,786359,0000000000000000,0
304,15.308708,0.781083,7.706417,15.974291,38.989708,888.733274,20312574.253287,564,564,786359,786359,0000000000000000,0
305,15.514333,0.830083,7.747834,16.038167,39.300917,891.159751,20312593.657871,564,564,786359,786359,0000000000000000,0
306,16.734083,0.745209,7.814334,15.905167,40.453875,894.403467,20312614.721454,564,564,786359,786359,0000000000000000,0
307,15.674750,0.719833,7.878500,15.962625,39.516166,897.141732,20312633.188912,564,564,786359,786359,0000000000000000,0
308,15.163750,0.732375,7.690667,15.916542,38.771250,901.532560,20312653.501454,564,564,786359,786359,0000000000000000,0
309,15.522208,0.807042,7.820167,15.971959,39.314917,903.333128,20312672.512871,564,564,786359,786359,0000000000000000,0
310,15.347208,0.776417,7.630584,16.084834,39.062917,906.982839,20312692.577496,564,564,786359,786359,0000000000000000,0
311,15.446958,0.802083,7.863917,16.056250,39.367417,909.329109,20312711.894871,564,564,786359,786359,0000000000000000,0
312,15.389792,0.783125,7.831833,16.005792,39.227709,912.725657,20312731.818621,564,564,786359,786359,0000000000000000,0
313,15.410209,0.797125,7.893083,15.837208,39.140792,915.371756,20312751.044704,564,564,786359,786359,0000000000000000,0
314,15.310750,0.797125,7.999542,15.933167,39.244042,918.630057,20312771.073454,564,564,786359,786359,0000000000000000,0
315,15.514917,0.788084,7.803833,16.088916,39.407958,921.190698,20312790.464912,564,564,786359,786359,0000000000000000,0
316,15.297625,0.812875,7.802375,16.092417,39.192708,924.548455,20312810.274329,564,564,786359,786359,0000000000000000,0
317,15.436166,0.814041,7.821917,16.031458,39.289833,927.273304,20312829.763204,564,564,786359,786359,0000000000000000,0
318,15.137209,0.825125,7.891916,15.917417,38.946834,930.415813,20312849.229621,564,564,786359,786359,0000000000000000,0
319,15.309000,0.850208,7.721583,15.867541,38.898416,933.238368,20312868.670662,564,564,786359,786359,0000000000000000,0
320,15.362959,0.823084,7.712541,16.062667,39.138459,936.043424,20312888.382371,564,564,786359,786359,0000000000000000,0
321,15.386583,0.813750,7.933625,16.078417,39.398917,938.812022,20312908.078621,564,564,786359,786359,0000000000000000,0
322,15.372292,0.816666,7.826291,16.077542,39.276417,941.856240,20312927.667246,564,564,786359,786359,0000000000000000,0
323,15.430042,0.798875,7.922542,16.054792,39.407667,944.886169,20312947.495329,564,564,786359,786359,0000000000000000,0
324,15.551083,0.826875,7.905625,16.020959,39.477959,947.810806,20312967.157163,564,564,786359,786359,0000000000000000,0
325,15.247167,0.806750,7.651583,15.997916,38.896958,950.969357,20312986.401329,564,564,786359,786359,0000000000000000,0
326,15.317458,0.794791,7.777000,16.024750,39.119500,953.963994,20313006.285413,564,564,786359,786359,0000000000000000,0
327,15.277792,0.789833,7.955791,16.055958,39.289833,956.541260,20313025.700204,564,564,786359,786359,0000000000000000,0
328,15.384542,0.810542,7.741416,16.012500,39.138750,959.761352,20313045.436121,564,564,786359,786359,0000000000000000,0
329,15.510250,0.831834,8.066333,16.017458,39.594333,962.511576,20313065.308829,564,564,786359,786359,0000000000000000,0
330,15.441709,0.819292,7.690083,15.962333,39.094417,965.574753,20313084.538996,564,564,786359,786359,0000000000000000,0
331,15.324750,0.799166,7.817542,15.941917,39.084500,968.782011,20313104.403246,564,564,786359,786359,0000000000000000,0
332,15.504417,0.833875,7.917875,15.948916,39.371500,971.348195,20313123.923329,564,564,786359,786359,0000000000000000,0
333,15.376083,0.812000,7.650708,15.757583,38.784666,974.542037,20313143.196954,564,564,786359,786359,0000000000000000,0
334,15.374333,0.805291,7.826292,15.939875,39.141083,977.400175,20313163.078704,564,564,786359,786359,0000000000000000,0
335,15.454833,0.833292,7.820167,15.872500,39.147791,980.001067,20313182.353204,564,564,786359,786359,0000000000000000,0
336,15.408166,0.813458,7.828625,15.899917,39.137000,983.218534,20313202.226788,564,564,786359,786359,0000000000000000,0
337,15.465917,0.820459,7.885208,15.915375,39.266792,985.824383,20313221.629038,564,564,786359,786359,0000000000000000,0
338,15.373166,0.798584,7.746375,15.998792,39.118625,989.030768,20313241.354163,564,564,786359,786359,0000000000000000,0
339,15.500917,0.845250,7.710500,16.032333,39.244042,991.773115,20313260.889121,564,564,786359,786359,0000000000000000,0
340,15.208959,0.815208,7.868875,15.606500,38.684625,994.824334,20313280.047829,564,564,786359,786359,0000000000000000,0
341,15.221791,0.845833,7.824834,15.558667,38.605583,997.695015,20313299.506371,564,564,786359,786359,0000000000000000,0
342,16.044875,0.815792,7.803542,15.702750,39.551459,1000.183907,20313319.608038,564,564,786359,786359,0000000000000000,0
343,15.647042,0.814917,7.912625,15.917709,39.477667,1002.983421,20313339.000663,564,564,786359,786359,0000000000000000,0
344,15.422167,0.798000,7.552125,15.831084,38.805959,1006.410011,20313358.422163,564,564,786359,786359,0000000000000000,0
345,15.395625,0.807625,7.828917,15.824666,39.049500,1009.135442,20313378.058329,564,564,786359,786359,0000000000000000,0
346,15.394750,0.809958,7.774375,16.045458,39.215167,1011.890331,20313397.645496,564,564,786359,786359,0000000000000000,0
347,15.432375,0.815792,7.693875,16.157458,39.284291,1014.863385,20313417.354579,564,564,786359,786359,0000000000000000,0
348,15.364417,0.807625,7.859250,16.069958,39.293917,1017.781606,20313436.949621,564,564,786359,786359,0000000000000000,0
349,15.384542,0.826584,7.716333,15.846250,38.947417,1020.822616,20313456.310746,564,564,786359,786359,0000000000000000,0
350,15.447542,0.803250,7.948500,15.962041,39.358375,1023.751046,20313476.317329,564,564,786359,786359,0000000000000000,0
351,15.521625,0.817250,7.804708,15.826708,39.153333,1026.444686,20313495.472829,564,564,786359,786359,0000000000000000,0
352,15.328542,0.798875,7.708750,15.945417,38.983292,1029.784943,20313515.309663,564,564,786359,786359,0000000000000000,0
353,15.463000,0.814333,7.881417,15.922084,39.266792,1032.273544,20313534.748663,564,564,786359,786359,0000000000000000,0
354,15.458625,0.784583,7.851375,15.864625,39.174917,1035.449303,20313554.499746,564,564,786359,786359,0000000000000000,0
355,15.466500,0.816375,7.782542,15.921500,39.170833,1038.221692,20313573.934954,564,564,786359,786359,0000000000000000,0
356,15.444917,0.821333,7.832125,15.731625,39.008959,1041.299745,20313593.518038,564,564,786359,786359,0000000000000000,0
357,15.440833,0.828334,7.820459,16.093584,39.355167,1044.073884,20313613.305288,564,564,786359,786359,0000000000000000,0
358,15.315125,0.837959,7.611042,15.912167,38.838917,1046.983938,20313632.365996,564,564,786359,786359,0000000000000000,0
359,15.284500,0.802375,7.659750,15.897583,38.842417,1050.103407,20313652.155871,564,564,786359,786359,0000000000000000,0
360,15.462708,0.813166,8.003334,15.936376,39.402709,1052.498092,20313671.777455,564,564,786359,786359,0000000000000000,0
361,15.411083,0.814041,7.892500,16.090958,39.394833,1055.621352,20313691.559746,564,564,786359,786359,0000000000000000,0
362,15.436750,0.836792,7.951416,15.928500,39.316958,1058.581864,20313711.109288,564,564,786359,786359,0000000000000000,0
363,15.395333,0.812875,7.970084,15.941042,39.306750,1061.697249,20313730.881663,564,564,786359,786359,0000000000000000,0
364,15.429750,0.806750,7.833875,15.972250,39.236459,1064.573178,20313750.354205,564,564,786359,786359,0000000000000000,0
365,15.371416,0.816084,7.638750,15.913917,38.924375,1067.679231,20313769.815080,564,564,786359,786359,0000000000000000,0
366,15.385125,0.812875,7.837667,15.864625,39.087708,1070.485453,20313789.451246,564,564,786359,786359,0000000000000000,0
367,15.321542,0.836209,7.866250,15.874834,39.062917,1073.284383,20313808.892580,564,564,786359,786359,0000000000000000,0
368,15.363250,0.834458,7.714292,15.925000,39.003125,1076.247229,20313828.462538,564,564,786359,786359,0000000000000000,0
369,15.368500,0.799750,7.835625,16.116041,39.320458,1079.024868,20313848.224121,564,564,786359,786359,0000000000000000,0
370,15.418084,0.837375,7.707875,15.763417,38.889667,1081.927922,20313867.363288,564,564,786359,786359,0000000000000000,0
371,15.367042,0.770000,7.744625,15.897000,39.008958,1085.020266,20313887.242121,564,564,786359,786359,0000000000000000,0
372,15.494208,0.790416,7.735000,15.735125,38.964625,1087.495158,20313906.339580,564,564,786359,786359,0000000000000000,0
373,15.325042,0.814042,7.671708,15.870750,38.868084,1090.705042,20313926.119830,564,564,786359,786359,0000000000000000,0
374,15.432958,0.855167,7.874125,15.908667,39.216042,1093.140853,20313945.570205,564,564,786359,786359,0000000000000000,0
375,15.371708,0.808792,7.665875,16.073166,39.111333,1096.254779,20313965.246621,564,564,786359,786359,0000000000000000,0
376,15.178334,0.781375,7.895416,16.109042,39.183084,1099.031835,20313984.762330,564,564,786359,786359,0000000000000000,0
377,15.351000,0.819583,7.745500,16.103208,39.200000,1102.041347,20314004.455663,564,564,786359,786359,0000000000000000,0
378,15.379292,0.810834,7.773208,15.862875,39.015667,1104.889859,20314023.786455,564,564,786359,786359,0000000000000000,0
379,15.417208,0.784000,7.812292,15.952417,39.182208,1107.915995,20314043.646038,564,564,786359,786359,0000000000000000,0
380,15.442583,0.814333,7.905333,15.897583,39.245791,1110.580178,20314063.040996,564,564,786359,786359,0000000000000000,0
381,15.405250,0.801208,7.763875,15.728709,38.898125,1113.772270,20314082.552330,564,564,786359,786359,0000000000000000,0
382,15.292959,0.821041,7.718375,15.877750,38.889667,1116.503535,20314101.942038,564,564,786359,786359,0000000000000000,0
383,15.377833,0.810250,7.754542,16.032042,39.165000,1119.345340,20314121.725788,564,564,786359,786359,0000000000000000,0
384,15.461541,0.811708,7.890167,16.016000,39.368291,1122.067855,20314141.318496,564,564,786359,786359,0000000000000000,0
385,15.362375,0.823667,7.805875,15.985667,39.154208,1125.187906,20314160.891663,564,564,786359,786359,0000000000000000,0
386,15.385125,0.817542,7.925166,15.921208,39.231791,1128.114003,20314180.562246,564,564,786359,786359,0000000000000000,0
387,15.479333,0.813750,7.744333,16.095916,39.320166,1131.023765,20314200.226996,564,564,786359,786359,0000000000000000,0
388,15.414583,0.835333,7.674042,15.818834,38.908042,1134.021026,20314219.479330,564,564,786359,786359,0000000000000000,0
389,15.374917,0.799167,7.814916,15.893500,39.083625,1137.023246,20314239.324038,564,564,786359,786359,0000000000000000,0
390,15.464750,0.810542,7.721875,15.882125,39.069041,1139.604013,20314258.557121,564,564,786359,786359,0000000000000000,0
391,15.354792,0.807625,7.816666,15.850916,39.022958,1142.782688,20314278.356621,564,564,786359,786359,0000000000000000,0
392,15.499458,0.817834,7.764750,15.981000,39.245500,1145.347706,20314297.811080,564,564,786359,786359,0000000000000000,0
393,15.376084,0.802958,7.887541,15.848875,39.112792,1148.484090,20314317.481663,564,564,786359,786359,0000000000000000,0
394,15.513750,0.816959,7.671416,15.876000,39.061458,1151.268437,20314336.881288,564,564,786359,786359,0000000000000000,0
395,15.558375,0.786041,7.645166,15.888542,39.092375,1154.272116,20314356.583080,564,564,786359,786359,0000000000000000,0
396,15.587542,0.819292,7.711959,15.783250,39.083042,1157.134629,20314376.103163,564,564,786359,786359,0000000000000000,0
397,15.645000,0.824250,7.791584,15.821167,39.258334,1160.045266,20314395.855997,564,564,786359,786359,0000000000000000,0
398,15.575292,0.825417,7.819291,15.700417,39.095292,1162.899030,20314415.213622,564,564,786359,786359,0000000000000000,0
399,15.540584,0.803250,7.753083,15.978375,39.272334,1165.981165,20314435.136497,564,564,786359,786359,0000000000000000,0
400,15.521333,0.836209,7.787792,15.997333,39.306750,1168.671597,20314454.531455,564,564,786359,786359,29a111b6ccb56ac5,1
401,15.393000,0.800625,7.852542,15.936666,39.182500,1171.925814,20314474.328038,564,564,786359,786359,0000000000000000,0
402,15.320375,0.767375,7.605208,15.951250,38.877125,1175.385944,20314494.149997,564,564,786359,786359,0000000000000000,0
403,15.537666,0.820458,7.815500,15.928500,39.281958,1177.782671,20314513.618455,564,564,786359,786359,0000000000000000,0
404,15.469417,0.800917,7.875291,15.941333,39.286333,1180.944723,20314533.451788,564,564,786359,786359,0000000000000000,0
405,15.431792,0.840875,7.730333,15.937541,39.099958,1183.739570,20314552.727163,564,564,786359,786359,0000000000000000,0
406,15.416917,0.807625,7.760375,15.844500,39.022375,1186.906287,20314572.483205,564,564,786359,786359,0000000000000000,0
407,15.520167,0.803542,7.830667,16.129167,39.480292,1189.517971,20314592.219705,564,564,786359,786359,0000000000000000,0
408,15.518416,0.803542,8.065459,15.887959,39.472125,1192.604189,20314611.964372,564,564,786359,786359,0000000000000000,0
409,15.491000,0.827167,7.710500,16.330417,39.532208,1195.672908,20314631.760080,564,564,786359,786359,0000000000000000,0
410,15.354792,0.826875,7.770000,15.896709,39.021792,1198.750961,20314650.994622,564,564,786359,786359,0000000000000000,0
411,15.436458,0.807042,7.839417,15.854416,39.130583,1201.885012,20314670.904663,564,564,786359,786359,0000000000000000,0
412,15.503833,0.813750,7.758625,15.975458,39.238208,1204.451195,20314690.245080,564,564,786359,786359,0000000000000000,0
413,15.358583,0.795667,7.685417,15.911875,38.956166,1207.694038,20314709.872788,564,564,786359,786359,0000000000000000,0
414,15.373167,0.831542,7.759500,15.859959,38.993209,1210.363761,20314729.246747,564,564,786359,786359,0000000000000000,0
415,16.683917,0.732083,7.744333,15.929083,40.357625,1213.329814,20314750.243830,564,564,786359,786359,0000000000000000,0
416,15.656375,0.736750,7.683084,15.982750,39.322209,1216.031330,20314768.577122,564,564,786359,786359,0000000000000000,0
417,15.120875,0.740833,7.618041,15.968458,38.707666,1220.364117,20314788.962288,564,564,786359,786359,0000000000000000,0
418,15.392417,0.778167,7.721875,15.895250,39.009833,1222.034311,20314807.601538,564,564,786359,786359,0000000000000000,0
419,15.244833,0.742000,7.737917,15.905167,38.888208,1225.746731,20314827.858955,564,564,786359,786359,0000000000000000,0
420,15.575000,0.792750,7.996333,16.038458,39.610083,1227.718796,20314847.220080,564,564,786359,786359,0000000000000000,0
421,15.330583,0.806458,7.797709,16.031750,39.160333,1231.313383,20314867.031538,564,564,786359,786359,0000000000000000,0
422,15.441125,0.811125,7.820167,16.032917,39.294500,1234.003816,20314886.523330,564,564,786359,786359,0000000000000000,0
423,15.323000,0.828625,7.956083,16.067625,39.347292,1237.154200,20314906.393122,564,564,786359,786359,0000000000000000,0
424,15.434709,0.842334,7.987000,15.842750,39.264750,1239.972963,20314925.796538,564,564,786359,786359,0000000000000000,0
425,15.381917,0.804708,8.050000,15.808916,39.241125,1243.175848,20314945.642413,564,564,786359,786359,0000000000000000,0
426,15.540583,0.808791,8.004792,15.963500,39.509166,1245.918487,20314965.320288,564,564,786359,786359,0000000000000000,0
427,15.453667,0.820750,7.804708,16.092125,39.350792,1249.098038,20314985.008372,564,564,786359,786359,0000000000000000,0
428,15.387750,0.827458,7.735292,15.819125,38.942459,1252.102592,20315004.271497,564,564,786359,786359,0000000000000000,0
429,15.373167,0.804416,8.047666,16.012500,39.433625,1255.123478,20315024.450455,564,564,786359,786359,0000000000000000,0
430,15.512292,0.806458,7.722458,15.849167,39.084209,1257.723202,20315043.367372,564,564,786359,786359,0000000000000000,0
431,15.104250,0.790416,7.813750,15.969625,38.887917,1261.232041,20315063.347122,564,564,786359,786359,0000000000000000,0
432,15.474084,0.821917,7.702042,15.903417,39.079834,1263.483228,20315082.457122,564,564,786359,786359,0000000000000000,0
433,15.327959,0.777291,7.838541,15.950375,39.117459,1266.794902,20315102.473039,564,564,786359,786359,0000000000000000,0
434,15.565959,0.828042,7.718958,16.103791,39.389000,1269.237713,20315121.854580,564,564,786359,786359,0000000000000000,0
435,15.167542,0.815500,7.903000,15.914500,38.985625,1272.587594,20315141.467705,564,564,786359,786359,0000000000000000,0
436,15.415458,0.802084,7.875000,16.050125,39.341167,1275.301067,20315161.203914,564,564,786359,786359,0000000000000000,0
437,15.458917,0.828625,7.769417,16.050709,39.279334,1278.248163,20315180.755789,564,564,786359,786359,0000000000000000,0
438,15.376375,0.823375,7.807625,16.095333,39.279625,1281.316299,20315200.491122,564,564,786359,786359,0000000000000000,0
439,15.460083,0.807625,7.953458,16.012792,39.426625,1284.202436,20315220.191164,564,564,786359,786359,0000000000000000,0
440,15.403209,0.816083,7.809958,16.029416,39.242875,1287.270573,20315239.742455,564,564,786359,786359,0000000000000000,0
441,15.376084,0.833000,7.994875,16.059167,39.430417,1290.304000,20315259.630622,564,564,786359,786359,0000000000000000,0
442,15.454541,0.822208,7.658292,15.960875,39.074291,1293.191304,20315278.828705,564,564,786359,786359,0000000000000000,0
443,15.296458,0.787791,7.747542,15.945416,38.989708,1296.411980,20315298.631705,564,564,786359,786359,0000000000000000,0
444,15.514625,0.821916,7.657417,15.961750,39.134375,1298.940539,20315317.971830,564,564,786359,786359,0000000000000000,0
445,15.344292,0.784875,7.744041,15.970208,39.059125,1302.082465,20315337.705122,564,564,786359,786359,0000000000000000,0
446,15.458917,0.804708,7.737916,16.079292,39.276417,1304.753939,20315357.260789,564,564,786359,786359,0000000000000000,0
447,15.356542,0.802083,7.797708,16.107000,39.261542,1307.816825,20315376.975997,564,564,786359,786359,0000000000000000,0
448,15.463875,0.809667,7.849625,15.776250,39.090041,1310.710545,20315396.364830,564,564,786359,786359,0000000000000000,0
449,15.703333,0.784292,7.776417,15.758167,39.238500,1313.756224,20315416.223247,564,564,786359,786359,0000000000000000,0
450,15.495667,0.823375,8.010917,16.005500,39.512667,1316.476113,20315435.887122,564,564,786359,786359,0000000000000000,0
451,15.474667,0.827166,7.788958,15.725208,38.989125,1319.666747,20315455.221122,564,564,786359,786359,0000000000000000,0
452,15.428583,0.797709,7.861584,15.880084,39.170542,1322.661967,20315475.064664,564,564,786359,786359,0000000000000000,0
453,15.551667,0.833000,7.744625,16.121875,39.418459,1325.334899,20315494.652414,564,564,786359,786359,0000000000000000,0
454,15.371708,0.813458,7.677834,15.958542,39.008667,1328.506283,20315514.080914,564,564,786359,786359,0000000000000000,0
455,15.382500,0.811416,7.696792,16.065292,39.145167,1331.431213,20315533.809247,564,564,786359,786359,0000000000000000,0
456,15.428000,0.821333,7.895708,16.252541,39.576541,1334.187560,20315553.663580,564,564,786359,786359,0000000000000000,0
457,15.423917,0.842042,7.665875,15.904584,38.994667,1337.251612,20315572.812664,564,564,786359,786359,0000000000000000,0
458,15.224708,0.821333,7.666750,15.868417,38.760458,1340.438747,20315592.432497,564,564,786359,786359,0000000000000000,0
459,15.451333,0.818417,7.871208,15.926750,39.249583,1342.920931,20315612.070997,564,564,786359,786359,0000000000000000,0
460,15.507042,0.813167,7.835625,15.917125,39.260375,1345.879985,20315631.707747,564,564,786359,786359,0000000000000000,0
461,15.381333,0.806166,7.931292,16.001709,39.314917,1348.845456,20315651.394664,564,564,786359,786359,0000000000000000,0
462,15.400292,0.801792,7.774666,16.073167,39.248417,1351.815592,20315670.964914,564,564,786359,786359,0000000000000000,0
463,15.380459,0.809083,7.836791,16.003458,39.221000,1354.835603,20315690.624705,564,564,786359,786359,0000000000000000,0
464,15.207500,0.790125,7.919333,15.953291,39.080416,1357.740408,20315710.055830,564,564,786359,786359,0000000000000000,0
465,15.394167,0.807625,7.733250,16.106708,39.234417,1360.731544,20315729.867872,564,564,786359,786359,0000000000000000,0
466,15.430334,0.831542,8.053208,15.906041,39.389875,1363.495766,20315749.454455,564,564,786359,786359,0000000000000000,0
467,15.376084,0.832708,7.804416,15.736292,38.917084,1366.646735,20315768.799539,564,564,786359,786359,0000000000000000,0
468,15.360334,0.824250,7.810542,16.024750,39.195917,1369.565830,20315788.664372,564,564,786359,786359,0000000000000000,0
469,15.554875,0.827458,7.757750,15.969917,39.282834,1372.243721,20315808.096081,564,564,786359,786359,0000000000000000,0
470,15.342250,0.823666,7.665292,15.937250,38.945375,1375.439897,20315827.621414,564,564,786359,786359,0000000000000000,0
471,15.452792,0.817834,7.691542,15.970500,39.115125,1378.204411,20315847.222872,564,564,786359,786359,0000000000000000,0
472,15.434708,0.808792,7.765917,16.016000,39.216916,1381.065757,20315866.852622,564,564,786359,786359,0000000000000000,0
473,15.436750,0.833000,7.979417,15.929084,39.345542,1383.993895,20315886.576581,564,564,786359,786359,0000000000000000,0
474,15.449583,0.844667,7.840875,15.910125,39.200875,1386.963448,20315906.068081,564,564,786359,786359,0000000000000000,0
475,15.412250,0.823667,7.997500,15.881542,39.291584,1390.014667,20315925.877206,564,564,786359,786359,0000000000000000,0
476,15.537375,0.847000,7.751333,15.984500,39.273500,1392.838973,20315945.350331,564,564,786359,786359,0000000000000000,0
477,15.372000,0.820167,7.801792,16.079000,39.253375,1395.981774,20315965.139914,564,564,786359,786359,0000000000000000,0
478,15.410208,0.819000,7.819584,16.075500,39.305583,1398.787413,20315984.664372,564,564,786359,786359,0000000000000000,0
479,15.443458,0.806750,7.942667,16.054500,39.440917,1401.912715,20316004.592206,564,564,786359,786359,0000000000000000,0
480,15.292375,0.793041,7.703208,16.038166,39.034333,1404.773186,20316023.712997,564,564,786359,786359,0000000000000000,0
481,15.302584,0.786042,7.733833,16.070834,39.107834,1408.028861,20316043.709081,564,564,786359,786359,0000000000000000,0
482,15.520750,0.842333,7.750459,16.074625,39.346417,1410.481588,20316063.067289,564,564,786359,786359,0000000000000000,0
483,15.397958,0.806458,7.932459,16.001125,39.332125,1413.811637,20316083.049664,564,564,786359,786359,0000000000000000,0
484,15.531833,0.824542,7.660042,16.004917,39.197375,1416.502943,20316102.273414,564,564,786359,786359,0000000000000000,0
485,15.370250,0.782250,7.856625,16.012209,39.239667,1419.818410,20316122.298081,564,564,786359,786359,0000000000000000,0
486,15.554000,0.810833,7.724792,16.011042,39.290417,1422.380801,20316141.577831,564,564,786359,786359,0000000000000000,0
487,15.384250,0.793334,7.877042,16.035834,39.297417,1425.732725,20316161.603956,564,564,786359,786359,0000000000000000,0
488,15.537959,0.797417,7.716333,16.011041,39.265625,1428.351408,20316180.857747,564,564,786359,786359,0000000000000000,0
489,15.329708,0.806750,7.907959,16.142000,39.379958,1431.704790,20316200.992372,564,564,786359,786359,0000000000000000,0
490,15.526583,0.802667,7.884625,16.028834,39.440625,1434.295181,20316220.310331,564,564,786359,786359,0000000000000000,0
491,15.403500,0.790708,7.776708,15.825833,39.006333,1437.762896,20316240.010664,564,564,786359,786359,0000000000000000,0
492,15.470000,0.793042,7.853416,15.922375,39.246083,1440.416869,20316259.571289,564,564,786359,786359,0000000000000000,0
493,15.530084,0.808500,7.786625,15.758459,39.075459,1443.443880,20316279.094581,564,564,786359,786359,0000000000000000,0
494,15.502084,0.819000,7.746666,15.985667,39.234709,1446.338477,20316298.815331,564,564,786359,786359,0000000000000000,0
495,15.419250,0.818709,7.992542,15.915375,39.327750,1449.196615,20316318.433122,564,564,786359,786359,0000000000000000,0
496,15.435292,0.814042,7.824250,16.071125,39.330959,1452.254542,20316338.161456,564,564,786359,786359,0000000000000000,0
497,15.418667,0.824542,7.736458,16.073166,39.228583,1455.203680,20316357.675122,564,564,786359,786359,0000000000000000,0
498,15.362083,0.825125,7.618042,16.076375,39.057083,1458.261023,20316377.227872,564,564,786359,786359,0000000000000000,0
499,15.345750,0.820167,7.782834,15.926459,39.055334,1461.108370,20316396.740081,564,564,786359,786359,0000000000000000,0
500,15.371709,0.810834,7.674333,15.406417,38.453042,1463.999175,20316415.695789,564,564,786359,786359,29a111b6ccb56ac5,1
501,15.355375,0.811416,7.825709,16.125667,39.307042,1466.838646,20316436.056164,564,564,786359,786359,0000000000000000,0
502,15.342542,0.823083,7.665000,15.363542,38.371376,1469.881990,20316454.830748,564,564,786359,786359,0000000000000000,0
503,15.423041,0.750750,7.944709,15.718500,39.086542,1472.820920,20316475.151748,564,564,786359,786359,0000000000000000,0
504,15.767208,0.791875,7.768542,15.834292,39.370333,1474.926567,20316494.208081,564,564,786359,786359,0000000000000000,0
505,15.516084,0.789541,7.617458,15.831959,38.966084,1478.586195,20316514.130373,564,564,786359,786359,0000000000000000,0
506,15.526875,0.784875,7.756875,15.899917,39.183959,1480.975339,20316533.403998,564,564,786359,786359,0000000000000000,0
507,15.341666,0.805000,7.637584,15.872500,38.852333,1484.225472,20316552.989706,564,564,786359,786359,0000000000000000,0
508,15.459792,0.821042,7.812583,15.855291,39.127958,1486.840072,20316572.546539,564,564,786359,786359,0000000000000000,0
509,15.422750,0.814625,7.856625,15.953000,39.232666,1489.758293,20316592.236664,564,564,786359,786359,0000000000000000,0
510,15.461542,0.824250,7.813166,15.922958,39.197958,1492.645014,20316611.755289,564,564,786359,786359,0000000000000000,0
511,15.418667,0.809667,7.749000,15.926750,39.094709,1495.666191,20316631.340123,564,564,786359,786359,0000000000000000,0
512,15.431792,0.815792,7.810250,15.984209,39.226542,1498.521122,20316650.990873,564,564,786359,786359,0000000000000000,0
513,15.402042,0.808500,7.734125,15.957375,39.093833,1501.442551,20316670.449414,564,564,786359,786359,0000000000000000,0
514,15.381916,0.809083,7.717500,16.109625,39.209333,1504.418812,20316690.208081,564,564,786359,786359,0000000000000000,0
515,15.401458,0.824834,7.700583,15.948042,39.050375,1507.211618,20316709.509123,564,564,786359,786359,0000000000000000,0
516,15.372292,0.798584,7.833291,16.108458,39.314333,1510.307462,20316729.535539,564,564,786359,786359,0000000000000000,0
517,15.515500,0.811417,7.919041,16.095041,39.530166,1512.936936,20316749.048039,564,564,786359,786359,0000000000000000,0
518,15.344875,0.812292,7.931875,15.906625,39.183667,1516.295860,20316768.727081,564,564,786359,786359,0000000000000000,0
519,15.401458,0.817250,7.773792,15.988875,39.164416,1519.145540,20316788.224414,564,564,786359,786359,0000000000000000,0
520,15.367333,0.815792,7.866250,15.906625,39.140791,1522.157384,20316807.879539,564,564,786359,786359,0000000000000000,0
521,15.413708,0.813166,7.758042,15.961166,39.133208,1524.991023,20316827.372789,564,564,786359,786359,0000000000000000,0
522,15.469125,0.805584,7.812000,16.084542,39.365958,1527.976326,20316847.257456,564,564,786359,786359,0000000000000000,0
523,15.483416,0.820458,8.101625,16.113708,39.699041,1530.799756,20316867.081164,564,564,786359,786359,0000000000000000,0
524,16.513875,0.759792,7.724792,16.397791,40.636750,1534.017516,20316887.903539,564,564,786359,786359,0000000000000000,0
525,15.625167,0.866250,7.657416,15.379875,38.662750,1537.173442,20316905.752081,564,564,786359,786359,0000000000000000,0
526,15.264375,0.736459,7.915834,15.829917,39.010709,1541.362438,20316926.956248,564,564,786359,786359,0000000000000000,0
527,15.902250,0.746084,7.688042,15.873958,39.464542,1542.509681,20316945.224206,564,564,786359,786359,0000000000000000,0
528,15.172500,0.765041,7.962500,15.902541,39.037833,1547.053924,20316966.008664,564,564,786359,786359,0000000000000000,0
529,15.726666,0.763583,7.663542,15.922958,39.313458,1548.651202,20316984.548456,564,564,786359,786359,0000000000000000,0
530,15.241042,0.742875,7.692708,15.920917,38.854959,1552.766700,20317004.872373,564,564,786359,786359,0000000000000000,0
531,15.489541,0.767666,7.637292,16.034666,39.161791,1554.640183,20317023.719289,564,564,786359,786359,0000000000000000,0
532,15.264083,0.767666,7.944417,16.006666,39.215458,1558.296312,20317044.096289,564,564,786359,786359,0000000000000000,0
533,15.591333,0.785750,7.839709,16.065000,39.496333,1560.482167,20317063.229914,564,564,786359,786359,0000000000000000,0
534,15.379583,0.788959,7.772333,16.046625,39.199125,1564.186420,20317083.303873,564,564,786359,786359,0000000000000000,0
535,15.529792,0.807041,7.635833,15.897292,39.063500,1566.656354,20317102.305081,564,564,786359,786359,0000000000000000,0
536,15.362958,0.787792,7.914375,15.943375,39.221000,1570.060486,20317122.533623,564,564,786359,786359,0000000000000000,0
537,15.600667,0.825708,7.970375,15.925292,39.496625,1572.394797,20317141.810456,564,564,786359,786359,0000000000000000,0
538,15.425375,0.798292,8.022000,15.921792,39.369458,1575.956426,20317161.911831,564,564,786359,786359,0000000000000000,0
539,15.579376,0.814625,7.777583,15.969916,39.327167,1578.566360,20317181.146081,564,564,786359,786359,0000000000000000,0
540,15.346041,0.786041,7.827750,16.002000,39.176083,1582.003157,20317201.098998,564,564,786359,786359,0000000000000000,0
541,15.495083,0.823083,7.659750,15.921791,39.076916,1584.568174,20317220.231456,564,564,786359,786359,0000000000000000,0
542,15.398250,0.762708,7.799750,16.064417,39.263000,1587.854474,20317240.371040,564,564,786359,786359,0000000000000000,0
543,15.546417,0.814916,8.006250,15.912166,39.465125,1590.319741,20317259.705331,564,564,786359,786359,0000000000000000,0
544,15.428875,0.793042,7.818125,15.876292,39.123583,1593.794164,20317279.505123,564,564,786359,786359,0000000000000000,0
545,15.506458,0.810541,7.791584,15.816500,39.114833,1596.459221,20317298.828331,564,564,786359,786359,0000000000000000,0
546,15.455417,0.793625,7.739958,15.963792,39.159459,1599.591814,20317318.672165,564,564,786359,786359,0000000000000000,0
547,15.559250,0.813167,7.799459,15.972542,39.331542,1602.251913,20317338.171248,564,564,786359,786359,0000000000000000,0
548,15.381042,0.832709,7.964833,15.958250,39.304417,1605.426506,20317357.985623,564,564,786359,786359,0000000000000000,0
549,15.544667,0.818417,7.824542,16.000542,39.370042,1608.258686,20317377.550623,564,564,786359,786359,0000000000000000,0
550,15.500625,0.811416,7.775541,15.903417,39.179875,1611.408487,20317397.177165,564,564,786359,786359,0000000000000000,0
551,15.437625,0.826584,7.717500,16.090667,39.246083,1614.303959,20317416.805748,564,564,786359,786359,0000000000000000,0
552,15.446667,0.805291,7.660916,16.070542,39.178417,1617.269137,20317436.370165,564,564,786359,786359,0000000000000000,0
553,15.502667,0.827459,7.791583,16.042834,39.337667,1620.229357,20317456.156540,564,564,786359,786359,0000000000000000,0
554,15.434709,0.803833,7.886083,16.061209,39.382584,1623.122204,20317475.760915,564,564,786359,786359,0000000000000000,0
555,15.423917,0.819584,7.784875,15.870750,39.079833,1626.241672,20317495.244831,564,564,786359,786359,0000000000000000,0
556,15.397667,0.816666,7.856333,15.936084,39.190667,1629.180017,20317514.960915,564,564,786359,786359,0000000000000000,0
557,15.566833,0.836500,7.805584,16.143459,39.516167,1631.997906,20317534.770915,564,564,786359,786359,0000000000000000,0
558,15.620792,0.836208,7.738208,15.897000,39.256292,1635.051458,20317554.231498,564,564,786359,786359,0000000000000000,0
559,15.640042,0.804125,7.980000,15.691958,39.312292,1638.191634,20317574.094873,564,564,786359,786359,0000000000000000,0
560,15.688167,0.819583,7.768250,15.807167,39.263875,1640.987066,20317593.508498,564,564,786359,786359,0000000000000000,0
561,15.471458,0.792750,7.889000,15.951833,39.312583,1644.182366,20317613.419706,564,564,786359,786359,0000000000000000,0
562,15.572083,0.828333,7.839125,15.874250,39.286041,1646.925005,20317632.802706,564,564,786359,786359,0000000000000000,0
563,15.468542,0.806459,7.771458,15.901375,39.141667,1650.172806,20317652.573040,564,564,786359,786359,0000000000000000,0
564,15.539709,0.805875,7.814041,15.881833,39.235875,1652.885404,20317672.046456,564,564,786359,786359,0000000000000000,0
565,15.491875,0.818125,7.709917,15.955625,39.157709,1655.989706,20317691.739790,564,564,786359,786359,0000000000000000,0
566,15.544959,0.808209,7.822208,15.955333,39.322792,1658.795928,20317711.377998,564,564,786359,786359,0000000000000000,0
567,15.474959,0.835334,7.631458,15.962625,39.069334,1661.822064,20317730.817290,564,564,786359,786359,0000000000000000,0
568,15.450166,0.814041,8.077709,15.984792,39.512958,1664.793951,20317750.899998,564,564,786359,786359,0000000000000000,0
569,15.584333,0.807333,7.632042,16.049542,39.266208,1667.566341,20317770.092248,564,564,786359,786359,0000000000000000,0
570,15.375500,0.774375,7.818708,16.136750,39.331542,1670.988263,20317790.246415,564,564,786359,786359,0000000000000000,0
571,15.527459,0.808209,7.643708,15.893208,39.064667,1673.510697,20317809.168873,564,564,786359,786359,0000000000000000,0
572,15.359750,0.758334,7.717208,15.922667,38.999917,1677.000286,20317829.260915,564,564,786359,786359,0000000000000000,0
573,15.572958,0.796541,7.850208,15.971375,39.394833,1679.250307,20317848.572748,564,564,786359,786359,0000000000000000,0
574,15.430042,0.784000,7.812292,15.963500,39.206126,1682.675729,20317868.476082,564,564,786359,786359,0000000000000000,0
575,15.531833,0.803250,7.732959,16.120417,39.385500,1685.319787,20317887.966415,564,564,786359,786359,0000000000000000,0
576,15.408750,0.800917,8.049708,16.097666,39.556416,1688.560004,20317908.044748,564,564,786359,786359,0000000000000000,0
577,15.541750,0.802666,7.731500,15.919166,39.192708,1691.383434,20317927.171373,564,564,786359,786359,0000000000000000,0
578,15.397959,0.769417,7.827166,15.877458,39.103167,1694.792233,20317947.157540,564,564,786359,786359,0000000000000000,0
579,15.556625,0.812583,7.747542,15.898458,39.202917,1697.251084,20317966.383040,564,564,786359,786359,0000000000000000,0
580,15.343416,0.798875,7.651584,15.932000,38.927291,1700.570633,20317986.093873,564,564,786359,786359,0000000000000000,0
581,15.296167,0.812584,7.753958,16.063250,39.113667,1703.128942,20318005.505457,564,564,786359,786359,0000000000000000,0
582,15.440542,0.803250,7.849625,15.846833,39.137583,1706.173452,20318025.240498,564,564,786359,786359,0000000000000000,0
583,15.578500,0.819875,7.913500,15.803667,39.295959,1708.923383,20318044.815707,564,564,786359,786359,0000000000000000,0
584,15.543792,0.814625,7.844667,15.933459,39.322209,1711.991811,20318064.577582,564,564,786359,786359,0000000000000000,0
585,15.526291,0.804417,7.807334,15.998500,39.332708,1714.895157,20318084.158040,564,564,786359,786359,0000000000000000,0
586,15.517542,0.805583,7.867417,16.159792,39.545042,1717.988375,20318104.130790,564,564,786359,786359,0000000000000000,0
587,15.458333,0.808791,7.721875,16.080458,39.260958,1720.908055,20318123.433290,564,564,786359,786359,0000000000000000,0
588,15.390666,0.797416,7.693000,15.984208,39.068166,1724.207771,20318143.207123,564,564,786359,786359,0000000000000000,0
589,15.432667,0.818125,8.020542,16.034084,39.487584,1726.843661,20318162.929332,564,564,786359,786359,0000000000000000,0
590,15.490125,0.837959,7.977375,16.006667,39.474750,1729.952047,20318182.691790,564,564,786359,786359,0000000000000000,0
591,15.518125,0.804708,7.708458,16.010750,39.237625,1733.006183,20318202.175707,564,564,786359,786359,0000000000000000,0
592,15.427708,0.799750,7.857792,16.052750,39.338833,1736.104359,20318222.041998,564,564,786359,786359,0000000000000000,0
593,15.489833,0.827167,7.676667,15.828458,38.995250,1738.918457,20318241.179415,564,564,786359,786359,0000000000000000,0
594,15.402041,0.774666,7.835625,16.090083,39.328041,1742.124257,20318261.384623,564,564,786359,786359,0000000000000000,0
595,15.580541,0.802375,7.745209,16.103208,39.429541,1744.594483,20318280.623248,564,564,786359,786359,0000000000000000,0
596,15.372292,0.780500,8.175708,15.939875,39.488459,1748.129864,20318300.884457,564,564,786359,786359,0000000000000000,0
597,15.386583,0.772916,7.728000,15.893500,39.008666,1750.698380,20318319.640373,564,564,786359,786359,0000000000000000,0
598,15.351000,0.735583,7.798000,15.898167,39.047459,1754.293259,20318339.940957,564,564,786359,786359,0000000000000000,0
599,15.636250,0.808792,7.720709,16.123917,39.481167,1756.387240,20318359.135540,564,564,786359,786359,0000000000000000,0
600,15.386875,0.799458,7.727708,15.964958,39.079833,1760.015952,20318379.029540,564,564,786359,786359,29a111b6ccb56ac5,1
601,15.549042,0.819291,7.804125,16.102917,39.456084,1762.543927,20318398.600957,564,564,786359,786359,0000000000000000,0
602,15.318625,0.757167,7.772917,15.898166,38.990000,1766.516511,20318418.774373,564,564,786359,786359,0000000000000000,0
603,15.625459,0.802083,7.782541,16.032625,39.440917,1768.675532,20318438.050915,564,564,786359,786359,0000000000000000,0
604,15.390083,0.797708,7.779917,15.821458,38.992041,1772.182329,20318457.775748,564,564,786359,786359,0000000000000000,0
605,15.488959,0.841750,7.703500,15.925000,39.117750,1774.791679,20318477.177998,564,564,786359,786359,0000000000000000,0
606,15.526584,0.803250,7.827750,15.968167,39.323084,1777.849023,20318497.107582,564,564,786359,786359,0000000000000000,0
607,15.551084,0.827167,7.846125,15.917417,39.314917,1780.584662,20318516.501665,564,564,786359,786359,0000000000000000,0
608,15.372583,0.829208,7.979417,15.963500,39.315791,1783.847046,20318536.432123,564,564,786359,786359,0000000000000000,0
609,15.533875,0.840875,7.698833,15.853833,39.087125,1786.580352,20318555.603665,564,564,786359,786359,0000000000000000,0
610,15.433250,0.839708,7.773500,15.391834,38.599167,1789.837777,20318575.039749,564,564,786359,786359,0000000000000000,0
611,15.628375,0.812584,7.779625,15.925583,39.334166,1792.342128,20318594.946290,564,564,786359,786359,0000000000000000,0
612,15.609125,0.834750,7.894834,15.858500,39.362750,1795.110434,20318614.409790,564,564,786359,786359,0000000000000000,0
613,15.563917,0.788084,7.825417,15.883584,39.273209,1798.351526,20318634.228249,564,564,786359,786359,0000000000000000,0
614,15.542625,0.817833,7.810833,15.750291,39.104041,1801.146665,20318653.521415,564,564,786359,786359,0000000000000000,0
615,15.464166,0.796541,7.947042,15.989458,39.400958,1804.298799,20318673.637082,564,564,786359,786359,0000000000000000,0
616,15.523375,0.798000,7.830667,15.998209,39.352542,1806.929440,20318692.886499,564,564,786359,786359,0000000000000000,0
617,15.344000,0.802667,7.740833,16.109042,39.194458,1810.379947,20318712.845832,564,564,786359,786359,0000000000000000,0
618,15.471750,0.810250,7.916417,16.045459,39.433917,1812.962755,20318732.334999,564,564,786359,786359,0000000000000000,0
619,15.389208,0.800042,7.710208,16.013375,39.113083,1816.248762,20318751.967082,564,564,786359,786359,0000000000000000,0
620,15.372583,0.816959,7.763000,16.049541,39.185416,1819.077735,20318771.535290,564,564,786359,786359,0000000000000000,0
621,15.479625,0.812000,7.864208,16.077833,39.421958,1822.041163,20318791.402165,564,564,786359,786359,0000000000000000,0
622,15.465625,0.821333,7.700583,16.100875,39.267666,1824.938092,20318810.811415,564,564,786359,786359,0000000000000000,0
623,15.350125,0.809667,7.813458,16.137333,39.301208,1828.144185,20318830.717957,564,564,786359,786359,0000000000000000,0
624,15.491583,0.830375,7.757459,16.029417,39.278750,1830.880699,20318850.099207,564,564,786359,786359,0000000000000000,0
625,15.362667,0.792458,7.824250,16.052459,39.239667,1834.120916,20318869.967249,564,564,786359,786359,0000000000000000,0
626,15.299084,0.813166,7.722750,15.939000,38.961417,1836.840223,20318889.075207,564,564,786359,786359,0000000000000000,0
627,15.349541,0.790125,7.752209,15.919167,39.021500,1840.039023,20318909.000999,564,564,786359,786359,0000000000000000,0
628,15.502375,0.800625,7.825709,15.944250,39.272625,1842.476291,20318928.356290,564,564,786359,786359,0000000000000000,0
629,15.427417,0.788084,7.780208,15.900791,39.108708,1845.736050,20318948.119040,564,564,786359,786359,0000000000000000,0
630,15.475542,0.819000,7.728292,15.923250,39.127667,1848.429107,20318967.497957,564,564,786359,786359,0000000000000000,0
631,15.395042,0.826583,7.851666,15.947458,39.194458,1851.519992,20318987.322540,564,564,786359,786359,0000000000000000,0
632,16.813125,0.745208,7.856333,15.925292,40.595042,1854.231716,20319008.101749,564,564,786359,786359,0000000000000000,0
633,15.712666,0.785750,7.958417,15.934041,39.605416,1857.389975,20319026.937290,564,564,786359,786359,0000000000000000,0
634,15.084416,0.793042,7.705542,15.942209,38.732750,1861.508098,20319046.849374,564,564,786359,786359,0000000000000000,0
635,15.557792,0.827750,7.784000,15.869291,39.211375,1863.674120,20319066.160915,564,564,786359,786359,0000000000000000,0
636,15.387167,0.809667,7.723916,15.890583,39.001958,1866.916086,20319085.860665,564,564,786359,786359,0000000000000000,0
637,15.479917,0.813750,7.807041,15.834875,39.122125,1869.560435,20319105.292082,564,564,786359,786359,0000000000000000,0
638,15.424208,0.933042,7.700875,19.697708,42.823083,1872.599697,20319128.698915,564,564,786359,786359,0000000000000000,0
639,15.428291,0.815208,9.328084,15.915667,40.672333,1875.357794,20319145.973457,564,564,786359,786359,0000000000000000,0
640,14.918459,0.741416,7.822208,15.791416,38.532375,1882.101760,20319167.244415,564,564,786359,786359,0000000000000000,0
641,15.819708,0.748125,7.784584,15.965542,39.570125,1882.711176,20319185.558457,564,564,786359,786359,0000000000000000,0
642,15.187375,0.757167,7.751625,15.894083,38.833375,1887.312584,20319206.090040,564,564,786359,786359,0000000000000000,0
643,15.665417,0.767958,7.785458,15.789083,39.240250,1888.962070,20319224.813290,564,564,786359,786359,0000000000000000,0
644,15.221209,0.759792,7.681333,15.886500,38.789334,1892.824405,20319244.891624,564,564,786359,786359,0000000000000000,0
645,15.590459,0.800334,7.904458,16.029417,39.524626,1894.877553,20319264.346666,564,564,786359,786359,0000000000000000,0
646,15.384834,0.817542,7.859250,15.960584,39.204959,1898.295684,20319284.112041,564,564,786359,786359,0000000000000000,0
647,15.519000,0.809667,7.749292,16.000250,39.268833,1901.082657,20319303.630082,564,564,786359,786359,0000000000000000,0
648,15.388917,0.804125,7.792750,15.964375,39.146334,1904.181125,20319323.272666,564,564,786359,786359,0000000000000000,0
649,15.500042,0.822500,7.678125,15.861708,39.040458,1907.026722,20319342.679582,564,564,786359,786359,0000000000000000,0
650,15.474083,0.816958,7.681334,16.060334,39.216042,1910.001817,20319362.497166,564,564,786359,786359,0000000000000000,0
651,15.506459,0.800917,7.821041,16.062666,39.390750,1912.743873,20319382.080832,564,564,786359,786359,0000000000000000,0
652,15.491292,0.826292,7.799458,16.089791,39.380833,1915.892799,20319401.886457,564,564,786359,786359,0000000000000000,0
653,15.494500,0.814625,7.689208,16.092417,39.276417,1918.813062,20319421.366291,564,564,786359,786359,0000000000000000,0
654,15.444625,0.817833,7.873250,15.935208,39.253666,1921.947989,20319441.148582,564,564,786359,786359,0000000000000000,0
655,15.553125,0.826000,8.011500,15.994417,39.559334,1924.761502,20319460.934666,564,564,786359,786359,0000000000000000,0
656,15.517833,0.818709,7.744333,15.896708,39.159166,1927.882429,20319480.322332,564,564,786359,786359,0000000000000000,0
657,15.412250,0.791875,7.727709,16.039042,39.179292,1930.996064,20319500.122999,564,564,786359,786359,0000000000000000,0
658,15.537375,0.816083,7.967459,16.099709,39.604834,1933.720328,20319519.939416,564,564,786359,786359,0000000000000000,0
659,15.511125,0.826583,7.877042,16.071417,39.459875,1936.850297,20319539.591624,564,564,786359,786359,0000000000000000,0
660,15.467958,0.835041,7.825125,15.883875,39.177250,1939.998932,20319559.124541,564,564,786359,786359,0000000000000000,0
661,15.535333,0.809958,7.781084,15.936084,39.252792,1942.985110,20319578.853166,564,564,786359,786359,0000000000000000,0
662,15.472333,0.816375,7.758334,15.926750,39.158000,1945.854623,20319598.294499,564,564,786359,786359,0000000000000000,0
663,15.461833,0.790125,7.801209,16.034375,39.297708,1948.912842,20319618.159332,564,564,786359,786359,0000000000000000,0
664,15.562167,0.825125,7.759208,16.046041,39.367708,1951.687273,20319637.670957,564,564,786359,786359,0000000000000000,0
665,15.516666,0.836208,7.849042,15.830791,39.196791,1954.884907,20319657.364582,564,564,786359,786359,0000000000000000,0
666,15.637709,0.831250,7.704375,15.711792,39.054167,1957.730795,20319676.734749,564,564,786359,786359,0000000000000000,0
667,15.615541,0.788083,7.993125,15.946583,39.555541,1960.756348,20319696.928582,564,564,786359,786359,0000000000000000,0
668,15.638000,0.802958,7.824834,16.025042,39.488167,1963.457864,20319716.229624,564,564,786359,786359,0000000000000000,0
669,15.392125,0.793042,7.766500,16.004334,39.163250,1966.985077,20319736.098541,564,564,786359,786359,0000000000000000,0
670,15.552542,0.819875,7.851958,15.729292,39.134084,1969.621551,20319755.373041,564,564,786359,786359,0000000000000000,0
671,15.479333,0.802083,7.859542,15.935791,39.274958,1972.822685,20319775.381957,564,564,786359,786359,0000000000000000,0
672,15.556917,0.806750,7.762125,16.068208,39.387542,1975.430284,20319794.768749,564,564,786359,786359,0000000000000000,0
673,15.289167,0.805291,7.796833,16.141125,39.227417,1978.773750,20319814.619291,564,564,786359,786359,0000000000000000,0
674,15.514625,0.821334,7.879375,15.954750,39.349333,1981.492765,20319834.127124,564,564,786359,786359,0000000000000000,0
675,15.476125,0.816375,8.048250,15.912166,39.436541,1984.678149,20319854.066332,564,564,786359,786359,0000000000000000,0
676,15.583750,0.817542,7.815500,15.910708,39.310250,1987.519662,20319873.448749,564,564,786359,786359,0000000000000000,0
677,15.473208,0.794500,7.857500,15.917125,39.248125,1990.796046,20319893.329916,564,564,786359,786359,0000000000000000,0
678,15.565958,0.839125,7.748708,16.082792,39.397750,1993.505144,20319912.855541,564,564,786359,786359,0000000000000000,0
679,15.461833,0.807917,7.893375,15.890000,39.245208,1996.719694,20319932.584457,564,564,786359,786359,0000000000000000,0
680,15.564208,0.812875,7.700000,15.885333,39.149833,1999.583083,20319952.019374,564,564,786359,786359,0000000000000000,0
681,15.494792,0.790416,7.968334,15.871625,39.335042,2002.642760,20319971.930874,564,564,786359,786359,0000000000000000,0
682,15.560709,0.809958,7.818708,15.898750,39.278459,2005.407857,20319991.306583,564,564,786359,786359,0000000000000000,0
683,15.465333,0.797709,7.782542,15.875416,39.123583,2008.653033,20320011.063499,564,564,786359,786359,0000000000000000,0
684,15.560708,0.816084,7.860125,15.948916,39.370041,2011.361548,20320030.685374,564,564,786359,786359,0000000000000000,0
685,15.352458,0.828625,7.866250,15.933167,39.152167,2014.451558,20320050.224708,564,564,786359,786359,0000000000000000,0
686,15.506458,0.832708,7.793042,15.937250,39.237041,2017.406820,20320069.931749,564,564,786359,786359,0000000000000000,0
687,15.537958,0.821917,7.830375,15.912459,39.281375,2020.283916,20320089.520083,564,564,786359,786359,0000000000000000,0
688,15.453667,0.849917,7.955791,15.835458,39.245208,2023.319094,20320109.185999,564,564,786359,786359,0000000000000000,0
689,15.570334,0.816375,7.799458,16.074334,39.444709,2026.243440,20320128.976458,564,564,786359,786359,0000000000000000,0
690,15.449000,0.825125,7.959000,16.017459,39.425750,2029.238951,20320148.620208,564,564,786359,786359,0000000000000000,0
691,15.257958,0.817250,7.881708,16.111958,39.251916,2032.363086,20320168.237124,564,564,786359,786359,0000000000000000,0
692,15.215375,0.812000,7.875583,15.950083,39.041625,2035.346640,20320187.677291,564,564,786359,786359,0000000000000000,0
693,15.392125,0.814625,8.152958,15.929083,39.474458,2038.290235,20320207.720624,564,564,786359,786359,0000000000000000,0
694,15.529208,0.795375,7.830667,16.037291,39.397458,2041.062916,20320227.083499,564,564,786359,786359,0000000000000000,0
695,15.380458,0.793916,7.891917,15.907500,39.180167,2044.439923,20320246.909833,564,564,786359,786359,0000000000000000,0
696,15.480208,0.815500,7.690084,15.927334,39.097917,2047.139980,20320266.194833,564,564,786359,786359,0000000000000000,0
697,15.371125,0.799750,7.823667,15.888542,39.083625,2050.294447,20320286.001916,564,564,786359,786359,0000000000000000,0
698,15.514333,0.822791,7.800333,15.903125,39.218083,2052.912839,20320305.421666,564,564,786359,786359,0000000000000000,0
699,15.403500,0.816084,7.667333,16.056250,39.127375,2056.060307,20320325.145333,564,564,786359,786359,0000000000000000,0
700,15.513750,0.814625,7.826583,15.846541,39.187166,2058.812571,20320344.623999,564,564,786359,786359,29a111b6ccb56ac5,1
701,15.409625,0.810250,7.997791,15.894958,39.302666,2061.869041,20320364.462874,564,564,786359,786359,0000000000000000,0
702,15.394750,0.780208,8.040083,15.703625,39.138750,2065.412587,20320384.509708,564,564,786359,786359,0000000000000000,0
703,15.558375,0.785167,7.796542,15.897000,39.252209,2067.846646,20320403.723833,564,564,786359,786359,0000000000000000,0
704,15.408750,0.788084,7.893375,15.852958,39.155667,2071.226571,20320423.674416,564,564,786359,786359,0000000000000000,0
705,15.530959,0.820166,7.723916,15.849750,39.104917,2073.772921,20320442.836916,564,564,786359,786359,0000000000000000,0
706,15.414000,0.798000,7.680167,15.916833,39.011292,2077.058637,20320462.695916,564,564,786359,786359,0000000000000000,0
707,15.453667,0.820167,8.033666,15.992083,39.480000,2079.558030,20320482.330916,564,564,786359,786359,0000000000000000,0
708,15.406125,0.832125,7.725959,16.005500,39.138167,2082.761205,20320501.859166,564,564,786359,786359,0000000000000000,0
709,15.400000,0.815208,7.767958,16.067041,39.235291,2085.713550,20320521.575249,564,564,786359,786359,0000000000000000,0
710,15.415458,0.831834,7.630292,15.962042,39.008375,2088.574897,20320540.876583,564,564,786359,786359,0000000000000000,0
711,15.454542,0.773792,7.781375,16.059750,39.295959,2091.622908,20320560.879083,564,564,786359,786359,0000000000000000,0
712,15.516958,0.836792,7.836500,16.075792,39.429542,2094.262298,20320580.318958,564,564,786359,786359,0000000000000000,0
713,15.471750,0.788375,7.819875,16.118375,39.410291,2097.597890,20320600.302499,564,564,786359,786359,0000000000000000,0
714,15.568000,0.827166,7.888125,15.954167,39.410584,2100.368529,20320619.740333,564,564,786359,786359,0000000000000000,0
715,15.380458,0.826875,7.853708,16.071417,39.305875,2103.684869,20320639.618583,564,564,786359,786359,0000000000000000,0
716,15.482541,0.821916,7.843209,16.011042,39.337083,2106.454926,20320659.085291,564,564,786359,786359,0000000000000000,0
717,15.396209,0.823084,7.826000,15.747958,38.970459,2109.664809,20320678.597208,564,564,786359,786359,0000000000000000,0
718,15.528333,0.845250,7.794209,16.165042,39.487875,2112.464906,20320698.581333,564,564,786359,786359,0000000000000000,0
719,15.413708,0.858666,7.822500,15.976042,39.212833,2115.407627,20320717.916208,564,564,786359,786359,0000000000000000,0
720,15.523084,0.814042,7.817541,15.538833,38.880042,2118.634136,20320737.476833,564,564,786359,786359,0000000000000000,0
721,15.590166,0.816375,7.888417,15.692541,39.171416,2121.305318,20320757.106291,564,564,786359,786359,0000000000000000,0
722,15.561875,0.816375,7.810250,16.024166,39.396583,2124.188539,20320776.881291,564,564,786359,786359,0000000000000000,0
723,15.500625,0.820458,7.875000,16.054792,39.430709,2127.149926,20320796.544000,564,564,786359,786359,0000000000000000,0
724,15.445792,0.847584,7.829500,16.121875,39.397458,2130.265602,20320816.293041,564,564,786359,786359,0000000000000000,0
725,15.486917,0.838542,7.859833,16.076958,39.424292,2133.255865,20320835.977333,564,564,786359,786359,0000000000000000,0
726,15.377833,0.828334,7.781375,15.979834,39.139625,2136.341791,20320855.445500,564,564,786359,786359,0000000000000000,0
727,15.385125,0.837375,7.859541,15.907500,39.152458,2139.355677,20320875.138833,564,564,786359,786359,0000000000000000,0
728,15.500042,0.814334,7.804125,15.947459,39.251917,2142.156359,20320894.705875,564,564,786359,786359,0000000000000000,0
729,15.245708,0.813750,7.970083,16.099125,39.315208,2145.187453,20320914.467458,564,564,786359,786359,0000000000000000,0
730,15.424792,0.832125,7.679000,15.796084,38.900459,2148.083215,20320933.615375,564,564,786359,786359,0000000000000000,0
731,15.257083,0.826584,7.861875,15.947167,39.066708,2151.177893,20320953.543208,564,564,786359,786359,0000000000000000,0
732,15.540875,0.805292,7.762417,16.108750,39.412333,2153.660077,20320973.037916,564,564,786359,786359,0000000000000000,0
733,15.392125,0.809375,8.027250,16.073167,39.492833,2156.919251,20320993.044208,564,564,786359,786359,0000000000000000,0
734,15.559541,0.828625,7.675209,16.103500,39.338833,2159.752307,20321012.390458,564,564,786359,786359,0000000000000000,0
735,15.382209,0.788375,7.700000,15.913042,38.995542,2163.086439,20321032.048208,564,564,786359,786359,0000000000000000,0
736,15.451334,0.812000,7.835041,16.135292,39.421959,2165.765788,20321051.820875,564,564,786359,786359,0000000000000000,0
737,15.453667,0.821625,7.827458,16.253708,39.535125,2168.756633,20321071.591791,564,564,786359,786359,0000000000000000,0
738,15.410209,0.815792,7.619791,16.087750,39.118042,2171.868226,20321090.953208,564,564,786359,786359,0000000000000000,0
739,15.384250,0.792750,7.730042,16.035833,39.150708,2174.971361,20321110.755916,564,564,786359,786359,0000000000000000,0
740,15.506166,0.805000,7.937709,16.043125,39.487291,2177.662669,20321130.450416,564,564,786359,786359,0000000000000000,0
741,16.810208,0.726250,7.799458,15.806000,40.415958,2180.796720,20321151.180333,564,564,786359,786359,0000000000000000,0
742,15.687584,0.749000,7.915250,15.963500,39.566625,2183.824022,20321170.024916,564,564,786359,786359,0000000000000000,0
743,15.284500,0.749583,7.827750,15.880958,38.993500,2187.886730,20321190.181416,564,564,786359,786359,0000000000000000,0
744,15.570041,0.800625,7.864792,15.868416,39.303541,2190.065001,20321209.336916,564,564,786359,786359,0000000000000000,0
745,15.464458,0.785458,7.756000,16.013084,39.234125,2193.561006,20321229.430125,564,564,786359,786359,0000000000000000,0
746,15.325917,0.787791,7.794208,15.987708,39.108125,2196.048150,20321248.458166,564,564,786359,786359,0000000000000000,0
747,15.320083,0.773209,7.871208,16.003458,39.195333,2199.475906,20321268.640333,564,564,786359,786359,0000000000000000,0
748,15.602125,0.788375,7.697958,16.085417,39.385792,2201.830341,20321287.852125,564,564,786359,786359,0000000000000000,0
749,15.353625,0.790416,7.735875,16.086000,39.175792,2205.345889,20321307.824583,564,564,786359,786359,0000000000000000,0
750,15.495958,0.810541,7.693292,16.024459,39.214000,2207.897489,20321327.081000,564,564,786359,786359,0000000000000000,0
751,15.380458,0.792750,7.779042,16.201208,39.361000,2211.196621,20321347.194333,564,564,786359,786359,0000000000000000,0
752,15.463291,0.814625,7.701459,15.618458,38.783500,2213.787888,20321365.875000,564,564,786359,786359,0000000000000000,0
753,15.356833,0.784875,7.851667,15.967875,39.176958,2217.273685,20321386.420875,564,564,786359,786359,0000000000000000,0
754,15.584333,0.777584,7.921667,15.987416,39.493708,2219.252750,20321405.383583,564,564,786359,786359,0000000000000000,0
755,15.449000,0.763583,7.956667,15.901375,39.307333,2223.154168,20321425.765833,564,564,786359,786359,0000000000000000,0
756,15.692833,0.781375,7.861000,15.905750,39.459875,2225.420813,20321444.851625,564,564,786359,786359,0000000000000000,0
757,15.355958,0.793625,7.832417,15.763125,38.952083,2229.135274,20321464.725208,564,564,786359,786359,0000000000000000,0
758,15.574708,0.812292,7.724500,15.962333,39.261833,2231.553876,20321484.120750,564,564,786359,786359,0000000000000000,0
759,15.436458,0.805583,7.836500,15.933166,39.206416,2234.765218,20321503.943583,564,564,786359,786359,0000000000000000,0
760,15.510250,0.823375,7.758042,16.111083,39.379667,2237.490649,20321523.508875,564,564,786359,786359,0000000000000000,0
761,15.462708,0.824542,7.659458,15.945125,39.067875,2240.647451,20321543.020792,564,564,786359,786359,0000000000000000,0
762,15.450458,0.831541,7.602583,15.760791,38.814416,2243.544672,20321562.331458,564,564,786359,786359,0000000000000000,0
763,15.479917,0.794500,7.815791,15.883875,39.179875,2246.395810,20321582.215250,564,564,786359,786359,0000000000000000,0
764,15.554583,0.820750,7.712542,16.097083,39.364208,2249.034618,20321601.705000,564,564,786359,786359,0000000000000000,0
765,15.467958,0.801500,7.749000,15.952416,39.169666,2252.254710,20321621.397458,564,564,786359,786359,0000000000000000,0
766,15.540292,0.816667,7.773791,15.962916,39.277583,2255.073473,20321640.991333,564,564,786359,786359,0000000000000000,0
767,15.537958,0.805000,7.761834,16.033500,39.333583,2258.104568,20321660.745333,564,564,786359,786359,0000000000000000,0
768,15.555750,0.819875,7.867125,16.029709,39.452875,2261.026580,20321680.453542,564,564,786359,786359,0000000000000000,0
769,15.428875,0.828917,7.903292,15.992375,39.324834,2264.120090,20321700.085917,564,564,786359,786359,0000000000000000,0
770,15.537375,0.838250,7.696500,16.138208,39.372375,2267.154977,20321719.834958,564,564,786359,786359,0000000000000000,0
771,15.461250,0.840875,7.717792,15.969625,39.148667,2270.123072,20321739.246250,564,564,786359,786359,0000000000000000,0
772,15.465333,0.834167,7.907083,15.701583,39.074583,2273.201707,20321758.918000,564,564,786359,786359,0000000000000000,0
773,15.651125,0.849333,7.714583,15.781208,39.147500,2275.944639,20321778.400750,564,564,786359,786359,0000000000000000,0
774,15.579375,0.819583,7.634958,15.794625,39.009250,2278.952400,20321797.937167,564,564,786359,786359,0000000000000000,0
775,15.596292,0.802083,7.829208,15.632458,39.058250,2281.765913,20321817.466583,564,564,786359,786359,0000000000000000,0
776,15.569750,0.841459,7.727709,15.927042,39.224792,2284.643885,20321837.178000,564,564,786359,786359,0000000000000000,0
777,15.528625,0.810541,7.858958,15.941041,39.329208,2287.501148,20321856.806583,564,564,786359,786359,0000000000000000,0
778,15.307833,0.825125,7.802667,16.074917,39.186000,2290.543617,20321876.372750,564,564,786359,786359,0000000000000000,0
779,15.454833,0.805875,7.765625,15.892917,39.113667,2293.505880,20321895.929292,564,564,786359,786359,0000000000000000,0
780,15.412834,0.811708,7.816958,15.901375,39.131750,2296.409517,20321915.518208,564,564,786359,786359,0000000000000000,0
781,15.499167,0.796542,7.733250,16.128000,39.360709,2299.294488,20321935.299042,564,564,786359,786359,0000000000000000,0
782,15.545833,0.828042,8.089084,15.913625,39.549125,2302.216501,20321955.076375,564,564,786359,786359,0000000000000000,0
783,15.582875,0.838250,7.788375,16.057708,39.429250,2305.333344,20321974.739958,564,564,786359,786359,0000000000000000,0
784,15.466792,0.730334,7.746375,15.996458,39.210208,2308.440854,20321994.295333,564,564,786359,786359,0000000000000000,0
785,15.556916,0.828625,7.848750,16.004042,39.410000,2311.437241,20322014.158417,564,564,786359,786359,0000000000000000,0
786,15.552833,0.810833,7.725083,16.058583,39.336791,2314.325712,20322033.640583,564,564,786359,786359,0000000000000000,0
787,15.441125,0.806750,7.677542,16.032917,39.151876,2317.528304,20322053.325459,564,564,786359,786359,0000000000000000,0
788,15.308708,0.850791,7.724792,16.004041,39.037833,2320.336860,20322072.686875,564,564,786359,786359,0000000000000000,0
789,15.282458,0.825417,8.109500,16.007542,39.399792,2323.356579,20322092.735459,564,564,786359,786359,0000000000000000,0
790,15.558375,0.800333,7.738208,16.040208,39.337083,2326.049344,20322112.032417,564,564,786359,786359,0000000000000000,0
791,15.427708,0.800042,7.724209,16.051000,39.203208,2329.431018,20322131.947125,564,564,786359,786359,0000000000000000,0
792,15.538542,0.819292,7.886958,16.047208,39.473000,2332.062825,20322151.515625,564,564,786359,786359,0000000000000000,0
793,15.388333,0.815208,8.027250,16.067333,39.483208,2335.308875,20322171.438500,564,564,786359,786359,0000000000000000,0
794,15.485167,0.811125,7.794208,16.153083,39.432750,2338.210180,20322190.956542,564,564,786359,786359,0000000000000000,0
795,15.374916,0.810541,7.773500,16.091542,39.240250,2341.471105,20322210.691584,564,564,786359,786359,0000000000000000,0
796,15.535917,0.814334,7.818416,16.059750,39.414667,2344.323993,20322230.386084,564,564,786359,786359,0000000000000000,0
797,15.379583,0.825416,7.798292,16.041667,39.219833,2347.388046,20322249.921917,564,564,786359,786359,0000000000000000,0
798,15.502375,0.796833,7.756875,16.089500,39.348750,2350.414765,20322269.744750,564,564,786359,786359,0000000000000000,0
799,15.579083,0.838250,7.944417,15.996459,39.520542,2353.286903,20322289.455584,564,564,786359,786359,0000000000000000,0
800,15.535042,0.839416,7.847000,16.070250,39.452583,2356.439621,20322309.207250,564,564,786359,786359,29a111b6ccb56ac5,1
801,15.489542,0.832708,7.662958,16.108750,39.261250,2359.482090,20322328.725292,564,564,786359,786359,0000000000000000,0
802,15.320667,0.750750,7.977375,16.058875,39.357208,2363.317300,20322349.323375,564,564,786359,786359,0000000000000000,0
803,15.654333,0.761833,7.808208,16.125375,39.588208,2365.418573,20322368.322542,564,564,786359,786359,0000000000000000,0
804,15.342833,0.757459,7.882292,15.972250,39.197667,2369.350031,20322388.530084,564,564,786359,786359,0000000000000000,0
805,15.548750,0.785166,7.865083,16.193333,39.607458,2371.681133,20322407.938167,564,564,786359,786359,0000000000000000,0
806,15.415750,0.803250,7.917291,15.954458,39.287791,2375.221764,20322427.825750,564,564,786359,786359,0000000000000000,0
807,15.532417,0.801792,7.889875,16.057708,39.480292,2377.967028,20322447.430417,564,564,786359,786359,0000000000000000,0
808,15.462125,0.823083,7.852833,16.091834,39.407375,2381.183912,20322467.241584,564,564,786359,786359,0000000000000000,0
809,15.478750,0.816083,7.705542,16.148708,39.333583,2384.121966,20322486.772750,564,564,786359,786359,0000000000000000,0
810,15.362667,0.825125,7.795083,16.128292,39.286334,2387.265934,20322506.536084,564,564,786359,786359,0000000000000000,0
811,15.427417,0.820750,7.982917,16.046625,39.457250,2390.129905,20322526.237875,564,564,786359,786359,0000000000000000,0
812,15.489250,0.825708,7.928666,16.008708,39.426916,2393.231583,20322545.976125,564,564,786359,786359,0000000000000000,0
813,15.532708,0.828625,7.781375,16.031167,39.345833,2396.261510,20322565.592167,564,564,786359,786359,0000000000000000,0
814,15.470000,0.826584,7.781959,16.100875,39.353125,2399.333145,20322585.338000,564,564,786359,786359,0000000000000000,0
815,15.512000,0.823375,7.682208,16.065875,39.260375,2402.286075,20322604.865084,564,564,786359,786359,0000000000000000,0
816,15.466500,0.800333,7.714000,15.897875,39.078667,2405.363835,20322624.428042,564,564,786359,786359,0000000000000000,0
817,15.484292,0.807917,7.655375,16.021834,39.161792,2408.227514,20322644.041459,564,564,786359,786359,0000000000000000,0
818,15.594833,0.810542,7.777000,15.964083,39.336208,2411.115986,20322663.771542,564,564,786359,786359,0000000000000000,0
819,15.558083,0.836208,7.810542,15.999667,39.368583,2414.064831,20322683.419667,564,564,786359,786359,0000000000000000,0
820,15.485167,0.823958,7.736750,15.782666,39.004875,2417.126841,20322702.784875,564,564,786359,786359,0000000000000000,0
821,15.490125,0.815500,7.655958,15.980125,39.126500,2420.108645,20322722.554917,564,564,786359,786359,0000000000000000,0
822,15.490709,0.849334,7.836500,16.049834,39.377334,2422.806660,20322742.170959,564,564,786359,786359,0000000000000000,0
823,15.400875,0.816375,7.803250,16.041958,39.246375,2425.909795,20322761.810042,564,564,786359,786359,0000000000000000,0
824,15.534751,0.818708,7.705833,16.097666,39.338542,2428.864474,20322781.523792,564,564,786359,786359,0000000000000000,0
825,15.364125,0.822208,7.706417,15.753208,38.824042,2431.831986,20322800.643709,564,564,786359,786359,0000000000000000,0
826,15.467958,0.828625,7.856334,15.558959,38.883542,2434.884663,20322820.422501,564,564,786359,786359,0000000000000000,0
827,15.979542,0.808208,7.825417,15.758458,39.564000,2437.336807,20322840.222292,564,564,786359,786359,0000000000000000,0
828,15.607958,0.870333,7.929542,15.724334,39.262125,2440.452775,20322859.703001,564,564,786359,786359,0000000000000000,0
829,15.509666,0.888125,7.678125,15.615542,38.803625,2443.577493,20322879.036126,564,564,786359,786359,0000000000000000,0
830,15.512000,0.807917,7.785750,15.819417,39.117458,2446.386924,20322898.826584,564,564,786359,786359,0000000000000000,0
831,15.539417,0.818125,7.791583,15.957375,39.288667,2449.055481,20322918.333251,564,564,786359,786359,0000000000000000,0
832,15.419541,0.834750,7.995167,16.118375,39.533666,2452.185740,20322938.375417,564,564,786359,786359,0000000000000000,0
833,15.480208,0.802666,7.854292,16.122750,39.457541,2455.022879,20322957.803042,564,564,786359,786359,0000000000000000,0
834,15.430625,0.800625,8.057583,16.079292,39.567792,2458.393761,20322977.951376,564,564,786359,786359,0000000000000000,0
835,15.536500,0.797416,7.839708,16.100000,39.476500,2461.154775,20322997.288001,564,564,786359,786359,0000000000000000,0
836,15.350417,0.783709,7.822500,16.041083,39.214292,2464.636781,20323017.174709,564,564,786359,786359,0000000000000000,0
837,15.497125,0.823667,7.892792,16.074625,39.464834,2467.306797,20323036.761876,564,564,786359,786359,0000000000000000,0
838,15.436750,0.820459,7.689500,16.037584,39.164125,2470.526305,20323056.347876,564,564,786359,786359,0000000000000000,0
839,15.481667,0.820459,7.982333,15.996167,39.460750,2473.446860,20323076.231959,564,564,786359,786359,0000000000000000,0
840,15.502667,0.816958,7.838250,15.894083,39.235292,2476.369164,20323095.595709,564,564,786359,786359,0000000000000000,0
841,15.376375,0.791583,7.673750,15.824667,38.875084,2479.588672,20323115.121626,564,564,786359,786359,0000000000000000,0
842,15.427125,0.805875,7.881709,15.936959,39.246084,2482.285229,20323134.856376,564,564,786359,786359,0000000000000000,0
843,15.568291,0.812292,7.707292,15.927042,39.203208,2485.138409,20323154.333584,564,564,786359,786359,0000000000000000,0
844,15.443167,0.795083,7.807916,15.956500,39.208167,2488.206836,20323174.073876,564,564,786359,786359,0000000000000000,0
845,15.481083,0.828916,8.036584,15.956500,39.474458,2491.020059,20323193.820292,564,564,786359,786359,0000000000000000,0
846,15.485750,0.821625,7.969792,15.976916,39.432750,2494.090527,20323213.515667,564,564,786359,786359,0000000000000000,0
847,15.486917,0.810833,7.792166,15.950958,39.230625,2497.169746,20323233.059959,564,564,786359,786359,0000000000000000,0
848,15.457750,0.811417,7.696500,16.216667,39.371208,2500.198508,20323252.896209,564,564,786359,786359,0000000000000000,0
849,15.432958,0.812875,7.866250,16.064125,39.363625,2503.079979,20323272.437001,564,564,786359,786359,0000000000000000,0
850,15.392417,0.811416,7.711375,15.671250,38.775333,2506.244654,20323291.680292,564,564,786359,786359,0000000000000000,0
851,15.418375,0.792750,7.820750,15.925583,39.165000,2509.123501,20323311.615709,564,564,786359,786359,0000000000000000,0
852,15.544083,0.807042,7.688042,15.959708,39.192416,2511.699892,20323330.886417,564,564,786359,786359,0000000000000000,0
853,15.360334,0.782833,7.746083,15.983041,39.089750,2514.968400,20323350.719167,564,564,786359,786359,0000000000000000,0
854,15.471750,0.812875,7.683958,15.965542,39.121542,2517.567542,20323370.017001,564,564,786359,786359,0000000000000000,0
855,15.368208,0.776417,7.919333,16.005208,39.293333,2520.739801,20323390.027959,564,564,786359,786359,0000000000000000,0
856,15.554875,0.817542,7.790416,16.127125,39.472708,2523.364317,20323409.498459,564,564,786359,786359,0000000000000000,0
857,15.376375,0.809083,7.864209,15.973125,39.214000,2526.713325,20323429.255667,564,564,786359,786359,0000000000000000,0
858,15.494209,0.817250,7.838833,15.934333,39.267667,2529.514005,20323448.777209,564,564,786359,786359,0000000000000000,0
859,15.400000,0.806167,7.840584,16.081625,39.322500,2532.608390,20323468.593334,564,564,786359,786359,0000000000000000,0
860,15.449291,0.806750,7.858084,15.936667,39.244333,2535.457196,20323488.030876,564,564,786359,786359,0000000000000000,0
861,15.412834,0.795959,7.849041,15.928500,39.190667,2538.606997,20323507.793626,564,564,786359,786359,0000000000000000,0
862,15.487208,0.815500,7.771750,15.950375,39.209625,2541.377636,20323527.250418,564,564,786359,786359,0000000000000000,0
863,15.411959,0.802959,7.844083,15.978375,39.234709,2544.479022,20323547.043793,564,564,786359,786359,0000000000000000,0
864,15.383083,0.835333,7.897458,15.920041,39.201166,2547.262202,20323566.460334,564,564,786359,786359,0000000000000000,0
865,15.396208,0.809667,7.940042,15.967292,39.304125,2550.390128,20323586.358126,564,564,786359,786359,0000000000000000,0
866,15.484000,0.819583,7.770291,15.839250,39.093833,2553.138018,20323605.562626,564,564,786359,786359,0000000000000000,0
867,15.393000,0.927500,7.716916,15.990333,39.100541,2556.369485,20323625.467709,564,564,786359,786359,0000000000000000,0
868,15.537667,0.814625,7.849333,15.882708,39.270000,2558.906793,20323644.841084,564,564,786359,786359,0000000000000000,0
869,15.483708,0.830958,7.811708,16.049833,39.345541,2562.145553,20323664.822584,564,564,786359,786359,0000000000000000,0
870,15.517250,0.817833,7.744916,15.909542,39.172000,2564.857567,20323684.027668,564,564,786359,786359,0000000000000000,0
871,15.385417,0.785458,7.870333,15.956208,39.212250,2568.166908,20323704.044459,564,564,786359,786359,0000000000000000,0
872,15.486625,0.791583,7.803250,15.991500,39.281667,2570.710634,20323723.324501,564,564,786359,786359,0000000000000000,0
873,15.381042,0.783416,7.735292,15.934042,39.050667,2574.057016,20323743.106501,564,564,786359,786359,0000000000000000,0
874,15.566541,0.815500,7.829500,16.068208,39.464541,2576.667823,20323762.798084,564,564,786359,786359,0000000000000000,0
875,15.412833,0.811416,7.836500,15.887958,39.137583,2579.785251,20323782.255459,564,564,786359,786359,0000000000000000,0
876,15.417500,0.818125,7.794208,15.913333,39.125333,2582.807303,20323801.932459,564,564,786359,786359,0000000000000000,0
877,15.514625,0.816375,7.882875,15.953875,39.351667,2585.597775,20323821.616168,564,564,786359,786359,0000000000000000,0
878,15.468250,0.813166,7.684833,15.965250,39.118625,2588.609037,20323841.061001,564,564,786359,786359,0000000000000000,0
879,15.405541,0.819583,7.774084,15.696625,38.876541,2591.625257,20323860.502334,564,564,786359,786359,0000000000000000,0
880,15.533875,0.825709,7.614833,15.748250,38.897250,2594.403479,20323879.967876,564,564,786359,786359,0000000000000000,0
881,15.682334,0.819583,7.779625,15.816792,39.279042,2597.177035,20323899.790126,564,564,786359,786359,0000000000000000,0
882,15.632166,0.857791,7.791292,15.857916,39.281666,2599.974216,20323919.256834,564,564,786359,786359,0000000000000000,0
883,15.388625,0.802375,7.952875,15.831375,39.173167,2603.132183,20323938.973501,564,564,786359,786359,0000000000000000,0
884,15.509083,0.807625,7.889875,15.992375,39.391625,2605.935489,20323958.662168,564,564,786359,786359,0000000000000000,0
885,15.428583,0.821625,7.908250,16.074625,39.411750,2608.980583,20323978.394293,564,564,786359,786359,0000000000000000,0
886,15.438792,0.816083,7.949375,16.061500,39.449959,2612.004094,20323998.122918,564,564,786359,786359,0000000000000000,0
887,15.480791,0.814333,7.699709,16.012792,39.193583,2615.073397,20324017.602751,564,564,786359,786359,0000000000000000,0
888,15.485167,0.792167,7.836208,16.001708,39.323375,2618.129574,20324037.455626,564,564,786359,786359,0000000000000000,0
889,15.501208,0.820458,7.631750,15.878333,39.011583,2620.943962,20324056.624834,564,564,786359,786359,0000000000000000,0
890,15.387750,0.789542,7.698833,15.927917,39.014792,2624.128181,20324076.479168,564,564,786359,786359,0000000000000000,0
891,15.517542,0.819000,7.676666,16.037000,39.231500,2626.630490,20324095.865376,564,564,786359,786359,0000000000000000,0
892,15.449292,0.794792,7.760083,15.902542,39.112209,2629.817915,20324115.600418,564,564,786359,786359,0000000000000000,0
893,15.501500,0.815500,7.852833,16.051292,39.405917,2632.539847,20324135.282668,564,564,786359,786359,0000000000000000,0
894,15.420125,0.826584,7.957250,16.056542,39.434209,2635.605066,20324155.043085,564,564,786359,786359,0000000000000000,0
895,15.401458,0.810833,8.005084,16.074333,39.481458,2638.623910,20324174.776376,564,564,786359,786359,0000000000000000,0
896,15.435584,0.821917,7.831250,16.111959,39.379084,2641.714213,20324194.431210,564,564,786359,786359,0000000000000000,0
897,15.449875,0.802084,7.721000,15.908666,39.079833,2644.784390,20324213.868751,564,564,786359,786359,0000000000000000,0
898,15.355666,0.798291,7.819000,15.964667,39.139625,2647.774651,20324233.585710,564,564,786359,786359,0000000000000000,0
899,15.467083,0.815209,7.941792,16.036709,39.445875,2650.539458,20324253.323960,564,564,786359,786359,0000000000000000,0
900,15.493917,0.837667,7.771166,15.898750,39.164125,2653.595051,20324272.764418,564,564,786359,786359,29a111b6ccb56ac5,1
901,15.422458,0.821916,7.697375,15.929667,39.049792,2656.666103,20324292.388335,564,564,786359,786359,0000000000000000,0
902,15.342833,0.768542,7.811125,15.932584,39.087125,2660.169109,20324312.595585,564,564,786359,786359,0000000000000000,0
903,15.548167,0.792750,7.798875,15.957083,39.304417,2662.391422,20324331.701793,564,564,786359,786359,0000000000000000,0
904,15.370542,0.785167,7.873250,15.906625,39.150709,2665.931468,20324351.755335,564,564,786359,786359,0000000000000000,0
905,15.556042,0.804125,7.755708,16.127125,39.439167,2668.370487,20324371.149710,564,564,786359,786359,0000000000000000,0
906,15.409916,0.802958,7.613959,16.061792,39.085958,2671.756535,20324390.849168,564,564,786359,786359,0000000000000000,0
907,15.246875,0.799750,7.724791,15.946875,38.918833,2674.485466,20324410.078168,564,564,786359,786359,0000000000000000,0
908,15.379000,0.804125,7.867125,15.946000,39.192417,2677.517144,20324430.050043,564,564,786359,786359,0000000000000000,0
909,15.600375,0.815208,7.863916,16.015417,39.480000,2680.085661,20324449.573335,564,564,786359,786359,0000000000000000,0
910,15.496542,0.833000,7.784000,15.893792,39.174625,2683.386835,20324469.236043,564,564,786359,786359,0000000000000000,0
911,15.473208,0.810542,7.758334,16.051000,39.282833,2686.246432,20324488.870751,564,564,786359,786359,0000000000000000,0
912,15.485458,0.810250,7.770000,15.922375,39.178125,2689.236693,20324508.423210,564,564,786359,786359,0000000000000000,0
913,15.429750,0.852542,7.771750,16.118375,39.320166,2692.204788,20324528.200251,564,564,786359,786359,0000000000000000,0
914,15.462708,0.819291,7.584500,16.138791,39.186291,2695.090052,20324547.618251,564,564,786359,786359,0000000000000000,0
915,15.383375,0.815792,7.923416,16.086875,39.393958,2698.200478,20324567.603543,564,564,786359,786359,0000000000000000,0
916,15.539708,0.814917,8.003334,15.947167,39.490500,2700.953034,20324587.119543,564,564,786359,786359,0000000000000000,0
917,15.275750,0.808500,7.855750,15.964084,39.095875,2704.269667,20324606.708460,564,564,786359,786359,0000000000000000,0
918,15.498584,0.835625,7.793916,15.939875,39.232667,2707.118180,20324626.360668,564,564,786359,786359,0000000000000000,0
919,15.515500,0.843792,8.008292,15.977792,39.501875,2710.046317,20324646.224918,564,564,786359,786359,0000000000000000,0
920,15.513167,0.849625,7.806458,16.043125,39.363042,2713.027538,20324665.734210,564,564,786359,786359,0000000000000000,0
921,15.385416,0.818709,7.719250,15.788792,38.893750,2716.223713,20324685.127710,564,564,786359,786359,0000000000000000,0
922,15.461833,0.840875,7.671125,15.906625,39.039875,2719.065810,20324704.782835,564,564,786359,786359,0000000000000000,0
923,15.531250,0.828334,7.896292,15.756125,39.183959,2721.798533,20324724.326835,564,564,786359,786359,0000000000000000,0
924,15.583750,0.817834,7.740833,16.144333,39.469208,2724.780336,20324744.260501,564,564,786359,786359,0000000000000000,0
925,15.524542,0.813750,7.662083,16.014250,39.201167,2727.657141,20324763.536460,564,564,786359,786359,0000000000000000,0
926,15.381333,0.795084,7.828333,16.136750,39.347000,2730.930316,20324783.622085,564,564,786359,786359,0000000000000000,0
927,15.534167,0.838542,7.698250,16.085125,39.317833,2733.532957,20324802.862751,564,564,786359,786359,0000000000000000,0
928,15.403209,0.793333,7.898625,16.053917,39.356042,2736.954880,20324822.989793,564,564,786359,786359,0000000000000000,0
929,15.569167,0.801208,7.681333,16.054791,39.305583,2739.525147,20324842.176501,564,564,786359,786359,0000000000000000,0
930,15.398250,0.793042,7.797708,16.010750,39.207000,2742.985569,20324862.204960,564,564,786359,786359,0000000000000000,0
931,15.577334,0.834166,7.761833,16.079291,39.419042,2745.508295,20324881.606918,564,564,786359,786359,0000000000000000,0
932,15.470292,0.791292,7.744917,16.083959,39.299459,2748.868677,20324901.514627,564,564,786359,786359,0000000000000000,0
933,15.577917,0.844958,7.746375,15.690792,39.015375,2751.601692,20324920.630460,564,564,786359,786359,0000000000000000,0
934,15.367916,0.828917,7.746959,15.464750,38.580208,2754.847450,20324940.107960,564,564,786359,786359,0000000000000000,0
935,15.948917,0.754834,7.845541,15.669208,39.463958,2757.295510,20324960.106668,564,564,786359,786359,0000000000000000,0
936,15.569458,0.831541,7.818417,15.893208,39.281375,2760.101732,20324979.397210,564,564,786359,786359,0000000000000000,0
937,15.478166,0.808792,7.851667,15.901958,39.232083,2763.434406,20324999.347210,564,564,786359,786359,0000000000000000,0
938,15.574708,0.822208,7.786333,16.137333,39.498666,2766.056006,20325018.902293,564,564,786359,786359,0000000000000000,0
939,15.420125,0.818125,7.870625,16.070833,39.361875,2769.345805,20325038.722210,564,564,786359,786359,0000000000000000,0
940,15.591041,0.805583,7.842917,16.174375,39.608625,2772.234568,20325058.524627,564,564,786359,786359,0000000000000000,0
941,15.520750,0.847000,7.810541,16.059750,39.391333,2775.382620,20325078.122585,564,564,786359,786359,0000000000000000,0
942,15.533000,0.821041,7.754542,16.066167,39.354292,2778.517837,20325097.887377,564,564,786359,786359,0000000000000000,0
943,15.562750,0.814041,7.879959,15.919459,39.362459,2781.449474,20325117.494377,564,564,786359,786359,0000000000000000,0
944,15.587541,0.813459,7.885792,15.918000,39.391625,2784.553194,20325137.293877,564,564,786359,786359,0000000000000000,0
945,15.598334,0.832708,7.704666,16.137333,39.440625,2787.487456,20325156.944043,564,564,786359,786359,0000000000000000,0
946,15.527167,0.810833,7.684250,16.081042,39.293042,2790.620048,20325176.596252,564,564,786359,786359,0000000000000000,0
947,15.306375,0.816667,7.843208,15.854125,39.004000,2793.603019,20325195.957085,564,564,786359,786359,0000000000000000,0
948,15.458041,0.799459,7.847584,15.947459,39.253375,2796.589780,20325215.860127,564,564,786359,786359,0000000000000000,0
949,15.367041,0.812000,7.813167,15.878333,39.058833,2799.285170,20325235.027585,564,564,786359,786359,0000000000000000,0
950,15.355667,0.817542,7.725375,16.111083,39.192417,2802.517513,20325255.060710,564,564,786359,786359,0000000000000000,0
951,15.573250,0.809667,7.702917,16.049833,39.326292,2805.024780,20325274.368460,564,564,786359,786359,0000000000000000,0
952,15.433250,0.790125,7.815792,16.140250,39.389583,2808.384870,20325294.459043,564,564,786359,786359,0000000000000000,0
953,15.597167,0.821916,7.606375,16.273833,39.477667,2811.025428,20325313.854585,564,564,786359,786359,0000000000000000,0
954,15.390959,0.785459,7.822208,16.027083,39.240542,2814.455517,20325333.714460,564,564,786359,786359,0000000000000000,0
955,15.570334,0.842625,7.756583,16.148708,39.475917,2817.178032,20325353.338960,564,564,786359,786359,0000000000000000,0
956,15.512584,0.837958,7.755416,15.786458,39.054750,2820.370708,20325372.777668,564,564,786359,786359,0000000000000000,0
957,15.287708,0.841167,7.722167,16.183416,39.193583,2823.327720,20325392.540418,564,564,786359,786359,0000000000000000,0
958,16.718042,0.735875,7.842041,16.102917,40.663292,2826.099817,20325413.449127,564,564,786359,786359,0000000000000000,0
959,15.708875,0.759500,7.756291,15.909833,39.375291,2829.200620,20325431.928543,564,564,786359,786359,0000000000000000,0
960,15.364417,0.730625,7.851958,15.827875,39.044542,2833.439491,20325452.503877,564,564,786359,786359,0000000000000000,0
961,15.711792,0.752792,7.833292,16.002292,39.547667,2835.249975,20325471.484085,564,564,786359,786359,0000000000000000,0
962,15.363833,0.759791,7.778458,15.924417,39.067000,2839.158101,20325491.578752,564,564,786359,786359,0000000000000000,0
963,15.554000,0.791292,7.624459,16.034959,39.213709,2841.471995,20325510.706252,564,564,786359,786359,0000000000000000,0
964,15.318042,0.781958,7.957541,16.061792,39.337667,2844.899751,20325530.924877,564,564,786359,786359,0000000000000000,0
965,15.604167,0.787500,7.722458,16.120708,39.447625,2847.360645,20325550.162335,564,564,786359,786359,0000000000000000,0
966,15.387751,0.778458,7.957250,16.079000,39.424292,2850.912066,20325570.357335,564,564,786359,786359,0000000000000000,0
967,15.591334,0.815500,7.662375,16.097959,39.351959,2853.488166,20325589.528294,564,564,786359,786359,0000000000000000,0
968,15.382208,0.778459,7.693292,15.968459,39.044250,2857.015380,20325609.414419,564,564,786359,786359,0000000000000000,0
969,15.512875,0.812583,7.768833,15.990917,39.272917,2859.514189,20325628.808794,564,564,786359,786359,0000000000000000,0
970,15.314250,0.796834,7.829792,15.992667,39.137000,2862.734280,20325648.559877,564,564,786359,786359,0000000000000000,0
971,15.593375,0.795666,7.628834,15.906625,39.129125,2865.467296,20325667.952210,564,564,786359,786359,0000000000000000,0
972,15.522208,0.778750,7.816959,15.951250,39.290708,2868.545056,20325687.858460,564,564,786359,786359,0000000000000000,0
973,15.591625,0.819292,7.789250,16.081917,39.463083,2871.273695,20325707.426377,564,564,786359,786359,0000000000000000,0
974,15.541167,0.794500,7.917583,16.144917,39.603959,2874.510996,20325727.471169,564,564,786359,786359,0000000000000000,0
975,15.471166,0.805000,7.655084,16.099709,39.226250,2877.414050,20325746.663419,564,564,786359,786359,0000000000000000,0
976,15.426250,0.778459,7.837958,15.960000,39.224500,2880.790473,20325766.705294,564,564,786359,786359,0000000000000000,0
977,15.581708,0.823083,7.865667,16.030875,39.478542,2883.319908,20325786.155669,564,564,786359,786359,0000000000000000,0
978,15.275167,0.833583,7.862750,15.932000,39.070209,2886.689331,20325805.783669,564,564,786359,786359,0000000000000000,0
979,15.565083,0.819292,7.779917,16.015708,39.361000,2889.473095,20325825.525127,564,564,786359,786359,0000000000000000,0
980,15.523958,0.815500,7.951417,16.080166,39.555833,2892.433316,20325845.347085,564,564,786359,786359,0000000000000000,0
981,15.490417,0.820458,8.075958,15.986250,39.552917,2895.509910,20325865.087669,564,564,786359,786359,0000000000000000,0
982,15.503250,0.826583,7.671416,16.018916,39.194166,2898.663794,20325884.549710,564,564,786359,786359,0000000000000000,0
983,15.410208,0.803250,7.685708,21.444792,44.541000,2901.737763,20325909.637419,564,564,786359,786359,0000000000000000,0
984,15.572375,0.803250,10.786125,15.959417,42.318208,2904.530860,20325926.874627,564,564,786359,786359,0000000000000000,0
985,14.836792,0.733834,7.861000,15.840708,38.538792,2912.953931,20325948.185252,564,564,786359,786359,0000000000000000,0
986,15.894375,0.729750,7.842333,15.810666,39.547666,2913.525431,20325966.432210,564,564,786359,786359,0000000000000000,0
987,15.267000,0.751625,7.809666,15.901375,38.978333,2918.172338,20325987.177002,564,564,786359,786359,0000000000000000,0
988,15.893500,0.784000,7.972125,15.739500,39.605708,2919.748033,20326006.046960,564,564,786359,786359,0000000000000000,0
989,15.455125,0.772917,7.988167,15.840417,39.284292,2923.831741,20326026.475877,564,564,786359,786359,0000000000000000,0
990,15.824666,0.821625,7.686584,15.715292,39.226833,2926.033928,20326045.287502,564,564,786359,786359,0000000000000000,0
991,15.409042,0.750458,7.848458,15.778583,39.036375,2929.795638,20326065.525960,564,564,786359,786359,0000000000000000,0
992,15.721708,0.795375,7.816667,15.979250,39.517917,2931.938911,20326084.817669,564,564,786359,786359,0000000000000000,0
993,15.375791,0.789542,7.785167,16.115459,39.277000,2935.505207,20326104.809669,564,564,786359,786359,0000000000000000,0
994,15.511125,0.814333,8.156750,16.127125,39.795584,2938.135556,20326124.625794,564,564,786359,786359,0000000000000000,0
995,15.495958,0.814917,8.026959,16.044875,39.568083,2941.460064,20326144.389710,564,564,786359,786359,0000000000000000,0
996,15.504709,0.823375,7.770875,15.969625,39.245500,2944.606365,20326163.880335,564,564,786359,786359,0000000000000000,0
997,15.420416,0.796833,7.834750,16.030583,39.286041,2947.703667,20326183.685085,564,564,786359,786359,0000000000000000,0
998,15.570333,0.810833,7.836208,16.081917,39.488750,2950.526514,20326203.377544,564,564,786359,786359,0000000000000000,0
999,15.431791,0.821625,8.001875,15.280708,38.714666,2953.667274,20326222.410835,564,564,786359,786359,29a111b6ccb56ac5,1
