frame,encode_ms,send_ms,network_ms,decode_assemble_ms,latency_ms,schedule_late_ms,complete_ms,datagrams_sent,datagrams_received,app_bytes_sent,app_bytes_received,checksum,checksum_sampled
0,14.820167,0.737625,7.758917,15.986542,38.565917,0.000000,20326913.906419,564,564,786359,786359,29a111b6ccb56ac5,1
1,16.067625,0.806459,8.965542,16.149875,41.183333,0.000000,20326932.084252,564,564,786359,786359,0000000000000000,0
2,14.978542,0.734416,7.639041,15.894959,38.512834,0.000000,20326953.169128,564,564,786359,786359,0000000000000000,0
3,15.761376,0.740541,7.800625,16.395458,39.958042,0.000000,20326972.051919,564,564,786359,786359,0000000000000000,0
4,15.289750,0.742000,7.877042,16.054792,39.221875,0.000000,20326992.406461,564,564,786359,786359,0000000000000000,0
5,15.649958,0.785167,7.657125,16.162125,39.469500,0.000000,20327011.535128,564,564,786359,786359,0000000000000000,0
6,15.389792,0.750167,7.820750,15.971666,39.182208,0.000000,20327031.597419,564,564,786359,786359,0000000000000000,0
7,15.531250,0.799750,8.103958,16.045750,39.681250,0.000000,20327051.224836,564,564,786359,786359,0000000000000000,0
8,15.579375,0.860709,7.968625,15.904000,39.452291,0.000000,20327071.059044,564,564,786359,786359,0000000000000000,0
9,15.749417,0.807334,7.893375,15.798125,39.441208,0.000000,20327090.680044,564,564,786359,786359,0000000000000000,0
10,15.644416,0.826000,7.804709,16.009000,39.458416,0.000000,20327110.529419,564,564,786359,786359,0000000000000000,0
11,15.612625,0.836209,8.010041,15.909833,39.532791,0.000000,20327130.223044,564,564,786359,786359,0000000000000000,0
12,15.603583,0.817834,7.863625,16.081625,39.549125,0.000000,20327150.091378,564,564,786359,786359,0000000000000000,0
13,15.570916,0.841458,7.844667,15.969625,39.385500,0.000000,20327169.617878,564,564,786359,786359,0000000000000000,0
14,15.502667,0.835041,7.639916,16.007833,39.150708,0.000000,20327189.251419,564,564,786359,786359,0000000000000000,0
15,15.502958,0.810250,7.889292,15.901666,39.294208,0.000000,20327208.921419,564,564,786359,786359,0000000000000000,0
16,15.528917,0.813750,7.816958,16.016875,39.363042,0.000000,20327228.627586,564,564,786359,786359,0000000000000000,0
17,15.543500,0.808209,7.774083,15.980125,39.298000,0.000000,20327248.234586,564,564,786359,786359,0000000000000000,0
18,15.508208,0.822791,7.826875,16.059167,39.394542,0.000000,20327268.031753,564,564,786359,786359,0000000000000000,0
19,15.568291,0.829500,7.797417,16.020375,39.386375,0.000000,20327287.632628,564,564,786359,786359,0000000000000000,0
20,15.500625,0.806167,7.886667,15.983333,39.370917,0.000000,20327307.412586,564,564,786359,786359,0000000000000000,0
21,15.581125,0.815500,7.777583,15.915083,39.274083,0.000000,20327326.915169,564,564,786359,786359,0000000000000000,0
22,15.506750,0.794500,7.840292,15.999375,39.347000,0.000000,20327346.775044,564,564,786359,786359,0000000000000000,0
23,15.526875,0.832708,7.765625,15.811250,39.104041,0.000000,20327366.028544,564,564,786359,786359,0000000000000000,0
24,15.461541,0.810834,7.808792,15.945417,39.216333,0.000000,20327386.000711,564,564,786359,786359,0000000000000000,0
25,15.546125,0.827458,7.886959,15.999375,39.432750,0.000000,20327405.477044,564,564,786359,786359,0000000000000000,0
26,15.557500,0.794791,7.908250,16.062667,39.528708,0.000000,20327425.541086,564,564,786359,786359,0000000000000000,0
27,15.577625,0.814625,7.950833,16.108459,39.637500,0.000000,20327445.123878,564,564,786359,786359,0000000000000000,0
28,15.488083,0.807334,7.835625,15.617875,38.941875,0.000000,20327464.492003,564,564,786359,786359,0000000000000000,0
29,15.543500,0.797708,7.723042,15.962041,39.228875,0.000000,20327484.365294,564,564,786359,786359,0000000000000000,0
30,15.585792,0.816375,7.859542,15.956500,39.402125,0.000000,20327503.902294,564,564,786359,786359,0000000000000000,0
31,15.494208,0.807041,7.647500,15.914500,39.056500,0.000000,20327523.431128,564,564,786359,786359,0000000000000000,0
32,16.897417,0.735000,7.817833,15.921500,40.637042,0.000000,20327544.548086,564,564,786359,786359,0000000000000000,0
33,15.787333,0.754833,7.736167,16.004333,39.528125,0.000000,20327562.967711,564,564,786359,786359,0000000000000000,0
34,15.357125,0.746958,7.864209,16.083667,39.305584,0.000000,20327583.863003,564,564,786359,786359,0000000000000000,0
35,15.745916,0.753375,7.742000,16.118083,39.606291,0.000000,20327602.582169,564,564,786359,786359,0000000000000000,0
36,15.336125,0.750750,7.677542,16.051875,39.066125,0.000000,20327622.937586,564,564,786359,786359,0000000000000000,0
37,15.636250,0.793333,7.756583,16.042542,39.435667,0.000000,20327642.028628,564,564,786359,786359,0000000000000000,0
38,15.389209,0.771459,7.815792,15.979834,39.185126,0.000000,20327662.132045,564,564,786359,786359,0000000000000000,0
39,15.589583,0.807625,7.651000,16.152792,39.393667,0.000000,20327681.431045,564,564,786359,786359,0000000000000000,0
40,15.366458,0.813167,7.707875,16.074333,39.148958,0.000000,20327701.292086,564,564,786359,786359,0000000000000000,0
41,15.577625,0.831542,7.662375,16.044000,39.284292,0.000000,20327720.724378,564,564,786359,786359,0000000000000000,0
42,15.279250,0.819292,7.836791,16.080750,39.197083,0.000000,20327740.498503,564,564,786359,786359,0000000000000000,0
43,15.522791,0.829500,7.835917,16.056834,39.416125,0.000000,20327760.149545,564,564,786359,786359,0000000000000000,0
44,15.524250,0.842917,7.833584,16.127709,39.485834,0.000000,20327779.992795,564,564,786359,786359,0000000000000000,0
45,15.544667,0.833875,7.884916,16.044583,39.474458,0.000000,20327799.632461,564,564,786359,786359,0000000000000000,0
46,15.503541,0.834167,7.590625,16.030292,39.124750,0.000000,20327819.126295,564,564,786359,786359,0000000000000000,0
47,15.466209,0.819000,7.828333,16.076375,39.371209,0.000000,20327839.012420,564,564,786359,786359,0000000000000000,0
48,15.533875,0.812000,7.742292,16.053916,39.330375,0.000000,20327858.464836,564,564,786359,786359,0000000000000000,0
49,15.463291,0.810541,7.744334,15.974292,39.182208,0.000000,20327878.203378,564,564,786359,786359,0000000000000000,0
50,15.513458,0.818709,7.678708,16.092417,39.284875,0.000000,20327897.759045,564,564,786359,786359,0000000000000000,0
51,15.468834,0.815500,7.944416,16.089208,39.503042,0.000000,20327917.714878,564,564,786359,786359,0000000000000000,0
52,15.540583,0.815791,7.863333,16.077250,39.481458,0.000000,20327937.249253,564,564,786359,786359,0000000000000000,0
53,15.499166,0.794500,7.781084,15.855875,39.136416,0.000000,20327956.860336,564,564,786359,786359,0000000000000000,0
54,15.576458,0.833000,7.787792,15.970208,39.334750,0.000000,20327976.592753,564,564,786359,786359,0000000000000000,0
55,15.568584,0.824834,7.734708,15.958541,39.262125,0.000000,20327996.134711,564,564,786359,786359,0000000000000000,0
56,15.534458,0.822209,7.877917,15.972250,39.384916,0.000000,20328015.985836,564,564,786359,786359,0000000000000000,0
57,15.569167,0.836209,7.798291,15.947167,39.314917,0.000000,20328035.467420,564,564,786359,786359,0000000000000000,0
58,15.497417,0.798000,7.706125,15.919459,39.123292,0.000000,20328055.120795,564,564,786359,786359,0000000000000000,0
59,15.430917,0.833584,7.814333,15.906625,39.151875,0.000000,20328074.628336,564,564,786359,786359,0000000000000000,0
60,15.544083,0.796541,7.769709,15.687583,39.001958,0.000000,20328094.132086,564,564,786359,786359,0000000000000000,0
61,15.628083,0.835625,7.876750,15.625458,39.130583,0.000000,20328113.774086,564,564,786359,786359,0000000000000000,0
62,15.648208,0.839708,7.667625,15.487791,38.803916,0.000000,20328132.947961,564,564,786359,786359,0000000000000000,0
63,15.959708,0.768542,7.719834,15.783250,39.463083,0.000000,20328153.246211,564,564,786359,786359,0000000000000000,0
64,15.665417,0.840583,7.795375,15.960291,39.421375,0.000000,20328172.954711,564,564,786359,786359,0000000000000000,0
65,15.513750,0.854875,7.797125,15.988875,39.300042,0.000000,20328192.552670,564,564,786359,786359,0000000000000000,0
66,15.454833,0.839708,7.944125,15.991791,39.391041,0.000000,20328212.360336,564,564,786359,786359,0000000000000000,0
67,15.507625,0.806750,7.788958,16.177000,39.473875,0.000000,20328232.039670,564,564,786359,786359,0000000000000000,0
68,15.430917,0.817250,7.714000,15.965834,39.111334,0.000000,20328251.486545,564,564,786359,786359,0000000000000000,0
69,15.400875,0.809084,7.809375,15.910708,39.121541,0.000000,20328271.176086,564,564,786359,786359,0000000000000000,0
70,15.511417,0.821334,7.772333,15.960000,39.244042,0.000000,20328290.739628,564,564,786359,786359,0000000000000000,0
71,15.443166,0.793334,7.772334,16.144333,39.360416,0.000000,20328310.546711,564,564,786359,786359,0000000000000000,0
72,15.451042,0.844375,7.688916,16.069375,39.209917,0.000000,20328329.959170,564,564,786359,786359,0000000000000000,0
73,15.379000,0.803542,7.817250,16.100584,39.297125,0.000000,20328349.858420,564,564,786359,786359,0000000000000000,0
74,15.495959,0.822791,7.814916,16.108458,39.419625,0.000000,20328369.390753,564,564,786359,786359,0000000000000000,0
75,15.266708,0.819875,7.903584,15.877459,39.048042,0.000000,20328388.916962,564,564,786359,786359,0000000000000000,0
76,15.440834,0.814625,7.772333,16.133250,39.347000,0.000000,20328408.747378,564,564,786359,786359,0000000000000000,0
77,15.468542,0.826292,7.793625,15.879500,39.141959,0.000000,20328428.067962,564,564,786359,786359,0000000000000000,0
78,15.430625,0.817541,7.889000,15.906333,39.226250,0.000000,20328447.982378,564,564,786359,786359,0000000000000000,0
79,15.514625,0.838541,7.814625,16.029417,39.358958,0.000000,20328467.436545,564,564,786359,786359,0000000000000000,0
80,15.387459,0.797125,7.929250,16.004042,39.321042,0.000000,20328487.315670,564,564,786359,786359,0000000000000000,0
81,15.501209,0.847000,7.784000,16.060625,39.346417,0.000000,20328506.797545,564,564,786359,786359,0000000000000000,0
82,15.393292,0.808792,7.739375,15.901375,39.034334,0.000000,20328526.358462,564,564,786359,786359,0000000000000000,0
83,15.285666,0.844375,7.686000,15.964375,38.936333,0.000000,20328545.742920,564,564,786359,786359,0000000000000000,0
84,15.257084,0.821625,7.803833,15.949791,39.011000,0.000000,20328565.378503,564,564,786359,786359,0000000000000000,0
85,15.485459,0.821334,7.967458,15.957958,39.411167,0.000000,20328585.163420,564,564,786359,786359,0000000000000000,0
86,15.454542,0.810542,7.633208,16.053625,39.141667,0.000000,20328604.534462,564,564,786359,786359,0000000000000000,0
87,15.373167,0.793625,7.988750,15.929666,39.291875,0.000000,20328624.464628,564,564,786359,786359,0000000000000000,0
88,15.511125,0.829500,7.894250,15.948625,39.354292,0.000000,20328643.898087,564,564,786359,786359,0000000000000000,0
89,15.418667,0.794500,7.802958,16.009000,39.230917,0.000000,20328663.708670,564,564,786359,786359,0000000000000000,0
90,15.502375,0.821916,7.694167,16.101166,39.298000,0.000000,20328683.205128,564,564,786359,786359,0000000000000000,0
91,15.396208,0.816666,7.635250,15.992958,39.024708,0.000000,20328702.742128,564,564,786359,786359,0000000000000000,0
92,15.429458,0.804125,7.848750,16.115167,39.393667,0.000000,20328722.611337,564,564,786359,786359,0000000000000000,0
93,15.279833,0.798292,7.694167,15.928208,38.902500,0.000000,20328741.654545,564,564,786359,786359,0000000000000000,0
94,15.363250,0.774083,7.684541,15.999083,39.047166,0.000000,20328761.667253,564,564,786359,786359,0000000000000000,0
95,15.527750,0.830667,7.930125,16.062958,39.521125,0.000000,20328781.190545,564,564,786359,786359,0000000000000000,0
96,15.471458,0.821625,7.746083,15.984792,39.202625,0.000000,20328800.880962,564,564,786359,786359,0000000000000000,0
97,15.393584,0.801500,7.779041,15.974875,39.147792,0.000000,20328820.347670,564,564,786359,786359,0000000000000000,0
98,15.510250,0.794500,7.644583,15.912166,39.067291,0.000000,20328839.962253,564,564,786359,786359,0000000000000000,0
99,15.470584,0.822209,7.599666,15.848583,38.919125,0.000000,20328859.277878,564,564,786359,786359,0000000000000000,0
100,15.541167,0.793042,7.874708,15.922083,39.338250,0.000000,20328879.309253,564,564,786359,786359,29a111b6ccb56ac5,1
101,15.615250,0.815500,7.697084,16.109042,39.421667,0.000000,20328898.706545,564,564,786359,786359,0000000000000000,0
102,15.337000,0.758625,7.781958,16.032625,39.151875,0.000000,20328919.226170,564,564,786359,786359,0000000000000000,0
103,15.672417,0.770583,7.800041,15.640625,39.113375,0.000000,20328937.830420,564,564,786359,786359,0000000000000000,0
104,15.397958,0.757459,7.774083,15.842458,39.014791,0.000000,20328958.250003,564,564,786359,786359,0000000000000000,0
105,15.526583,0.778166,8.009458,15.955042,39.491375,0.000000,20328977.335212,564,564,786359,786359,0000000000000000,0
106,15.413708,0.775542,7.646917,16.021250,39.082167,0.000000,20328997.341212,564,564,786359,786359,0000000000000000,0
107,15.584042,0.823958,7.844666,16.082208,39.511208,0.000000,20329016.855753,564,564,786359,786359,0000000000000000,0
108,15.479041,0.813458,7.925167,16.067042,39.471542,0.000000,20329036.821504,564,564,786359,786359,0000000000000000,0
109,15.569167,0.820750,7.813459,16.074917,39.458126,0.000000,20329056.328754,564,564,786359,786359,0000000000000000,0
110,15.477000,0.804708,7.840291,16.036125,39.353708,0.000000,20329076.183962,564,564,786359,786359,0000000000000000,0
111,15.401166,0.807917,7.790709,16.035833,39.228291,0.000000,20329095.565795,564,564,786359,786359,0000000000000000,0
112,15.442000,0.790416,7.744333,16.064416,39.251041,0.000000,20329115.450170,564,564,786359,786359,0000000000000000,0
113,15.613209,0.812000,7.985541,16.200042,39.799084,0.000000,20329135.373629,564,564,786359,786359,0000000000000000,0
114,15.549334,0.823375,7.832416,16.365125,39.747167,0.000000,20329155.206087,564,564,786359,786359,0000000000000000,0
115,15.537083,0.834750,7.793917,15.541750,38.873042,0.000000,20329174.260379,564,564,786359,786359,0000000000000000,0
116,15.615834,0.835333,7.563500,15.493042,38.672667,0.000000,20329193.888087,564,564,786359,786359,0000000000000000,0
117,16.032917,0.775833,7.861583,15.879791,39.774583,0.000000,20329214.172920,564,564,786359,786359,0000000000000000,0
118,15.752917,0.809375,7.842916,15.928208,39.524333,0.000000,20329233.423795,564,564,786359,786359,0000000000000000,0
119,15.473208,0.781084,7.602583,15.872792,38.948875,0.000000,20329253.130254,564,564,786359,786359,0000000000000000,0
120,15.585209,0.827458,7.808208,16.019500,39.413209,0.000000,20329272.846629,564,564,786359,786359,0000000000000000,0
121,15.582875,0.832125,7.695625,15.949791,39.228875,0.000000,20329292.368170,564,564,786359,786359,0000000000000000,0
122,15.481083,0.816083,7.836500,15.932000,39.249875,0.000000,20329312.105837,564,564,786359,786359,0000000000000000,0
123,15.512291,0.831542,7.800334,15.854417,39.167333,0.000000,20329331.544837,564,564,786359,786359,0000000000000000,0
124,15.423041,0.803250,7.776709,15.966709,39.166750,0.000000,20329351.287754,564,564,786359,786359,0000000000000000,0
125,15.592791,0.816958,7.847000,16.106417,39.546500,0.000000,20329371.101254,564,564,786359,786359,0000000000000000,0
126,15.487208,0.833291,7.857208,15.997625,39.342333,0.000000,20329390.639712,564,564,786359,786359,0000000000000000,0
127,15.490416,0.822500,8.029292,15.967584,39.487875,0.000000,20329410.601379,564,564,786359,786359,0000000000000000,0
128,15.574708,0.816958,7.776708,15.989458,39.341166,0.000000,20329429.994295,564,564,786359,786359,0000000000000000,0
129,15.484000,0.816084,7.672000,15.994125,39.150708,0.000000,20329449.764045,564,564,786359,786359,0000000000000000,0
130,15.583167,0.837667,7.867125,16.103500,39.554084,0.000000,20329469.557129,564,564,786359,786359,0000000000000000,0
131,15.512875,0.820459,7.746375,16.086292,39.345833,0.000000,20329489.125337,564,564,786359,786359,0000000000000000,0
132,15.323875,0.840000,7.862459,16.088917,39.275542,0.000000,20329508.846962,564,564,786359,786359,0000000000000000,0
133,15.498584,0.838542,7.797416,16.114292,39.410584,0.000000,20329528.550504,564,564,786359,786359,0000000000000000,0
134,15.527166,0.829791,7.793042,16.107583,39.428083,0.000000,20329548.283212,564,564,786359,786359,0000000000000000,0
135,15.334666,0.851959,7.793042,16.182541,39.310541,0.000000,20329567.870670,564,564,786359,786359,0000000000000000,0
136,15.471750,0.817250,7.689500,16.056250,39.218083,0.000000,20329587.510337,564,564,786359,786359,0000000000000000,0
137,15.504125,0.819000,8.072458,16.056250,39.633125,0.000000,20329607.513129,564,564,786359,786359,0000000000000000,0
138,15.612042,0.839708,7.938291,16.092125,39.642750,0.000000,20329627.161837,564,564,786359,786359,0000000000000000,0
139,15.501208,0.821333,7.733834,16.107292,39.342625,0.000000,20329646.865087,564,564,786359,786359,0000000000000000,0
140,15.515500,0.848167,8.357417,16.127125,40.000334,0.000000,20329667.175004,564,564,786359,786359,0000000000000000,0
141,16.748083,0.763292,7.711084,16.086875,40.546333,0.000000,20329687.420170,564,564,786359,786359,0000000000000000,0
142,15.609417,0.817541,7.910875,16.146666,39.667250,0.000000,20329706.851295,564,564,786359,786359,0000000000000000,0
143,15.468250,0.806166,7.746666,15.944833,39.160041,0.000000,20329726.594795,564,564,786359,786359,0000000000000000,0
144,15.575000,0.829500,7.740833,15.987708,39.303833,0.000000,20329746.164462,564,564,786359,786359,0000000000000000,0
145,15.518126,0.828917,7.746958,16.015708,39.281084,0.000000,20329765.884629,564,564,786359,786359,0000000000000000,0
146,15.539125,0.816667,7.824834,16.005792,39.370042,0.000000,20329785.543254,564,564,786359,786359,0000000000000000,0
147,15.586375,0.805000,7.780792,16.098250,39.465709,0.000000,20329805.358796,564,564,786359,786359,0000000000000000,0
148,15.533875,0.828625,7.764458,16.102333,39.400958,0.000000,20329824.953837,564,564,786359,786359,0000000000000000,0
149,15.465333,0.815500,7.729167,16.100583,39.295666,0.000000,20329844.669337,564,564,786359,786359,0000000000000000,0
150,15.552833,0.834166,7.777292,15.920042,39.250458,0.000000,20329864.213629,564,564,786359,786359,0000000000000000,0
151,15.558084,0.812000,7.669666,15.965833,39.193875,0.000000,20329883.875462,564,564,786359,786359,0000000000000000,0
152,15.556625,0.823959,7.778458,15.910708,39.246083,0.000000,20329903.467004,564,564,786359,786359,0000000000000000,0
153,15.535917,0.826875,7.763875,15.777125,39.077500,0.000000,20329922.964337,564,564,786359,786359,0000000000000000,0
154,15.524542,0.818125,7.758333,15.942500,39.225667,0.000000,20329942.701421,564,564,786359,786359,0000000000000000,0
155,15.440250,0.811125,7.848459,16.107000,39.396000,0.000000,20329962.368212,564,564,786359,786359,0000000000000000,0
156,15.588708,0.811416,7.868292,16.096208,39.553500,0.000000,20329982.264254,564,564,786359,786359,0000000000000000,0
157,15.577041,0.816666,7.720709,16.004625,39.302958,0.000000,20330001.682254,564,564,786359,786359,0000000000000000,0
158,15.463584,0.804125,7.979708,16.044291,39.487875,0.000000,20330021.764087,564,564,786359,786359,0000000000000000,0
159,15.586083,0.827458,7.686000,15.986250,39.258917,0.000000,20330040.953421,564,564,786359,786359,0000000000000000,0
160,15.423917,0.792750,7.752791,16.073458,39.250750,0.000000,20330061.025629,564,564,786359,786359,0000000000000000,0
161,15.578209,0.808500,7.586833,16.063833,39.229167,0.000000,20330080.196004,564,564,786359,786359,0000000000000000,0
162,15.403791,0.807625,7.707000,16.032917,39.144000,0.000000,20330100.178671,564,564,786359,786359,0000000000000000,0
163,15.579667,0.823375,7.779625,15.940750,39.300334,0.000000,20330119.503921,564,564,786359,786359,0000000000000000,0
164,15.463583,0.809084,7.730042,15.962334,39.156250,0.000000,20330139.344546,564,564,786359,786359,0000000000000000,0
165,15.535916,0.810250,7.800625,15.932000,39.269125,0.000000,20330158.786171,564,564,786359,786359,0000000000000000,0
166,15.491875,0.788375,7.860417,16.078708,39.431583,0.000000,20330178.785462,564,564,786359,786359,0000000000000000,0
167,15.596000,0.805875,7.856625,16.116625,39.569542,0.000000,20330198.370879,564,564,786359,786359,0000000000000000,0
168,15.470000,0.818708,7.828041,15.832833,39.131166,0.000000,20330217.930337,564,564,786359,786359,0000000000000000,0
169,15.607958,0.859541,7.745500,15.356542,38.710583,0.000000,20330237.097504,564,564,786359,786359,0000000000000000,0
170,15.857625,0.751916,7.819584,15.720542,39.398042,0.000000,20330257.337129,564,564,786359,786359,0000000000000000,0
171,15.691959,0.849042,7.738500,15.664834,39.095584,0.000000,20330276.207671,564,564,786359,786359,0000000000000000,0
172,15.406416,0.772917,7.678125,15.730750,38.815875,0.000000,20330296.162046,564,564,786359,786359,0000000000000000,0
173,15.603000,0.814916,7.689500,15.652875,38.945667,0.000000,20330315.160046,564,564,786359,786359,0000000000000000,0
174,15.416334,0.776709,7.690958,16.023583,39.131167,0.000000,20330335.304004,564,564,786359,786359,0000000000000000,0
175,15.468833,0.784000,7.804125,15.943083,39.216333,0.000000,20330354.389504,564,564,786359,786359,0000000000000000,0
176,15.394459,0.836208,7.922250,16.083959,39.400959,0.000000,20330374.713421,564,564,786359,786359,0000000000000000,0
177,15.601250,0.803250,7.618042,19.788125,43.008000,0.000000,20330397.407129,564,564,786359,786359,0000000000000000,0
178,15.347792,0.791292,8.634791,16.147833,40.130708,0.000000,20330414.851712,564,564,786359,786359,0000000000000000,0
179,14.921667,0.762125,7.812291,15.944834,38.679084,0.000000,20330436.100213,564,564,786359,786359,0000000000000000,0
180,15.843625,0.735583,7.999251,16.036417,39.879876,0.000000,20330454.741213,564,564,786359,786359,0000000000000000,0
181,15.247750,0.748125,7.815792,16.021541,39.085375,0.000000,20330475.193754,564,564,786359,786359,0000000000000000,0
182,15.581417,0.767375,7.725667,16.155417,39.463084,0.000000,20330494.213338,564,564,786359,786359,0000000000000000,0
183,15.302875,0.757750,7.862750,16.079000,39.244917,0.000000,20330514.446546,564,564,786359,786359,0000000000000000,0
184,15.560416,0.803250,8.180084,16.096209,39.837000,0.000000,20330534.061713,564,564,786359,786359,0000000000000000,0
185,15.272250,0.802375,7.743167,16.030875,39.046584,0.000000,20330553.505088,564,564,786359,786359,0000000000000000,0
186,15.393583,0.815500,7.932167,15.892916,39.218958,0.000000,20330573.295254,564,564,786359,786359,0000000000000000,0
187,15.538250,0.840000,7.792750,16.076375,39.407667,0.000000,20330592.927338,564,564,786359,786359,0000000000000000,0
188,15.455416,0.837958,8.153834,15.946292,39.555833,0.000000,20330612.859546,564,564,786359,786359,0000000000000000,0
189,15.535917,0.833583,7.768833,16.072875,39.377917,0.000000,20330632.314296,564,564,786359,786359,0000000000000000,0
190,15.414292,0.798291,7.845833,15.885041,39.145458,0.000000,20330652.017254,564,564,786359,786359,0000000000000000,0
191,15.501792,0.816083,7.809375,15.939000,39.250459,0.000000,20330671.579338,564,564,786359,786359,0000000000000000,0
192,15.439667,0.822500,7.761542,15.920042,39.121834,0.000000,20330691.151338,564,564,786359,786359,0000000000000000,0
193,15.493916,0.810833,7.750750,16.017750,39.262708,0.000000,20330710.851671,564,564,786359,786359,0000000000000000,0
194,15.469709,0.813750,7.812000,16.040209,39.322209,0.000000,20330730.483463,564,564,786359,786359,0000000000000000,0
195,15.419834,0.814917,7.744916,15.934042,39.099084,0.000000,20330749.960963,564,564,786359,786359,0000000000000000,0
196,15.501209,0.806458,7.988750,15.933167,39.423417,0.000000,20330769.919421,564,564,786359,786359,0000000000000000,0
197,15.581417,0.834750,7.698833,15.888833,39.169375,0.000000,20330789.142296,564,564,786359,786359,0000000000000000,0
198,15.409625,0.783125,7.804417,15.916250,39.130583,0.000000,20330809.062254,564,564,786359,786359,0000000000000000,0
199,15.552250,0.833584,7.783125,15.940750,39.276417,0.000000,20330828.434463,564,564,786359,786359,0000000000000000,0
200,15.411958,0.800917,7.773208,15.988000,39.173458,0.000000,20330848.245921,564,564,786359,786359,29a111b6ccb56ac5,1
201,15.526000,0.823958,7.838542,15.770416,39.135250,0.000000,20330867.579629,564,564,786359,786359,0000000000000000,0
202,15.329125,0.746375,7.961917,15.973709,39.265042,0.000000,20330888.254713,564,564,786359,786359,0000000000000000,0
203,15.620500,0.758042,7.941209,15.876292,39.438292,0.000000,20330907.027546,564,564,786359,786359,0000000000000000,0
204,15.317459,0.744625,7.751625,15.967292,39.036667,0.000000,20330927.300421,564,564,786359,786359,0000000000000000,0
205,15.659000,0.786625,7.857209,15.968750,39.485250,0.000000,20330946.522129,564,564,786359,786359,0000000000000000,0
206,15.470000,0.777584,7.894833,15.912750,39.277875,0.000000,20330966.594046,564,564,786359,786359,0000000000000000,0
207,15.599500,0.814917,7.815791,15.725208,39.140791,0.000000,20330985.672254,564,564,786359,786359,0000000000000000,0
208,15.458334,0.790125,7.726541,15.662792,38.847959,0.000000,20331005.451338,564,564,786359,786359,0000000000000000,0
209,15.624000,0.810542,7.719250,15.910417,39.253958,0.000000,20331024.941671,564,564,786359,786359,0000000000000000,0
210,15.517833,0.808791,7.823084,15.943084,39.284292,0.000000,20331044.744963,564,564,786359,786359,0000000000000000,0
211,15.613500,0.805875,7.746375,15.920916,39.281083,0.000000,20331064.232379,564,564,786359,786359,0000000000000000,0
212,15.440833,0.807042,8.041833,15.931125,39.414083,0.000000,20331084.171296,564,564,786359,786359,0000000000000000,0
213,15.597167,0.813459,7.865375,15.974583,39.437417,0.000000,20331103.679421,564,564,786359,786359,0000000000000000,0
214,15.493625,0.804708,7.762708,15.939000,39.195625,0.000000,20331123.375963,564,564,786359,786359,0000000000000000,0
215,15.569167,0.824542,7.889000,16.000251,39.459001,0.000000,20331143.148630,564,564,786359,786359,0000000000000000,0
216,15.567125,0.830375,7.972417,15.948333,39.488167,0.000000,20331162.879588,564,564,786359,786359,0000000000000000,0
217,15.499167,0.812875,7.740541,15.918583,39.158583,0.000000,20331182.316546,564,564,786359,786359,0000000000000000,0
218,15.514333,0.802959,7.866833,15.942500,39.323958,0.000000,20331202.215213,564,564,786359,786359,0000000000000000,0
219,15.454834,0.792750,7.745791,16.149000,39.350209,0.000000,20331221.676380,564,564,786359,786359,0000000000000000,0
220,15.405542,0.801500,7.870625,15.965834,39.242292,0.000000,20331241.468880,564,564,786359,786359,0000000000000000,0
221,15.586083,0.851666,7.865958,15.988000,39.440333,0.000000,20331261.154338,564,564,786359,786359,0000000000000000,0
222,15.543792,0.818417,7.888708,15.931125,39.363917,0.000000,20331280.842713,564,564,786359,786359,0000000000000000,0
223,15.593084,0.855750,7.805000,15.642667,39.041042,0.000000,20331300.211713,564,564,786359,786359,0000000000000000,0
224,15.626917,0.836500,7.767375,15.726083,39.120958,0.000000,20331319.975921,564,564,786359,786359,0000000000000000,0
225,15.672417,0.831833,7.744333,15.803375,39.220417,0.000000,20331339.443213,564,564,786359,786359,0000000000000000,0
226,15.578209,0.807334,7.893375,15.660750,39.132625,0.000000,20331359.119921,564,564,786359,786359,0000000000000000,0
227,15.633625,0.813166,7.762125,15.873083,39.269125,0.000000,20331378.720796,564,564,786359,786359,0000000000000000,0
228,15.569458,0.812000,7.759792,15.981583,39.310833,0.000000,20331398.445921,564,564,786359,786359,0000000000000000,0
229,15.594833,0.822500,7.961042,16.092708,39.648875,0.000000,20331418.377838,564,564,786359,786359,0000000000000000,0
230,15.542333,0.823667,7.910000,16.125083,39.577708,0.000000,20331438.037921,564,564,786359,786359,0000000000000000,0
231,15.527167,0.805292,7.769416,16.089208,39.386083,0.000000,20331457.773546,564,564,786359,786359,0000000000000000,0
232,15.515792,0.821916,7.920792,15.968166,39.404750,0.000000,20331477.454921,564,564,786359,786359,0000000000000000,0
233,15.446667,0.824541,7.803833,16.171458,39.422250,0.000000,20331497.211546,564,564,786359,786359,0000000000000000,0
234,15.519291,0.805875,7.851375,16.045458,39.416416,0.000000,20331516.880671,564,564,786359,786359,0000000000000000,0
235,15.574125,0.802666,7.799459,16.059167,39.433042,0.000000,20331536.652463,564,564,786359,786359,0000000000000000,0
236,15.508209,0.830083,7.813166,15.824083,39.145750,0.000000,20331556.041296,564,564,786359,786359,0000000000000000,0
237,15.532709,0.813167,8.010916,15.897875,39.441792,0.000000,20331576.105338,564,564,786359,786359,0000000000000000,0
238,15.652292,0.808792,7.747833,15.965250,39.365667,0.000000,20331595.416005,564,564,786359,786359,0000000000000000,0
239,15.457166,0.792166,7.991959,16.075208,39.524916,0.000000,20331615.646296,564,564,786359,786359,0000000000000000,0
240,15.665709,0.787500,8.071875,15.885334,39.623209,0.000000,20331635.050880,564,564,786359,786359,0000000000000000,0
241,15.492750,0.791875,7.856333,15.941042,39.290417,0.000000,20331654.949255,564,564,786359,786359,0000000000000000,0
242,15.595125,0.807625,7.843792,15.955625,39.394833,0.000000,20331674.458546,564,564,786359,786359,0000000000000000,0
243,15.545250,0.796250,7.718959,15.793750,39.058250,0.000000,20331694.020921,564,564,786359,786359,0000000000000000,0
244,15.519000,0.797125,7.894250,15.910125,39.323667,0.000000,20331713.790963,564,564,786359,786359,0000000000000000,0
245,15.574708,0.832708,7.693875,15.995583,39.264458,0.000000,20331733.295296,564,564,786359,786359,0000000000000000,0
246,15.435292,0.810250,7.779917,15.896125,39.111625,0.000000,20331752.914546,564,564,786359,786359,0000000000000000,0
247,15.617583,0.803250,7.955792,16.004334,39.578000,0.000000,20331772.888755,564,564,786359,786359,0000000000000000,0
248,15.586667,0.815209,7.856042,16.009584,39.452584,0.000000,20331792.375880,564,564,786359,786359,0000000000000000,0
249,16.815166,0.739084,7.711959,15.895250,40.422958,0.000000,20331813.321338,564,564,786359,786359,0000000000000000,0
250,15.823208,0.742875,7.761542,15.994708,39.579750,0.000000,20331831.964963,564,564,786359,786359,0000000000000000,0
251,15.355958,0.732083,7.813167,16.050125,39.219542,0.000000,20331852.554297,564,564,786359,786359,0000000000000000,0
252,15.745625,0.784875,7.833292,16.028834,39.608042,0.000000,20331871.582047,564,564,786359,786359,0000000000000000,0
253,15.391833,0.749000,7.879958,16.007542,39.279625,0.000000,20331891.843547,564,564,786359,786359,0000000000000000,0
254,15.620792,0.768250,7.864208,15.827000,39.312292,0.000000,20331910.908922,564,564,786359,786359,0000000000000000,0
255,15.445500,0.768250,7.915250,15.983042,39.344375,0.000000,20331931.201922,564,564,786359,786359,0000000000000000,0
256,15.637416,0.774667,7.832125,16.121583,39.591416,0.000000,20331950.509963,564,564,786359,786359,0000000000000000,0
257,15.419250,0.791292,7.922542,15.847708,39.189792,0.000000,20331970.401630,564,564,786359,786359,0000000000000000,0
258,15.539125,0.838250,7.732083,15.944542,39.216042,0.000000,20331989.735922,564,564,786359,786359,0000000000000000,0
259,15.472625,0.806750,7.857500,15.920334,39.250750,0.000000,20332009.667547,564,564,786359,786359,0000000000000000,0
260,15.565083,0.812875,7.801208,15.957083,39.323958,0.000000,20332029.069505,564,564,786359,786359,0000000000000000,0
261,15.518416,0.779334,7.796834,16.065875,39.381416,0.000000,20332049.058588,564,564,786359,786359,0000000000000000,0
262,15.603583,0.839416,7.728875,15.916250,39.248708,0.000000,20332068.330463,564,564,786359,786359,0000000000000000,0
263,15.402916,0.784583,7.757167,15.959125,39.119500,0.000000,20332088.194422,564,564,786359,786359,0000000000000000,0
264,15.554875,0.822500,7.776709,16.024750,39.356625,0.000000,20332107.695838,564,564,786359,786359,0000000000000000,0
265,15.494209,0.798000,7.783708,15.928500,39.206709,0.000000,20332127.411047,564,564,786359,786359,0000000000000000,0
266,15.621084,0.819000,7.902708,15.994417,39.518792,0.000000,20332147.223380,564,564,786359,786359,0000000000000000,0
267,15.601833,0.814333,7.847292,15.965542,39.414958,0.000000,20332166.840005,564,564,786359,786359,0000000000000000,0
268,15.542625,0.815792,7.710791,15.901375,39.155083,0.000000,20332186.388380,564,564,786359,786359,0000000000000000,0
269,15.538833,0.817833,7.797417,15.911292,39.247833,0.000000,20332206.099505,564,564,786359,786359,0000000000000000,0
270,15.566833,0.813750,7.639917,15.980417,39.187750,0.000000,20332225.586047,564,564,786359,786359,0000000000000000,0
271,15.514333,0.802375,7.790417,16.000250,39.305292,0.000000,20332245.421422,564,564,786359,786359,0000000000000000,0
272,15.578792,0.815209,7.742583,15.966709,39.288084,0.000000,20332264.883172,564,564,786359,786359,0000000000000000,0
273,15.488958,0.795083,7.831542,15.932000,39.252791,0.000000,20332284.690838,564,564,786359,786359,0000000000000000,0
274,15.583167,0.828625,7.785458,16.011333,39.380250,0.000000,20332304.279755,564,564,786359,786359,0000000000000000,0
275,15.510541,0.814042,7.739959,15.941333,39.192416,0.000000,20332323.890838,564,564,786359,786359,0000000000000000,0
276,15.584333,0.831250,7.761250,15.936958,39.282833,0.000000,20332343.575130,564,564,786359,786359,0000000000000000,0
277,15.639458,0.836500,7.728292,16.090958,39.459000,0.000000,20332363.364130,564,564,786359,786359,0000000000000000,0
278,15.644709,0.865083,7.849041,15.957375,39.451417,0.000000,20332383.039380,564,564,786359,786359,0000000000000000,0
279,15.489250,0.857209,7.795375,15.723458,39.008667,0.000000,20332402.601755,564,564,786359,786359,0000000000000000,0
280,15.677083,0.820750,7.941500,15.664833,39.283708,0.000000,20332422.334755,564,564,786359,786359,0000000000000000,0
281,15.625750,0.841167,7.894542,15.724041,39.244625,0.000000,20332441.860088,564,564,786359,786359,0000000000000000,0
282,15.593666,0.814041,7.674334,15.922375,39.190666,0.000000,20332461.534463,564,564,786359,786359,0000000000000000,0
283,15.551958,0.819000,7.858375,15.932000,39.342916,0.000000,20332481.212338,564,564,786359,786359,0000000000000000,0
284,15.519875,0.819875,7.835333,16.116917,39.472417,0.000000,20332501.016797,564,564,786359,786359,0000000000000000,0
285,15.543792,0.821334,7.759791,15.998792,39.302667,0.000000,20332520.524922,564,564,786359,786359,0000000000000000,0
286,15.503834,0.807917,7.655958,15.873084,39.032876,0.000000,20332540.058714,564,564,786359,786359,0000000000000000,0
287,15.518125,0.823375,7.967167,15.928792,39.414375,0.000000,20332559.948922,564,564,786359,786359,0000000000000000,0
288,15.602708,0.837666,7.721584,15.879792,39.204375,0.000000,20332579.272422,564,564,786359,786359,0000000000000000,0
289,15.481084,0.810834,7.730625,16.085417,39.297417,0.000000,20332599.255672,564,564,786359,786359,0000000000000000,0
290,15.591625,0.835917,7.651875,15.945125,39.188916,0.000000,20332618.476505,564,564,786359,786359,0000000000000000,0
291,15.481084,0.800333,7.686000,16.275000,39.442375,0.000000,20332638.715255,564,564,786359,786359,0000000000000000,0
292,15.616417,0.879375,7.620667,15.927917,39.165292,0.000000,20332657.654922,564,564,786359,786359,0000000000000000,0
293,15.449584,0.756875,7.874125,15.757292,39.081292,0.000000,20332677.806172,564,564,786359,786359,0000000000000000,0
294,15.799000,0.831541,7.853125,16.048667,39.701083,0.000000,20332697.365922,564,564,786359,786359,0000000000000000,0
295,15.493916,0.817833,7.718667,16.018916,39.231791,0.000000,20332717.046130,564,564,786359,786359,0000000000000000,0
296,15.568583,0.815500,7.734709,16.009000,39.312583,0.000000,20332736.687255,564,564,786359,786359,0000000000000000,0
297,15.453375,0.900667,7.652458,15.975458,39.081583,0.000000,20332756.138505,564,564,786359,786359,0000000000000000,0
298,15.447250,0.810833,7.819000,16.094750,39.361583,0.000000,20332776.057297,564,564,786359,786359,0000000000000000,0
299,15.547584,0.821041,7.984666,16.053042,39.585584,0.000000,20332795.732839,564,564,786359,786359,0000000000000000,0
300,15.460666,0.821333,7.755709,15.946292,39.162958,0.000000,20332815.233672,564,564,786359,786359,29a111b6ccb56ac5,1
301,15.508500,0.816083,7.819583,16.091833,39.420208,0.000000,20332835.166172,564,564,786359,786359,0000000000000000,0
302,15.418666,0.799166,7.710500,15.793167,38.922625,0.000000,20332854.900339,564,564,786359,786359,0000000000000000,0
303,15.623708,0.840583,7.769125,15.937541,39.330958,0.000000,20332874.505880,564,564,786359,786359,0000000000000000,0
304,15.593375,0.817250,7.656250,15.940750,39.190667,0.000000,20332894.107047,564,564,786359,786359,0000000000000000,0
305,15.576459,0.810541,7.795375,15.995000,39.367125,0.000000,20332913.882630,564,564,786359,786359,0000000000000000,0
306,15.528042,0.805875,7.755708,15.997625,39.281667,0.000000,20332933.402714,564,564,786359,786359,0000000000000000,0
307,15.518417,0.795667,7.812875,15.926167,39.257750,0.000000,20332953.150297,564,564,786359,786359,0000000000000000,0
308,15.555750,0.839417,7.923708,16.130333,39.610083,0.000000,20332973.021547,564,564,786359,786359,0000000000000000,0
309,15.455708,0.796833,7.835917,16.061791,39.353708,0.000000,20332992.513630,564,564,786359,786359,0000000000000000,0
310,15.508209,0.790708,7.833583,16.095625,39.437709,0.000000,20333012.468589,564,564,786359,786359,0000000000000000,0
311,15.587833,0.817833,7.895125,15.972541,39.455791,0.000000,20333031.978755,564,564,786359,786359,0000000000000000,0
312,15.501500,0.814917,7.763875,15.906625,39.172583,0.000000,20333051.650797,564,564,786359,786359,0000000000000000,0
313,15.530958,0.821625,7.813459,15.979250,39.323958,0.000000,20333071.312630,564,564,786359,786359,0000000000000000,0
314,15.542334,0.806167,7.718958,15.961458,39.222750,0.000000,20333090.882880,564,564,786359,786359,0000000000000000,0
315,15.573542,0.800917,7.817833,16.013083,39.404750,0.000000,20333110.733422,564,564,786359,786359,0000000000000000,0
316,15.602125,0.809375,7.723333,15.954750,39.280500,0.000000,20333130.173297,564,564,786359,786359,0000000000000000,0
317,15.505000,0.793334,7.691542,15.977792,39.174625,0.000000,20333149.920297,564,564,786359,786359,0000000000000000,0
318,15.544375,0.830375,7.723333,15.952709,39.221000,0.000000,20333169.408589,564,564,786359,786359,0000000000000000,0
319,15.312208,0.814625,7.763584,16.075209,39.151292,0.000000,20333189.080339,564,564,786359,786359,0000000000000000,0
320,15.517542,0.825708,7.792166,15.946875,39.256875,0.000000,20333208.679172,564,564,786359,786359,0000000000000000,0
321,15.500625,0.807042,7.635833,15.991209,39.128250,0.000000,20333228.218214,564,564,786359,786359,0000000000000000,0
322,15.514625,0.807333,7.802083,15.986541,39.303833,0.000000,20333247.992922,564,564,786359,786359,0000000000000000,0
323,15.594833,0.805875,7.793917,16.090666,39.479708,0.000000,20333267.707547,564,564,786359,786359,0000000000000000,0
324,15.510834,0.817250,7.779625,15.773917,39.064667,0.000000,20333287.069839,564,564,786359,786359,0000000000000000,0
325,15.593667,0.795083,7.839708,15.785875,39.219542,0.000000,20333306.937881,564,564,786359,786359,0000000000000000,0
326,15.637709,0.844667,7.894541,16.010458,39.543000,0.000000,20333326.623047,564,564,786359,786359,0000000000000000,0
327,15.474375,0.816958,7.632625,16.053625,39.160916,0.000000,20333346.108422,564,564,786359,786359,0000000000000000,0
328,15.520458,0.819875,7.754833,15.692542,38.968125,0.000000,20333365.600506,564,564,786359,786359,0000000000000000,0
329,15.600958,0.798000,7.870334,15.958542,39.430125,0.000000,20333385.548464,564,564,786359,786359,0000000000000000,0
330,15.405250,0.785459,7.709041,16.028250,39.142833,0.000000,20333404.759089,564,564,786359,786359,0000000000000000,0
331,15.483125,0.794792,7.846417,15.414000,38.743833,0.000000,20333424.305422,564,564,786359,786359,0000000000000000,0
332,16.007541,0.764167,7.910875,15.839250,39.757958,0.000000,20333444.525214,564,564,786359,786359,0000000000000000,0
333,15.818250,0.836209,8.026667,15.956792,39.802000,0.000000,20333464.129589,564,564,786359,786359,0000000000000000,0
334,15.727250,0.814333,7.861292,15.799292,39.388417,0.000000,20333483.923256,564,564,786359,786359,0000000000000000,0
335,15.633917,0.810833,7.710208,15.799000,39.143417,0.000000,20333503.281464,564,564,786359,786359,0000000000000000,0
336,15.530667,0.788666,7.973583,16.091833,39.596375,0.000000,20333523.527797,564,564,786359,786359,0000000000000000,0
337,15.622250,0.799458,7.851084,15.871625,39.345250,0.000000,20333542.638672,564,564,786359,786359,0000000000000000,0
338,15.444042,0.788666,7.730917,15.956792,39.132042,0.000000,20333562.670339,564,564,786359,786359,0000000000000000,0
339,15.422458,0.795667,7.779917,16.013958,39.216625,0.000000,20333581.864339,564,564,786359,786359,0000000000000000,0
340,15.433542,0.783125,7.842916,15.935500,39.212250,0.000000,20333601.898339,564,564,786359,786359,0000000000000000,0
341,15.625750,0.797708,7.739958,15.949208,39.315208,0.000000,20333621.188297,564,564,786359,786359,0000000000000000,0
342,15.437333,0.808500,7.794792,15.965541,39.197958,0.000000,20333641.105922,564,564,786359,786359,0000000000000000,0
343,15.432375,0.802958,7.718083,15.964375,39.115125,0.000000,20333660.311881,564,564,786359,786359,0000000000000000,0
344,15.495375,0.792167,7.722750,16.132667,39.351084,0.000000,20333680.467506,564,564,786359,786359,0000000000000000,0
345,15.599208,0.837083,7.775250,16.076958,39.451708,0.000000,20333699.772922,564,564,786359,786359,0000000000000000,0
346,15.440833,0.781958,7.758042,15.922083,39.121250,0.000000,20333719.605089,564,564,786359,786359,0000000000000000,0
347,15.553708,0.811125,7.982917,15.956209,39.493125,0.000000,20333739.276256,564,564,786359,786359,0000000000000000,0
348,15.560125,0.813750,7.803833,16.025625,39.389875,0.000000,20333759.005756,564,564,786359,786359,0000000000000000,0
349,15.551667,0.821625,7.784583,16.310292,39.647125,0.000000,20333778.933589,564,564,786359,786359,0000000000000000,0
350,15.455125,0.844667,7.810250,15.935500,39.201458,0.000000,20333798.215964,564,564,786359,786359,0000000000000000,0
351,15.482541,0.779041,7.848459,15.976917,39.308500,0.000000,20333818.250256,564,564,786359,786359,0000000000000000,0
352,15.607083,0.818708,7.687167,16.087167,39.381708,0.000000,20333837.606714,564,564,786359,786359,0000000000000000,0
353,15.481083,0.780208,7.911459,16.019209,39.412042,0.000000,20333857.670756,564,564,786359,786359,0000000000000000,0
354,15.603291,0.814625,7.781667,16.107000,39.492250,0.000000,20333877.108006,564,564,786359,786359,0000000000000000,0
355,15.484584,0.800625,7.738208,16.040209,39.263584,0.000000,20333896.946006,564,564,786359,786359,0000000000000000,0
356,15.482834,0.812291,7.833291,16.022708,39.339125,0.000000,20333916.455297,564,564,786359,786359,0000000000000000,0
357,15.528625,0.810542,7.873834,16.183417,39.586167,0.000000,20333936.541214,564,564,786359,786359,0000000000000000,0
358,15.310751,0.758625,7.951416,16.172333,39.434792,0.000000,20333957.059964,564,564,786359,786359,0000000000000000,0
359,15.661042,0.807916,7.736167,16.021250,39.418750,0.000000,20333975.970464,564,564,786359,786359,0000000000000000,0
360,15.422750,0.770000,7.738791,15.979833,39.141958,0.000000,20333996.213881,564,564,786359,786359,0000000000000000,0
361,15.636250,0.794791,7.741125,15.912166,39.289833,0.000000,20334015.269339,564,564,786359,786359,0000000000000000,0
362,15.442000,0.766500,7.881417,15.944833,39.268542,0.000000,20334035.495256,564,564,786359,786359,0000000000000000,0
363,15.658125,0.786917,7.852833,15.838666,39.349916,0.000000,20334054.634714,564,564,786359,786359,0000000000000000,0
364,15.446083,0.780209,7.813167,15.959417,39.218958,0.000000,20334074.726756,564,564,786359,786359,0000000000000000,0
365,15.599500,0.832417,7.736167,15.948333,39.284292,0.000000,20334093.927756,564,564,786359,786359,0000000000000000,0
366,15.488084,0.778167,7.846125,16.041375,39.375875,0.000000,20334114.115464,564,564,786359,786359,0000000000000000,0
367,15.639750,0.812584,7.869167,16.019792,39.529292,0.000000,20334133.466381,564,564,786359,786359,0000000000000000,0
368,15.331167,0.824542,7.973583,16.039625,39.344667,0.000000,20334153.469756,564,564,786359,786359,0000000000000000,0
369,15.593083,0.837375,7.644875,15.966416,39.204666,0.000000,20334172.680089,564,564,786359,786359,0000000000000000,0
370,15.279250,0.810250,7.667042,15.909250,38.855833,0.000000,20334192.336964,564,564,786359,786359,0000000000000000,0
371,15.629250,0.816375,7.659167,15.880666,39.169375,0.000000,20334211.864339,564,564,786359,786359,0000000000000000,0
372,15.528917,0.819000,7.816667,15.952125,39.298000,0.000000,20334231.647214,564,564,786359,786359,0000000000000000,0
373,15.556625,0.825708,7.775834,15.943959,39.276709,0.000000,20334251.151548,564,564,786359,786359,0000000000000000,0
374,15.305209,0.839125,7.759500,16.030875,39.095875,0.000000,20334270.751839,564,564,786359,786359,0000000000000000,0
375,15.553417,0.811417,7.806750,15.980416,39.340875,0.000000,20334290.502339,564,564,786359,786359,0000000000000000,0
376,15.606500,0.817542,7.699416,16.051583,39.357791,0.000000,20334310.124214,564,564,786359,786359,0000000000000000,0
377,15.582291,0.828333,7.913209,15.664833,39.160916,0.000000,20334329.671714,564,564,786359,786359,0000000000000000,0
378,15.562750,0.846125,7.930708,15.885625,39.379375,0.000000,20334349.512631,564,564,786359,786359,0000000000000000,0
379,15.595417,0.815500,7.787500,15.752333,39.135542,0.000000,20334368.818631,564,564,786359,786359,0000000000000000,0
380,15.514041,0.797709,7.717500,15.925000,39.156833,0.000000,20334388.685506,564,564,786359,786359,0000000000000000,0
381,15.598042,0.815500,7.966000,16.081917,39.646250,0.000000,20334408.473631,564,564,786359,786359,0000000000000000,0
382,15.602708,0.822500,7.729750,16.000541,39.333291,0.000000,20334428.028714,564,564,786359,786359,0000000000000000,0
383,15.497125,0.799750,7.876458,15.923250,39.297125,0.000000,20334447.783298,564,564,786359,786359,0000000000000000,0
384,15.516958,0.833875,7.921959,15.965834,39.405042,0.000000,20334467.442798,564,564,786359,786359,0000000000000000,0
385,15.834292,0.823375,7.758916,15.806000,39.399500,0.000000,20334487.191256,564,564,786359,786359,0000000000000000,0
386,15.695458,0.816375,7.807333,15.745333,39.248416,0.000000,20334506.710464,564,564,786359,786359,0000000000000000,0
387,15.604458,0.802667,7.837958,15.787333,39.230041,0.000000,20334526.435589,564,564,786359,786359,0000000000000000,0
388,15.415167,0.857208,7.789542,15.861708,39.067000,0.000000,20334546.088964,564,564,786359,786359,0000000000000000,0
389,15.601833,0.827750,7.810833,15.850625,39.263875,0.000000,20334565.709673,564,564,786359,786359,0000000000000000,0
390,15.590459,0.831834,7.983791,15.941917,39.516459,0.000000,20334585.620298,564,564,786359,786359,0000000000000000,0
391,15.613792,0.825125,7.836500,16.002292,39.453167,0.000000,20334605.174798,564,564,786359,786359,0000000000000000,0
392,15.546125,0.806458,7.665584,15.991209,39.203209,0.000000,20334624.839548,564,564,786359,786359,0000000000000000,0
393,15.593959,0.809083,7.951708,15.919458,39.465417,0.000000,20334644.649256,564,564,786359,786359,0000000000000000,0
394,15.597167,0.817542,7.781375,15.971667,39.350501,0.000000,20334664.199090,564,564,786359,786359,0000000000000000,0
395,15.548750,0.792167,7.913500,15.920625,39.383166,0.000000,20334684.043506,564,564,786359,786359,0000000000000000,0
396,15.550500,0.832125,7.950250,15.991208,39.492250,0.000000,20334703.703298,564,564,786359,786359,0000000000000000,0
397,15.529792,0.828625,7.779625,15.934333,39.244333,0.000000,20334723.298631,564,564,786359,786359,0000000000000000,0
398,15.577042,0.806750,7.872958,15.917125,39.367417,0.000000,20334743.079173,564,564,786359,786359,0000000000000000,0
399,15.614667,0.828625,7.783708,15.957084,39.356042,0.000000,20334762.668965,564,564,786359,786359,0000000000000000,0
400,15.589000,0.798875,7.785750,16.032333,39.407375,0.000000,20334782.498798,564,564,786359,786359,29a111b6ccb56ac5,1
401,15.602416,0.817833,7.663834,16.146667,39.413208,0.000000,20334802.091798,564,564,786359,786359,0000000000000000,0
402,15.394167,0.740250,7.716041,15.942792,39.053292,0.000000,20334822.315965,564,564,786359,786359,0000000000000000,0
403,15.684083,0.781667,7.966000,16.032333,39.682708,0.000000,20334841.785881,564,564,786359,786359,0000000000000000,0
404,15.524250,0.789250,7.949375,15.984208,39.458125,0.000000,20334861.790423,564,564,786359,786359,0000000000000000,0
405,15.666584,0.814916,7.771458,19.155500,42.593834,0.000000,20334884.389340,564,564,786359,786359,0000000000000000,0
406,15.548166,0.857209,8.382500,15.988875,39.919833,0.000000,20334901.719298,564,564,786359,786359,0000000000000000,0
407,15.022000,0.753666,7.895125,15.884458,38.801875,0.000000,20334923.202298,564,564,786359,786359,0000000000000000,0
408,15.942500,0.752500,7.907083,15.964667,39.814542,0.000000,20334941.545215,564,564,786359,786359,0000000000000000,0
409,15.307833,0.746959,7.706708,16.093000,39.107833,0.000000,20334962.319173,564,564,786359,786359,0000000000000000,0
410,15.783542,0.757166,7.831250,16.062375,39.677459,0.000000,20334981.232590,564,564,786359,786359,0000000000000000,0
411,15.386583,0.770000,7.653334,16.187500,39.227708,0.000000,20335001.556506,564,564,786359,786359,0000000000000000,0
412,15.644417,0.788083,7.805875,15.978083,39.428667,0.000000,20335020.670298,564,564,786359,786359,0000000000000000,0
413,15.426541,0.769417,7.779917,15.966708,39.173458,0.000000,20335040.741923,564,564,786359,786359,0000000000000000,0
414,15.638000,0.810541,7.749000,15.959417,39.346708,0.000000,20335060.032173,564,564,786359,786359,0000000000000000,0
415,15.378416,0.800625,7.724792,15.922083,39.025291,0.000000,20335079.783256,564,564,786359,786359,0000000000000000,0
416,15.601250,0.845250,7.840292,16.090375,39.532208,0.000000,20335099.580131,564,564,786359,786359,0000000000000000,0
417,15.532416,0.813167,7.955500,16.037583,39.525791,0.000000,20335119.318381,564,564,786359,786359,0000000000000000,0
418,15.531833,0.823958,7.846709,16.063833,39.442958,0.000000,20335139.033006,564,564,786359,786359,0000000000000000,0
419,15.555459,0.840583,7.702625,16.168542,39.426917,0.000000,20335158.754048,564,564,786359,786359,0000000000000000,0
420,15.603292,0.804125,7.759791,16.030875,39.394542,0.000000,20335178.436590,564,564,786359,786359,0000000000000000,0
421,15.346333,0.801791,7.878500,16.138208,39.363333,0.000000,20335198.126131,564,564,786359,786359,0000000000000000,0
422,15.488083,0.818125,8.073625,16.106708,39.668708,0.000000,20335218.119881,564,564,786359,786359,0000000000000000,0
423,15.535334,0.798291,7.813458,16.163875,39.512959,0.000000,20335237.651340,564,564,786359,786359,0000000000000000,0
424,15.492167,0.791583,7.618333,16.097375,39.208458,0.000000,20335257.340881,564,564,786359,786359,0000000000000000,0
425,15.525125,0.809084,7.698833,16.108166,39.332416,0.000000,20335276.992506,564,564,786359,786359,0000000000000000,0
426,15.537667,0.801792,7.886375,15.961167,39.385792,0.000000,20335296.735423,564,564,786359,786359,0000000000000000,0
427,15.591625,0.837959,7.810541,15.960292,39.362750,0.000000,20335316.369840,564,564,786359,786359,0000000000000000,0
428,15.536209,0.834167,7.761541,15.952125,39.250167,0.000000,20335335.994048,564,564,786359,786359,0000000000000000,0
429,15.550500,0.825417,7.674333,16.094750,39.319875,0.000000,20335355.698465,564,564,786359,786359,0000000000000000,0
430,15.472916,0.819875,7.856625,15.900208,39.230041,0.000000,20335375.237798,564,564,786359,786359,0000000000000000,0
431,15.563041,0.816666,7.736750,15.927625,39.228000,0.000000,20335394.935507,564,564,786359,786359,0000000000000000,0
432,15.571792,0.823084,7.754541,16.050125,39.376750,0.000000,20335414.627965,564,564,786359,786359,0000000000000000,0
433,15.533292,0.811708,7.804708,16.059458,39.397750,0.000000,20335434.344923,564,564,786359,786359,0000000000000000,0
434,15.589875,0.805291,7.961917,15.971667,39.523750,0.000000,20335454.160465,564,564,786359,786359,0000000000000000,0
435,15.389209,0.810250,7.772333,16.122166,39.284000,0.000000,20335473.637673,564,564,786359,786359,0000000000000000,0
436,15.473208,0.807917,7.827750,16.070833,39.372083,0.000000,20335493.547715,564,564,786359,786359,0000000000000000,0
437,15.620791,0.836500,7.673750,16.086583,39.381708,0.000000,20335513.033090,564,564,786359,786359,0000000000000000,0
438,15.480792,0.823958,7.695333,15.702458,38.878875,0.000000,20335532.435340,564,564,786359,786359,0000000000000000,0
439,15.597166,0.853416,7.856042,15.363833,38.817333,0.000000,20335551.859465,564,564,786359,786359,0000000000000000,0
440,15.961750,0.789833,7.634666,15.880375,39.477375,0.000000,20335571.923507,564,564,786359,786359,0000000000000000,0
441,15.657250,0.822209,7.742292,15.783542,39.183375,0.000000,20335591.052465,564,564,786359,786359,0000000000000000,0
442,15.483708,0.787208,7.822792,15.924416,39.231208,0.000000,20335611.166673,564,564,786359,786359,0000000000000000,0
443,15.607667,0.774958,7.874417,15.873084,39.355459,0.000000,20335630.417257,564,564,786359,786359,0000000000000000,0
444,15.427417,0.795667,7.877041,16.006667,39.311417,0.000000,20335650.494132,564,564,786359,786359,0000000000000000,0
445,15.608833,0.809375,7.831834,16.111959,39.552917,0.000000,20335669.979507,564,564,786359,786359,0000000000000000,0
446,15.392708,0.830083,7.733834,16.067917,39.194750,0.000000,20335689.698215,564,564,786359,786359,0000000000000000,0
447,15.463875,0.817541,7.824833,15.987708,39.276708,0.000000,20335709.265548,564,564,786359,786359,0000000000000000,0
448,15.461250,0.834458,7.990500,16.115750,39.567792,0.000000,20335729.275340,564,564,786359,786359,0000000000000000,0
449,15.545250,0.828625,7.894541,15.939292,39.379375,0.000000,20335748.654257,564,564,786359,786359,0000000000000000,0
450,15.423333,0.809666,7.649542,16.121000,39.194167,0.000000,20335768.478257,564,564,786359,786359,0000000000000000,0
451,15.521917,0.819000,7.861000,15.960584,39.343792,0.000000,20335788.010007,564,564,786359,786359,0000000000000000,0
452,15.463583,0.814625,7.617458,16.032333,39.113666,0.000000,20335807.604173,564,564,786359,786359,0000000000000000,0
453,15.437042,0.820458,7.657708,15.948625,39.043667,0.000000,20335827.070007,564,564,786359,786359,0000000000000000,0
454,15.452500,0.800917,7.747833,16.015416,39.216333,0.000000,20335846.835673,564,564,786359,786359,0000000000000000,0
455,15.523375,0.819000,7.708166,16.004917,39.236750,0.000000,20335866.319882,564,564,786359,786359,0000000000000000,0
456,15.439958,0.827167,7.672875,16.027667,39.140792,0.000000,20335885.985507,564,564,786359,786359,0000000000000000,0
457,15.502375,0.820750,7.749292,16.001708,39.253667,0.000000,20335905.581715,564,564,786359,786359,0000000000000000,0
458,15.472625,0.827167,8.060500,15.962041,39.495458,0.000000,20335925.490298,564,564,786359,786359,0000000000000000,0
459,15.598042,0.801500,7.738500,15.873375,39.210208,0.000000,20335944.804173,564,564,786359,786359,0000000000000000,0
460,15.410791,0.794792,7.772334,16.081625,39.265041,0.000000,20335964.768173,564,564,786359,786359,0000000000000000,0
461,15.545250,0.824834,7.955792,16.151916,39.653250,0.000000,20335984.466173,564,564,786359,786359,0000000000000000,0
462,15.456583,0.804708,7.707875,16.027083,39.191833,0.000000,20336003.969048,564,564,786359,786359,0000000000000000,0
463,15.435584,0.805875,7.519458,16.177291,39.132625,0.000000,20336023.608423,564,564,786359,786359,0000000000000000,0
464,15.455709,0.822500,7.605208,16.099708,39.160917,0.000000,20336043.141340,564,564,786359,786359,0000000000000000,0
465,15.381334,0.817833,7.831250,15.815333,39.028209,0.000000,20336062.646257,564,564,786359,786359,0000000000000000,0
466,16.778125,0.740833,7.862750,15.862583,40.503750,0.000000,20336083.655007,564,564,786359,786359,0000000000000000,0
467,15.785000,0.736458,8.015875,15.911583,39.712750,0.000000,20336102.373590,564,564,786359,786359,0000000000000000,0
468,15.323875,0.749292,7.668209,15.948625,38.941000,0.000000,20336122.605340,564,564,786359,786359,0000000000000000,0
469,15.604750,0.789541,7.678125,16.017750,39.301208,0.000000,20336141.684132,564,564,786359,786359,0000000000000000,0
470,15.347500,0.789541,7.638459,16.024167,39.010417,0.000000,20336161.631507,564,564,786359,786359,0000000000000000,0
471,15.500625,0.812875,7.949375,16.015708,39.466000,0.000000,20336181.161507,564,564,786359,786359,0000000000000000,0
472,15.450750,0.816083,7.665583,16.134125,39.250750,0.000000,20336200.891299,564,564,786359,786359,0000000000000000,0
473,15.446083,0.811416,8.028125,16.122458,39.596958,0.000000,20336220.768382,564,564,786359,786359,0000000000000000,0
474,15.319500,0.815208,7.647208,16.051291,39.018583,0.000000,20336239.919215,564,564,786359,786359,0000000000000000,0
475,15.202834,0.783709,7.791875,15.993250,38.988250,0.000000,20336259.772090,564,564,786359,786359,0000000000000000,0
476,15.516083,0.855458,7.788959,16.050708,39.356333,0.000000,20336279.284590,564,564,786359,786359,0000000000000000,0
477,15.508208,0.803833,7.792750,16.076958,39.378208,0.000000,20336299.158757,564,564,786359,786359,0000000000000000,0
478,15.560416,0.829208,7.788084,16.047500,39.396291,0.000000,20336318.693715,564,564,786359,786359,0000000000000000,0
479,15.480500,0.819875,7.776125,16.072000,39.328917,0.000000,20336338.496424,564,564,786359,786359,0000000000000000,0
480,15.599208,0.828917,7.740250,15.932291,39.272041,0.000000,20336357.975090,564,564,786359,786359,0000000000000000,0
481,15.576458,0.796250,7.860417,15.843334,39.280500,0.000000,20336377.786549,564,564,786359,786359,0000000000000000,0
482,15.635958,0.818125,7.833875,16.131500,39.601625,0.000000,20336397.588674,564,564,786359,786359,0000000000000000,0
483,15.600959,0.814041,7.667041,16.100583,39.368875,0.000000,20336417.162715,564,564,786359,786359,0000000000000000,0
484,15.503541,0.811125,7.642250,16.127708,39.273791,0.000000,20336436.874715,564,564,786359,786359,0000000000000000,0
485,15.619334,0.815792,8.045333,15.973125,39.638375,0.000000,20336456.815965,564,564,786359,786359,0000000000000000,0
486,15.598917,0.857500,7.954916,16.115458,39.669875,0.000000,20336476.559757,564,564,786359,786359,0000000000000000,0
487,15.521625,0.832417,7.917000,16.124500,39.563709,0.000000,20336496.388424,564,564,786359,786359,0000000000000000,0
488,15.557500,0.829500,7.713417,16.073166,39.344375,0.000000,20336515.916090,564,564,786359,786359,0000000000000000,0
489,15.529791,0.818125,7.884334,16.018334,39.432750,0.000000,20336535.830799,564,564,786359,786359,0000000000000000,0
490,15.616125,0.817250,7.794792,16.051291,39.462500,0.000000,20336555.388215,564,564,786359,786359,0000000000000000,0
491,15.511417,0.799458,7.793625,16.040500,39.345834,0.000000,20336575.192674,564,564,786359,786359,0000000000000000,0
492,15.589292,0.813167,7.816958,16.036125,39.442667,0.000000,20336594.843424,564,564,786359,786359,0000000000000000,0
493,15.600667,0.828333,7.898916,15.967000,39.466875,0.000000,20336614.668007,564,564,786359,786359,0000000000000000,0
494,15.704500,0.868875,7.914375,15.587250,39.206708,0.000000,20336634.067632,564,564,786359,786359,0000000000000000,0
495,15.672709,0.839416,7.711958,15.358875,38.743834,0.000000,20336653.422049,564,564,786359,786359,0000000000000000,0
496,15.925583,0.764167,7.865375,16.046333,39.837583,0.000000,20336673.913382,564,564,786359,786359,0000000000000000,0
497,15.663959,0.790125,7.830666,16.020375,39.515584,0.000000,20336692.944924,564,564,786359,786359,0000000000000000,0
498,15.425666,0.773208,7.919042,16.069083,39.414083,0.000000,20336713.337382,564,564,786359,786359,0000000000000000,0
499,15.661042,0.783125,7.695916,16.061792,39.419042,0.000000,20336732.379424,564,564,786359,786359,0000000000000000,0
500,15.420417,0.781375,7.950542,16.108458,39.479709,0.000000,20336752.828174,564,564,786359,786359,29a111b6ccb56ac5,1
501,15.676792,0.796541,8.001000,16.058000,39.736084,0.000000,20336772.125716,564,564,786359,786359,0000000000000000,0
502,15.308125,0.746958,7.752792,15.678250,38.739458,0.000000,20336792.321882,564,564,786359,786359,0000000000000000,0
503,15.705375,0.796541,7.879958,15.932292,39.517917,0.000000,20336811.652966,564,564,786359,786359,0000000000000000,0
504,15.534459,0.776709,7.868291,15.982167,39.385209,0.000000,20336831.715841,564,564,786359,786359,0000000000000000,0
505,15.633334,0.797125,7.817833,16.146958,39.598417,0.000000,20336851.265674,564,564,786359,786359,0000000000000000,0
506,15.485750,0.801500,7.940041,16.012792,39.438875,0.000000,20336871.170466,564,564,786359,786359,0000000000000000,0
507,15.604166,0.806458,7.777584,15.965542,39.347583,0.000000,20336890.623174,564,564,786359,786359,0000000000000000,0
508,15.502666,0.788375,7.796250,16.002875,39.302083,0.000000,20336910.482174,564,564,786359,786359,0000000000000000,0
509,15.547292,0.841167,7.822791,16.019208,39.389875,0.000000,20336930.021799,564,564,786359,786359,0000000000000000,0
510,15.551666,0.799750,7.830959,16.083083,39.466291,0.000000,20336949.959257,564,564,786359,786359,0000000000000000,0
511,15.596875,0.818125,7.889292,16.071125,39.557583,0.000000,20336969.617007,564,564,786359,786359,0000000000000000,0
512,15.528916,0.829500,7.744042,16.084541,39.357791,0.000000,20336989.331632,564,564,786359,786359,0000000000000000,0
513,15.489833,0.822500,8.026084,15.941625,39.457542,0.000000,20337009.083591,564,564,786359,786359,0000000000000000,0
514,15.499750,0.815500,7.773208,16.081625,39.354875,0.000000,20337028.695549,564,564,786359,786359,0000000000000000,0
515,15.541458,0.820750,7.863917,15.941625,39.347291,0.000000,20337048.446632,564,564,786359,786359,0000000000000000,0
516,15.477875,0.835042,8.103083,15.961166,39.542416,0.000000,20337068.247007,564,564,786359,786359,0000000000000000,0
517,15.602416,0.833000,7.751042,15.967000,39.320750,0.000000,20337087.782841,564,564,786359,786359,0000000000000000,0
518,15.518417,0.821041,7.698833,15.856167,39.073709,0.000000,20337107.330341,564,564,786359,786359,0000000000000000,0
519,15.577916,0.812000,7.807917,16.062666,39.448791,0.000000,20337127.248257,564,564,786359,786359,0000000000000000,0
520,15.567709,0.831542,8.224416,15.939875,39.732292,0.000000,20337147.075174,564,564,786359,786359,0000000000000000,0
521,15.585208,0.839708,7.877042,16.026792,39.489333,0.000000,20337166.746924,564,564,786359,786359,0000000000000000,0
522,15.501792,0.821333,7.868583,16.070250,39.440917,0.000000,20337186.528924,564,564,786359,786359,0000000000000000,0
523,15.537959,0.823959,7.847291,15.828166,39.214000,0.000000,20337205.974632,564,564,786359,786359,0000000000000000,0
524,15.531833,0.810834,8.003334,16.034375,39.569833,0.000000,20337226.107507,564,564,786359,786359,0000000000000000,0
525,15.650542,0.811125,7.811708,15.955917,39.418459,0.000000,20337245.401841,564,564,786359,786359,0000000000000000,0
526,15.452208,0.785458,7.737334,16.107584,39.297417,0.000000,20337265.413966,564,564,786359,786359,0000000000000000,0
527,15.590458,0.815500,7.863917,15.995875,39.450833,0.000000,20337284.861132,564,564,786359,786359,0000000000000000,0
528,15.506459,0.801500,7.720125,16.062667,39.289542,0.000000,20337304.712549,564,564,786359,786359,0000000000000000,0
529,15.601542,0.805292,7.696500,16.026500,39.324834,0.000000,20337324.194716,564,564,786359,786359,0000000000000000,0
530,15.433833,0.803834,7.702333,16.019500,39.155958,0.000000,20337343.877549,564,564,786359,786359,0000000000000000,0
531,15.587542,0.814625,7.681625,16.062083,39.331833,0.000000,20337363.535882,564,564,786359,786359,0000000000000000,0
532,15.439667,0.830375,7.983792,16.003458,39.427500,0.000000,20337383.319632,564,564,786359,786359,0000000000000000,0
533,15.572375,0.844958,7.780792,16.123334,39.476792,0.000000,20337403.020841,564,564,786359,786359,0000000000000000,0
534,15.621083,0.819584,7.779334,15.950375,39.351083,0.000000,20337422.683257,564,564,786359,786359,0000000000000000,0
535,15.583750,0.804709,7.678126,16.082792,39.345251,0.000000,20337442.380383,564,564,786359,786359,0000000000000000,0
536,15.318625,0.808792,7.633500,16.128875,39.081292,0.000000,20337461.773591,564,564,786359,786359,0000000000000000,0
537,15.296166,0.801792,7.662375,16.157750,39.116583,0.000000,20337481.509216,564,564,786359,786359,0000000000000000,0
538,15.566542,0.812584,7.908833,16.175250,39.650917,0.000000,20337501.433258,564,564,786359,786359,0000000000000000,0
539,15.551375,0.811125,7.828625,15.809792,39.190375,0.000000,20337520.710966,564,564,786359,786359,0000000000000000,0
540,15.509084,0.783708,7.702916,16.088042,39.300334,0.000000,20337540.742633,564,564,786359,786359,0000000000000000,0
541,15.525708,0.805292,7.691250,15.924709,39.141667,0.000000,20337559.867508,564,564,786359,786359,0000000000000000,0
542,15.729292,0.737041,7.775833,16.016000,39.521417,0.000000,20337580.273383,564,564,786359,786359,0000000000000000,0
543,15.674167,0.794500,7.840583,16.013375,39.528417,0.000000,20337599.404091,564,564,786359,786359,0000000000000000,0
544,15.410500,0.783708,7.948208,15.823208,39.182208,0.000000,20337619.465216,564,564,786359,786359,0000000000000000,0
545,15.656375,0.810834,7.765625,16.071709,39.494000,0.000000,20337638.907133,564,564,786359,786359,0000000000000000,0
546,15.545833,0.799166,8.023459,15.859375,39.428958,0.000000,20337658.902049,564,564,786359,786359,0000000000000000,0
547,15.707125,0.819875,7.697958,15.216834,38.622500,0.000000,20337677.539258,564,564,786359,786359,0000000000000000,0
548,15.871333,0.750458,7.790125,15.988000,39.649750,0.000000,20337698.559091,564,564,786359,786359,0000000000000000,0
549,16.189542,0.771750,7.937125,15.886209,40.013459,0.000000,20337717.559133,564,564,786359,786359,0000000000000000,0
550,15.508792,0.765042,7.678125,15.666584,38.853792,0.000000,20337737.422508,564,564,786359,786359,0000000000000000,0
551,15.664250,0.823083,7.613666,15.978958,39.257166,0.000000,20337756.853924,564,564,786359,786359,0000000000000000,0
552,15.493333,0.773209,7.938584,15.912167,39.344375,0.000000,20337776.775341,564,564,786359,786359,0000000000000000,0
553,15.639167,0.845541,7.642542,16.025917,39.307917,0.000000,20337796.170591,564,564,786359,786359,0000000000000000,0
554,15.480792,0.787791,7.741417,16.081334,39.303834,0.000000,20337816.087633,564,564,786359,786359,0000000000000000,0
555,15.597459,0.799459,7.728291,16.017750,39.343792,0.000000,20337835.522841,564,564,786359,786359,0000000000000000,0
556,15.493041,0.803833,7.933334,16.218709,39.645375,0.000000,20337855.742633,564,564,786359,786359,0000000000000000,0
557,15.633042,0.807917,7.806166,15.849167,39.288667,0.000000,20337874.820258,564,564,786359,786359,0000000000000000,0
558,15.449000,0.769709,7.816667,16.004917,39.271167,0.000000,20337895.029258,564,564,786359,786359,0000000000000000,0
559,15.637417,0.802667,7.853708,15.934917,39.426334,0.000000,20337914.256508,564,564,786359,786359,0000000000000000,0
560,15.482250,0.772917,7.696500,15.920333,39.099375,0.000000,20337934.137674,564,564,786359,786359,0000000000000000,0
561,15.611750,0.835333,7.779042,15.833125,39.224208,0.000000,20337953.490049,564,564,786359,786359,0000000000000000,0
562,15.373458,0.818416,7.794209,15.971959,39.139917,0.000000,20337973.289258,564,564,786359,786359,0000000000000000,0
563,15.589875,0.827750,7.812875,15.955042,39.358083,0.000000,20337992.860091,564,564,786359,786359,0000000000000000,0
564,15.435875,0.859250,7.730042,16.109625,39.276125,0.000000,20338012.574424,564,564,786359,786359,0000000000000000,0
565,15.652000,0.797125,7.920208,16.024750,39.597250,0.000000,20338032.466383,564,564,786359,786359,0000000000000000,0
566,15.609708,0.810250,7.674333,15.810083,39.094416,0.000000,20338051.678174,564,564,786359,786359,0000000000000000,0
567,15.502958,0.799750,8.030459,15.551375,39.085083,0.000000,20338071.566924,564,564,786359,786359,0000000000000000,0
568,15.926750,0.824542,7.736750,15.992666,39.656458,0.000000,20338091.343674,564,564,786359,786359,0000000000000000,0
569,15.610000,0.814625,8.008875,15.978084,39.597250,0.000000,20338111.175258,564,564,786359,786359,0000000000000000,0
570,15.612333,0.834167,7.858084,15.920917,39.391625,0.000000,20338130.746091,564,564,786359,786359,0000000000000000,0
571,15.435584,0.824250,7.870625,16.039334,39.345834,0.000000,20338150.529550,564,564,786359,786359,0000000000000000,0
572,15.610875,0.813750,8.010041,15.957958,39.579458,0.000000,20338170.335758,564,564,786359,786359,0000000000000000,0
573,15.376666,0.817542,7.858084,15.869000,39.104041,0.000000,20338189.642341,564,564,786359,786359,0000000000000000,0
574,16.892750,0.742583,7.735583,15.934917,40.563542,0.000000,20338210.914175,564,564,786359,786359,0000000000000000,0
575,15.817667,0.737917,7.914667,15.981000,39.713625,0.000000,20338229.364716,564,564,786359,786359,0000000000000000,0
576,15.333791,0.744916,7.823375,16.031167,39.188625,0.000000,20338250.112425,564,564,786359,786359,0000000000000000,0
577,15.775666,0.767667,7.697375,15.947167,39.420500,0.000000,20338268.799800,564,564,786359,786359,0000000000000000,0
578,15.372875,0.743167,7.767667,15.862875,39.003709,0.000000,20338289.132175,564,564,786359,786359,0000000000000000,0
579,15.701000,0.792458,7.758333,15.867541,39.327166,0.000000,20338308.136591,564,564,786359,786359,0000000000000000,0
580,15.374041,0.775541,7.728584,15.976334,39.079250,0.000000,20338328.221050,564,564,786359,786359,0000000000000000,0
581,15.614375,0.806750,8.156458,16.111375,39.882500,0.000000,20338348.031050,564,564,786359,786359,0000000000000000,0
582,15.529208,0.822791,7.812583,15.892625,39.234708,0.000000,20338367.465383,564,564,786359,786359,0000000000000000,0
583,15.561000,0.788375,7.741417,15.985958,39.288667,0.000000,20338387.335758,564,564,786359,786359,0000000000000000,0
584,15.593958,0.812000,7.798292,16.136750,39.529291,0.000000,20338407.004591,564,564,786359,786359,0000000000000000,0
585,15.604167,0.818709,7.650125,15.967875,39.222750,0.000000,20338426.567841,564,564,786359,786359,0000000000000000,0
586,15.566250,0.800334,7.714875,15.908084,39.189500,0.000000,20338446.203425,564,564,786359,786359,0000000000000000,0
587,15.526292,0.804709,7.728000,15.936958,39.191542,0.000000,20338465.769883,564,564,786359,786359,0000000000000000,0
588,15.574416,0.791000,7.843209,15.936667,39.354583,0.000000,20338485.566758,564,564,786359,786359,0000000000000000,0
589,15.607958,0.810833,7.807625,15.949208,39.365083,0.000000,20338505.144591,564,564,786359,786359,0000000000000000,0
590,15.634208,0.782833,7.688917,16.052459,39.375875,0.000000,20338524.982300,564,564,786359,786359,0000000000000000,0
591,15.583459,0.801500,7.759791,15.894083,39.237625,0.000000,20338544.390966,564,564,786359,786359,0000000000000000,0
592,15.608250,0.791000,7.812000,16.034959,39.455500,0.000000,20338564.446550,564,564,786359,786359,0000000000000000,0
593,15.651417,0.810250,7.737042,16.132083,39.521125,0.000000,20338583.919966,564,564,786359,786359,0000000000000000,0
594,15.504125,0.779916,7.726542,15.905750,39.136709,0.000000,20338603.592300,564,564,786359,786359,0000000000000000,0
595,15.538833,0.836500,7.952292,15.743291,39.234416,0.000000,20338623.162841,564,564,786359,786359,0000000000000000,0
596,15.604167,0.818708,7.696500,15.820000,39.120958,0.000000,20338642.724341,564,564,786359,786359,0000000000000000,0
597,15.603875,0.793041,7.789542,16.011917,39.405625,0.000000,20338662.576633,564,564,786359,786359,0000000000000000,0
598,15.598333,0.826875,7.656834,16.045167,39.300625,0.000000,20338682.036633,564,564,786359,786359,0000000000000000,0
599,15.501792,0.793334,8.078583,16.060625,39.641583,0.000000,20338702.226966,564,564,786359,786359,0000000000000000,0
600,15.645291,0.808208,7.664125,15.882709,39.192125,0.000000,20338721.243925,564,564,786359,786359,29a111b6ccb56ac5,1
601,15.495375,0.770875,7.656833,15.781792,38.934583,0.000000,20338741.174383,564,564,786359,786359,0000000000000000,0
602,15.617583,0.837375,8.036583,15.868708,39.523166,0.000000,20338761.543216,564,564,786359,786359,0000000000000000,0
603,15.973125,0.820166,7.927791,16.084250,39.985750,0.000000,20338781.169175,564,564,786359,786359,0000000000000000,0
604,15.607958,0.826292,7.781375,16.104666,39.494291,0.000000,20338801.052966,564,564,786359,786359,0000000000000000,0
605,15.553125,0.810250,7.832709,16.015125,39.401542,0.000000,20338820.584133,564,564,786359,786359,0000000000000000,0
606,15.415750,0.828042,7.752209,16.084833,39.253375,0.000000,20338840.317133,564,564,786359,786359,0000000000000000,0
607,15.555167,0.822500,7.818708,16.062666,39.436833,0.000000,20338860.030008,564,564,786359,786359,0000000000000000,0
608,15.549333,0.826584,7.907667,16.138500,39.595792,0.000000,20338879.921967,564,564,786359,786359,0000000000000000,0
609,15.589584,0.818417,7.889875,15.934625,39.414375,0.000000,20338899.453133,564,564,786359,786359,0000000000000000,0
610,15.527167,0.824250,7.699708,15.928500,39.155667,0.000000,20338919.091050,564,564,786359,786359,0000000000000000,0
611,15.489833,0.832416,7.834167,15.941917,39.266500,0.000000,20338938.728967,564,564,786359,786359,0000000000000000,0
612,15.605917,0.802667,7.747541,15.938125,39.291875,0.000000,20338958.391675,564,564,786359,786359,0000000000000000,0
613,15.601833,0.814333,7.810250,15.809500,39.221875,0.000000,20338977.962800,564,564,786359,786359,0000000000000000,0
614,15.599791,0.804125,7.941209,16.095625,39.636916,0.000000,20338998.040258,564,564,786359,786359,0000000000000000,0
615,15.608250,0.808208,7.821042,16.098833,39.528417,0.000000,20339017.499675,564,564,786359,786359,0000000000000000,0
616,15.496250,0.788666,8.061667,16.082791,39.641000,0.000000,20339037.689133,564,564,786359,786359,0000000000000000,0
617,15.632459,0.793916,7.868875,16.119250,39.620875,0.000000,20339057.131633,564,564,786359,786359,0000000000000000,0
618,15.405541,0.798292,7.842042,16.124208,39.371791,0.000000,20339077.069383,564,564,786359,786359,0000000000000000,0
619,15.604167,0.846708,7.785750,16.069958,39.460167,0.000000,20339096.605800,564,564,786359,786359,0000000000000000,0
620,15.347791,0.834750,7.742292,16.047791,39.138166,0.000000,20339116.216008,564,564,786359,786359,0000000000000000,0
621,15.560416,0.823375,7.816959,16.050417,39.428083,0.000000,20339136.045550,564,564,786359,786359,0000000000000000,0
622,15.513167,0.816667,7.729167,16.060042,39.302667,0.000000,20339155.527425,564,564,786359,786359,0000000000000000,0
623,15.497125,0.803834,7.946458,16.053917,39.497500,0.000000,20339175.552092,564,564,786359,786359,0000000000000000,0
624,15.643542,0.809959,7.646917,16.092125,39.382875,0.000000,20339194.918758,564,564,786359,786359,0000000000000000,0
625,15.478458,0.784875,7.837667,16.055375,39.371791,0.000000,20339214.938758,564,564,786359,786359,0000000000000000,0
626,15.621083,0.816083,7.792458,16.055667,39.469500,0.000000,20339234.396717,564,564,786359,786359,0000000000000000,0
627,15.312500,0.811125,7.682500,16.079584,39.075167,0.000000,20339254.026467,564,564,786359,786359,0000000000000000,0
628,15.529208,0.808500,8.101333,16.079583,39.710416,0.000000,20339274.121133,564,564,786359,786359,0000000000000000,0
629,15.458041,0.803250,7.895125,16.107292,39.460750,0.000000,20339293.524842,564,564,786359,786359,0000000000000000,0
630,15.513167,0.781667,7.774083,16.044583,39.332125,0.000000,20339313.468133,564,564,786359,786359,0000000000000000,0
631,15.589875,0.828917,7.826875,16.075792,39.493125,0.000000,20339333.028175,564,564,786359,786359,0000000000000000,0
632,15.544958,0.805875,7.878500,17.621917,41.045958,0.000000,20339354.525175,564,564,786359,786359,0000000000000000,0
633,15.587250,0.726833,7.818708,15.901083,39.307333,0.000000,20339372.350675,564,564,786359,786359,0000000000000000,0
634,15.178916,0.744042,7.919334,19.798625,42.897166,0.000000,20339397.432258,564,564,786359,786359,0000000000000000,0
635,15.826416,0.750750,10.605875,16.281125,42.713708,0.000000,20339415.078675,564,564,786359,786359,0000000000000000,0
636,14.882291,0.762125,7.700584,15.947167,38.530333,0.000000,20339435.985925,564,564,786359,786359,0000000000000000,0
637,15.798125,0.736750,7.802958,15.794333,39.395708,0.000000,20339454.489550,564,564,786359,786359,0000000000000000,0
638,15.325042,0.742875,7.612208,16.005792,38.943334,0.000000,20339474.941217,564,564,786359,786359,0000000000000000,0
639,15.649959,0.762417,7.702041,16.049833,39.402125,0.000000,20339493.900133,564,564,786359,786359,0000000000000000,0
640,15.335250,0.767083,7.805292,16.191291,39.332125,0.000000,20339514.283258,564,564,786359,786359,0000000000000000,0
641,15.595417,0.779916,7.735875,15.845375,39.176959,0.000000,20339533.086717,564,564,786359,786359,0000000000000000,0
642,15.341083,0.772041,7.827750,16.108458,39.277583,0.000000,20339553.575425,564,564,786359,786359,0000000000000000,0
643,15.631291,0.797125,7.645459,15.974000,39.251333,0.000000,20339572.348842,564,564,786359,786359,0000000000000000,0
644,15.310458,0.771167,7.931584,16.006667,39.249000,0.000000,20339592.839592,564,564,786359,786359,0000000000000000,0
645,15.646166,0.751334,7.853125,16.090083,39.589666,0.000000,20339611.948425,564,564,786359,786359,0000000000000000,0
646,15.384542,0.770584,7.653625,16.076375,39.114834,0.000000,20339631.969009,564,564,786359,786359,0000000000000000,0
647,15.529792,0.792459,7.674916,16.007833,39.212833,0.000000,20339651.176425,564,564,786359,786359,0000000000000000,0
648,15.393292,0.778167,7.675208,15.964958,39.034042,0.000000,20339671.012967,564,564,786359,786359,0000000000000000,0
649,15.530959,0.806167,7.802375,15.934042,39.267667,0.000000,20339690.453717,564,564,786359,786359,0000000000000000,0
650,15.491000,0.796834,7.780209,16.012792,39.284292,0.000000,20339710.310092,564,564,786359,786359,0000000000000000,0
651,15.441125,0.837666,7.743167,16.094459,39.279042,0.000000,20339729.741509,564,564,786359,786359,0000000000000000,0
652,15.320667,0.824542,7.924583,16.048666,39.294208,0.000000,20339749.616550,564,564,786359,786359,0000000000000000,0
653,15.600375,0.805875,7.815500,15.955333,39.371500,0.000000,20339769.122342,564,564,786359,786359,0000000000000000,0
654,15.593375,0.828333,7.989333,15.981875,39.564875,0.000000,20339789.196592,564,564,786359,786359,0000000000000000,0
655,15.899041,0.837375,7.799167,15.586375,39.285166,0.000000,20339808.416550,564,564,786359,786359,0000000000000000,0
656,15.896125,0.762417,7.812875,15.682625,39.392208,0.000000,20339828.599592,564,564,786359,786359,0000000000000000,0
657,16.096792,0.808208,7.842042,15.205750,39.144875,0.000000,20339847.844925,564,564,786359,786359,0000000000000000,0
658,15.641500,0.797417,7.620375,15.737750,38.999916,0.000000,20339867.606800,564,564,786359,786359,0000000000000000,0
659,15.602125,0.823375,7.933916,16.032333,39.568666,0.000000,20339887.420300,564,564,786359,786359,0000000000000000,0
660,15.558958,0.842916,7.893375,16.152208,39.604833,0.000000,20339907.226800,564,564,786359,786359,0000000000000000,0
661,15.527458,0.801208,7.942083,16.100584,39.570125,0.000000,20339927.005009,564,564,786359,786359,0000000000000000,0
662,15.528333,0.825417,7.835333,16.184000,39.547666,0.000000,20339946.789050,564,564,786359,786359,0000000000000000,0
663,15.448708,0.827166,7.869750,16.123041,39.441791,0.000000,20339966.459050,564,564,786359,786359,0000000000000000,0
664,15.481958,0.848458,7.872958,16.058875,39.414083,0.000000,20339986.212467,564,564,786359,786359,0000000000000000,0
665,15.470875,0.834458,7.654208,16.062083,39.187458,0.000000,20340005.654967,564,564,786359,786359,0000000000000000,0
666,15.430625,0.824250,7.890750,16.109334,39.430709,0.000000,20340025.657759,564,564,786359,786359,0000000000000000,0
667,15.582000,0.824541,7.721584,16.152500,39.456375,0.000000,20340045.120675,564,564,786359,786359,0000000000000000,0
668,15.510542,0.790125,7.734416,16.151625,39.396875,0.000000,20340065.065717,564,564,786359,786359,0000000000000000,0
669,15.586666,0.810541,7.831250,16.202375,39.620583,0.000000,20340084.780342,564,564,786359,786359,0000000000000000,0
670,15.559250,0.807334,8.024625,16.079292,39.663750,0.000000,20340104.738509,564,564,786359,786359,0000000000000000,0
671,15.624000,0.826875,7.829792,15.906916,39.361000,0.000000,20340124.150675,564,564,786359,786359,0000000000000000,0
672,15.516667,0.811417,8.132833,16.099125,39.748917,0.000000,20340144.502884,564,564,786359,786359,0000000000000000,0
673,15.478750,0.763583,7.971542,16.098542,39.549417,0.000000,20340163.713217,564,564,786359,786359,0000000000000000,0
674,15.491584,0.765917,7.897458,16.037000,39.426334,0.000000,20340183.940009,564,564,786359,786359,0000000000000000,0
675,15.468542,0.790708,7.840583,16.320209,39.629334,0.000000,20340203.351009,564,564,786359,786359,0000000000000000,0
676,15.523375,0.774083,7.764167,15.792292,39.080126,0.000000,20340223.029176,564,564,786359,786359,0000000000000000,0
677,15.598042,0.839708,7.764167,15.894375,39.256876,0.000000,20340242.617801,564,564,786359,786359,0000000000000000,0
678,15.601542,0.801792,7.779917,15.967584,39.349334,0.000000,20340262.387551,564,564,786359,786359,0000000000000000,0
679,15.599209,0.812583,7.792458,16.069667,39.461917,0.000000,20340282.093134,564,564,786359,786359,0000000000000000,0
680,15.463291,0.828333,7.814917,16.087166,39.365666,0.000000,20340301.764592,564,564,786359,786359,0000000000000000,0
681,15.551958,0.805291,7.765625,15.997917,39.315792,0.000000,20340321.417676,564,564,786359,786359,0000000000000000,0
682,16.914334,0.737334,7.891625,16.052167,40.858417,0.000000,20340342.637884,564,564,786359,786359,0000000000000000,0
683,15.838083,0.741125,7.807625,16.091833,39.737833,0.000000,20340361.164259,564,564,786359,786359,0000000000000000,0
684,15.316875,0.735583,7.906792,15.998500,39.222458,0.000000,20340381.869092,564,564,786359,786359,0000000000000000,0
685,15.699250,0.752792,7.750750,16.095333,39.545916,0.000000,20340400.724467,564,564,786359,786359,0000000000000000,0
686,15.371709,0.758917,7.716333,16.022125,39.110459,0.000000,20340420.988301,564,564,786359,786359,0000000000000000,0
687,15.597458,0.781667,7.915250,16.083375,39.596375,0.000000,20340440.329884,564,564,786359,786359,0000000000000000,0
688,15.270209,0.809667,7.799750,16.121875,39.192125,0.000000,20340460.189467,564,564,786359,786359,0000000000000000,0
689,15.572083,0.839416,7.787209,15.874834,39.234417,0.000000,20340479.579176,564,564,786359,786359,0000000000000000,0
690,15.520458,0.803834,7.802667,16.071125,39.394541,0.000000,20340499.593342,564,564,786359,786359,0000000000000000,0
691,15.619625,0.810833,7.766792,16.039334,39.426042,0.000000,20340519.016301,564,564,786359,786359,0000000000000000,0
692,15.493042,0.798583,7.808500,15.982459,39.284292,0.000000,20340538.889301,564,564,786359,786359,0000000000000000,0
693,15.594542,0.815209,7.864208,16.058291,39.517625,0.000000,20340558.542967,564,564,786359,786359,0000000000000000,0
694,15.518708,0.809375,7.848459,16.135875,39.503333,0.000000,20340578.407217,564,564,786359,786359,0000000000000000,0
695,15.596875,0.812292,7.806750,16.081334,39.485250,0.000000,20340598.041051,564,564,786359,786359,0000000000000000,0
696,15.567125,0.802667,7.914667,16.105542,39.587917,0.000000,20340618.009426,564,564,786359,786359,0000000000000000,0
697,15.617291,0.819000,7.793334,16.172917,39.584125,0.000000,20340637.638301,564,564,786359,786359,0000000000000000,0
698,15.534166,0.808208,7.710792,15.983625,39.229166,0.000000,20340657.247342,564,564,786359,786359,0000000000000000,0
699,15.550500,0.806750,7.828625,15.976917,39.356334,0.000000,20340677.004551,564,564,786359,786359,0000000000000000,0
700,15.586375,0.834458,7.768542,15.967000,39.322209,0.000000,20340696.584426,564,564,786359,786359,29a111b6ccb56ac5,1
701,15.559250,0.807917,7.824250,16.032333,39.416125,0.000000,20340716.430884,564,564,786359,786359,0000000000000000,0
702,15.416917,0.787500,8.002167,16.054209,39.473584,0.000000,20340736.804676,564,564,786359,786359,0000000000000000,0
703,15.701000,0.788666,7.998083,16.163584,39.863250,0.000000,20340756.302301,564,564,786359,786359,0000000000000000,0
704,15.434709,0.806750,7.840291,16.052750,39.328042,0.000000,20340776.143509,564,564,786359,786359,0000000000000000,0
705,15.545833,0.809666,7.750750,16.079292,39.376167,0.000000,20340795.686926,564,564,786359,786359,0000000000000000,0
706,15.542916,0.804417,7.744334,16.073459,39.361000,0.000000,20340815.512676,564,564,786359,786359,0000000000000000,0
707,15.605917,0.846708,7.808500,15.903125,39.317834,0.000000,20340835.013801,564,564,786359,786359,0000000000000000,0
708,15.530375,0.827167,7.807625,15.777125,39.115417,0.000000,20340854.665426,564,564,786359,786359,0000000000000000,0
709,15.957667,0.789834,7.839125,15.448125,39.245209,0.000000,20340874.272426,564,564,786359,786359,0000000000000000,0
710,16.041084,0.789250,7.763583,15.736000,39.540959,0.000000,20340894.217176,564,564,786359,786359,0000000000000000,0
711,15.733667,0.839125,7.961042,15.866667,39.561667,0.000000,20340913.858009,564,564,786359,786359,0000000000000000,0
712,15.641500,0.800333,7.891334,15.953292,39.486417,0.000000,20340933.712634,564,564,786359,786359,0000000000000000,0
713,15.582584,0.821917,7.666458,16.123625,39.373250,0.000000,20340953.243509,564,564,786359,786359,0000000000000000,0
714,15.491875,0.821042,8.028125,16.090666,39.610958,0.000000,20340973.331759,564,564,786359,786359,0000000000000000,0
715,15.615542,0.821917,7.794500,16.097083,39.507417,0.000000,20340992.760551,564,564,786359,786359,0000000000000000,0
716,15.492166,0.806167,8.102209,16.088042,39.683000,0.000000,20341013.029343,564,564,786359,786359,0000000000000000,0
717,15.655500,0.794209,7.665583,16.121000,39.442375,0.000000,20341032.211968,564,564,786359,786359,0000000000000000,0
718,15.428000,0.769709,7.850500,16.127417,39.406209,0.000000,20341052.444593,564,564,786359,786359,0000000000000000,0
719,15.654042,0.799458,7.915542,16.021834,39.591709,0.000000,20341071.812718,564,564,786359,786359,0000000000000000,0
720,15.481084,0.791583,7.776416,15.960875,39.218667,0.000000,20341091.675801,564,564,786359,786359,0000000000000000,0
721,15.620792,0.802959,7.853416,15.985083,39.459583,0.000000,20341111.282509,564,564,786359,786359,0000000000000000,0
722,15.552250,0.795666,7.837959,16.051875,39.442375,0.000000,20341131.129259,564,564,786359,786359,0000000000000000,0
723,15.550208,0.821625,7.932167,16.067625,39.550292,0.000000,20341150.842718,564,564,786359,786359,0000000000000000,0
724,15.599791,0.809666,7.865959,16.111958,39.578291,0.000000,20341170.719509,564,564,786359,786359,0000000000000000,0
725,15.560416,0.819583,7.698250,15.948917,39.207875,0.000000,20341190.060218,564,564,786359,786359,0000000000000000,0
726,15.498875,0.791000,7.720125,15.938125,39.157708,0.000000,20341209.886551,564,564,786359,786359,0000000000000000,0
727,15.596000,0.806166,7.865959,15.943084,39.405334,0.000000,20341229.475468,564,564,786359,786359,0000000000000000,0
728,15.381333,0.822500,7.743167,15.911292,39.036083,0.000000,20341248.932551,564,564,786359,786359,0000000000000000,0
729,15.545250,0.822791,7.708458,15.902542,39.156542,0.000000,20341268.641343,564,564,786359,786359,0000000000000000,0
730,15.616709,0.833292,7.698541,16.035542,39.351084,0.000000,20341288.297343,564,564,786359,786359,0000000000000000,0
731,15.498875,0.801209,7.699125,15.952416,39.150708,0.000000,20341307.805759,564,564,786359,786359,0000000000000000,0
732,15.589292,0.789250,7.631458,16.081916,39.302958,0.000000,20341327.608759,564,564,786359,786359,0000000000000000,0
733,15.346625,0.817250,7.992834,16.244375,39.584125,0.000000,20341347.398634,564,564,786359,786359,0000000000000000,0
734,15.550792,0.812292,7.877041,16.090375,39.518792,0.000000,20341367.135718,564,564,786359,786359,0000000000000000,0
735,15.566250,0.817250,7.729167,16.109042,39.405042,0.000000,20341386.815926,564,564,786359,786359,0000000000000000,0
736,15.346042,0.814625,7.777000,16.046041,39.169375,0.000000,20341406.313259,564,564,786359,786359,0000000000000000,0
737,15.533875,0.821041,7.721000,16.027375,39.282541,0.000000,20341426.107509,564,564,786359,786359,0000000000000000,0
738,15.567125,0.823083,7.725666,16.076375,39.369458,0.000000,20341445.691176,564,564,786359,786359,0000000000000000,0
739,15.516083,0.836208,7.877333,16.025333,39.419041,0.000000,20341465.536759,564,564,786359,786359,0000000000000000,0
740,15.606500,0.849042,7.675209,15.910709,39.192709,0.000000,20341484.893218,564,564,786359,786359,0000000000000000,0
741,15.481667,0.797125,7.687458,15.927333,39.096750,0.000000,20341504.642259,564,564,786359,786359,0000000000000000,0
742,15.525417,0.823958,7.820458,15.960292,39.306459,0.000000,20341524.208718,564,564,786359,786359,0000000000000000,0
743,15.558958,0.815208,7.690375,15.952708,39.202333,0.000000,20341543.853051,564,564,786359,786359,0000000000000000,0
744,15.547875,0.824833,7.863333,16.104083,39.515875,0.000000,20341563.733051,564,564,786359,786359,0000000000000000,0
745,15.565959,0.844083,7.903583,15.954750,39.424584,0.000000,20341583.286093,564,564,786359,786359,0000000000000000,0
746,15.496833,0.809959,7.718958,16.109333,39.325416,0.000000,20341603.072759,564,564,786359,786359,0000000000000000,0
747,15.469708,0.757458,7.768250,16.017750,39.256000,0.000000,20341622.552301,564,564,786359,786359,0000000000000000,0
748,15.441709,0.820167,7.711958,20.565416,43.719667,0.000000,20341646.834426,564,564,786359,786359,0000000000000000,0
749,15.507333,0.738500,10.106542,15.979541,41.593708,0.000000,20341664.154176,564,564,786359,786359,0000000000000000,0
750,14.857792,0.729750,7.832417,16.040209,38.730709,0.000000,20341685.573885,564,564,786359,786359,0000000000000000,0
751,15.811542,0.730625,7.739083,16.055958,39.606875,0.000000,20341703.772426,564,564,786359,786359,0000000000000000,0
752,15.198459,0.734125,7.756291,16.061792,39.016834,0.000000,20341724.600635,564,564,786359,786359,0000000000000000,0
753,15.723750,0.749292,7.767375,16.139375,39.630792,0.000000,20341743.416343,564,564,786359,786359,0000000000000000,0
754,15.257959,0.758042,7.699416,15.980708,38.938375,0.000000,20341763.547176,564,564,786359,786359,0000000000000000,0
755,15.569458,0.802375,7.951125,16.082791,39.603958,0.000000,20341783.034301,564,564,786359,786359,0000000000000000,0
756,15.428875,0.844667,7.720125,16.124791,39.274083,0.000000,20341802.828551,564,564,786359,786359,0000000000000000,0
757,15.483708,0.837083,7.894542,16.089792,39.468333,0.000000,20341822.514593,564,564,786359,786359,0000000000000000,0
758,15.440250,0.827750,7.796833,15.987708,39.225083,0.000000,20341842.068218,564,564,786359,786359,0000000000000000,0
759,15.470875,0.825125,7.777584,15.998500,39.247250,0.000000,20341861.777301,564,564,786359,786359,0000000000000000,0
760,15.540583,0.820750,7.998667,16.068209,39.607750,0.000000,20341881.685885,564,564,786359,786359,0000000000000000,0
761,15.534167,0.827167,7.802667,15.879792,39.216917,0.000000,20341901.005593,564,564,786359,786359,0000000000000000,0
762,15.479625,0.823375,7.674041,15.904000,39.057958,0.000000,20341920.752593,564,564,786359,786359,0000000000000000,0
763,15.629541,0.856042,7.886959,16.032625,39.549416,0.000000,20341940.568426,564,564,786359,786359,0000000000000000,0
764,15.610875,0.812291,7.809083,16.024750,39.445000,0.000000,20341960.210135,564,564,786359,786359,0000000000000000,0
765,15.572666,0.820750,7.797709,16.076959,39.447625,0.000000,20341980.025385,564,564,786359,786359,0000000000000000,0
766,15.547875,0.825417,7.944125,15.871625,39.363916,0.000000,20341999.582801,564,564,786359,786359,0000000000000000,0
767,15.517541,0.817542,7.708750,15.947167,39.173750,0.000000,20342019.207885,564,564,786359,786359,0000000000000000,0
768,15.552541,0.827458,7.763584,16.003167,39.319583,0.000000,20342038.918718,564,564,786359,786359,0000000000000000,0
769,15.586084,0.810250,7.726541,15.907208,39.220125,0.000000,20342058.437926,564,564,786359,786359,0000000000000000,0
770,15.495375,0.806459,7.822792,15.957375,39.276125,0.000000,20342078.205926,564,564,786359,786359,0000000000000000,0
771,15.553416,0.802667,7.752209,16.031166,39.336791,0.000000,20342097.783176,564,564,786359,786359,0000000000000000,0
772,15.615833,0.802666,7.596458,16.101750,39.314333,0.000000,20342117.528718,564,564,786359,786359,0000000000000000,0
773,15.515208,0.807041,7.807042,16.083375,39.405916,0.000000,20342137.198426,564,564,786359,786359,0000000000000000,0
774,15.622250,0.798000,7.847000,16.035541,39.505083,0.000000,20342157.048676,564,564,786359,786359,0000000000000000,0
775,15.549333,0.828041,7.697084,15.896709,39.143417,0.000000,20342176.351760,564,564,786359,786359,0000000000000000,0
776,15.449000,0.820166,7.656833,15.803083,38.909208,0.000000,20342195.967218,564,564,786359,786359,0000000000000000,0
777,15.535333,0.814333,7.859834,15.981292,39.376750,0.000000,20342215.737843,564,564,786359,786359,0000000000000000,0
778,15.447833,0.829209,7.804709,16.111667,39.364792,0.000000,20342235.341635,564,564,786359,786359,0000000000000000,0
779,15.521916,0.796542,7.803250,16.135875,39.461333,0.000000,20342255.208218,564,564,786359,786359,0000000000000000,0
780,15.562166,0.812875,7.642542,16.038166,39.243166,0.000000,20342274.593551,564,564,786359,786359,0000000000000000,0
781,15.432083,0.788667,7.766500,16.038458,39.237333,0.000000,20342294.457801,564,564,786359,786359,0000000000000000,0
782,15.569458,0.828625,7.838250,16.136167,39.544167,0.000000,20342314.146760,564,564,786359,786359,0000000000000000,0
783,15.452791,0.836792,7.781667,15.967875,39.202625,0.000000,20342333.675885,564,564,786359,786359,0000000000000000,0
784,15.288292,0.807041,7.576625,16.334791,39.200000,0.000000,20342353.356093,564,564,786359,786359,0000000000000000,0
785,15.411083,0.817542,7.902125,16.044000,39.357500,0.000000,20342373.048552,564,564,786359,786359,0000000000000000,0
786,15.479625,0.842917,8.160833,15.988000,39.628750,0.000000,20342392.993010,564,564,786359,786359,0000000000000000,0
787,15.523667,0.836208,7.716625,16.105250,39.345834,0.000000,20342412.433177,564,564,786359,786359,0000000000000000,0
788,15.408458,0.807041,7.656834,16.058291,39.123583,0.000000,20342432.130593,564,564,786359,786359,0000000000000000,0
789,15.465333,0.816375,7.845250,16.514458,39.825333,0.000000,20342452.267843,564,564,786359,786359,0000000000000000,0
790,15.529792,0.817542,7.961333,15.986541,39.478250,0.000000,20342471.625468,564,564,786359,786359,0000000000000000,0
791,15.370542,0.797708,7.897167,16.072292,39.340292,0.000000,20342491.617760,564,564,786359,786359,0000000000000000,0
792,15.560125,0.818125,7.912917,15.956208,39.429542,0.000000,20342511.069885,564,564,786359,786359,0000000000000000,0
793,15.464750,0.807333,7.885791,15.966125,39.316958,0.000000,20342530.947260,564,564,786359,786359,0000000000000000,0
794,15.620792,0.804417,7.869458,16.038750,39.529292,0.000000,20342550.610552,564,564,786359,786359,0000000000000000,0
795,15.319500,0.833875,7.705834,15.947167,38.972792,0.000000,20342569.929385,564,564,786359,786359,0000000000000000,0
796,15.450167,0.791000,7.849042,15.991500,39.291000,0.000000,20342589.910593,564,564,786359,786359,0000000000000000,0
797,15.588417,0.822500,7.927500,15.988292,39.504792,0.000000,20342609.449052,564,564,786359,786359,0000000000000000,0
798,15.541458,0.800625,7.730042,15.928209,39.200000,0.000000,20342629.119052,564,564,786359,786359,0000000000000000,0
799,15.539416,0.821042,7.699125,16.074625,39.313458,0.000000,20342648.772135,564,564,786359,786359,0000000000000000,0
800,15.480500,0.815792,7.775542,15.963209,39.219542,0.000000,20342668.351427,564,564,786359,786359,29a111b6ccb56ac5,1
801,15.540875,0.835042,7.809083,16.075791,39.426333,0.000000,20342688.208093,564,564,786359,786359,0000000000000000,0
802,15.390375,0.772917,7.804416,16.003750,39.198833,0.000000,20342708.294010,564,564,786359,786359,0000000000000000,0
803,15.592791,0.814625,7.929834,16.081042,39.603958,0.000000,20342727.826635,564,564,786359,786359,0000000000000000,0
804,15.513750,0.793625,8.038917,16.098542,39.651792,0.000000,20342747.954552,564,564,786359,786359,0000000000000000,0
805,15.559542,0.792750,7.817250,16.096500,39.473584,0.000000,20342767.308677,564,564,786359,786359,0000000000000000,0
806,15.439958,0.809667,7.728584,15.932875,39.102000,0.000000,20342787.065010,564,564,786359,786359,0000000000000000,0
807,15.541750,0.830375,7.927791,15.908958,39.378791,0.000000,20342806.696218,564,564,786359,786359,0000000000000000,0
808,15.620208,0.817541,7.961917,16.155417,39.737833,0.000000,20342826.811885,564,564,786359,786359,0000000000000000,0
809,15.546125,0.837958,7.771167,15.976334,39.293917,0.000000,20342845.998302,564,564,786359,786359,0000000000000000,0
810,15.416333,0.788375,7.931292,16.057417,39.405333,0.000000,20342866.226260,564,564,786359,786359,0000000000000000,0
811,15.622542,0.786625,7.751625,16.119250,39.493708,0.000000,20342885.501343,564,564,786359,786359,0000000000000000,0
812,15.315709,0.795083,7.710791,15.916250,38.943334,0.000000,20342905.181552,564,564,786359,786359,0000000000000000,0
813,15.388625,0.807917,7.898042,16.302125,39.589084,0.000000,20342925.100052,564,564,786359,786359,0000000000000000,0
814,15.517542,0.816375,7.693291,16.095917,39.307042,0.000000,20342944.497927,564,564,786359,786359,0000000000000000,0
815,15.393292,0.793917,7.793916,15.966708,39.154500,0.000000,20342964.266510,564,564,786359,786359,0000000000000000,0
816,15.566542,0.826583,7.732667,15.904875,39.204375,0.000000,20342983.711343,564,564,786359,786359,0000000000000000,0
817,15.576167,0.797125,7.807625,15.929667,39.313750,0.000000,20343003.590760,564,564,786359,786359,0000000000000000,0
818,15.691375,0.826875,7.746083,15.802500,39.240250,0.000000,20343022.960052,564,564,786359,786359,0000000000000000,0
819,15.606501,0.806166,7.943833,15.917125,39.467751,0.000000,20343043.067844,564,564,786359,786359,0000000000000000,0
820,15.627208,0.804125,7.847292,15.848000,39.323083,0.000000,20343062.291885,564,564,786359,786359,0000000000000000,0
821,15.528916,0.779042,7.803250,16.089792,39.422250,0.000000,20343082.504094,564,564,786359,786359,0000000000000000,0
822,15.668625,0.829209,7.726834,16.024750,39.420500,0.000000,20343101.720260,564,564,786359,786359,0000000000000000,0
823,15.357125,0.771458,7.822792,15.998208,39.178417,0.000000,20343121.695052,564,564,786359,786359,0000000000000000,0
824,15.629834,0.811125,7.804416,16.125667,39.560209,0.000000,20343141.289219,564,564,786359,786359,0000000000000000,0
825,15.533000,0.807333,7.788083,16.111083,39.432458,0.000000,20343161.137135,564,564,786359,786359,0000000000000000,0
826,15.547292,0.812875,8.057583,15.945417,39.550584,0.000000,20343180.877719,564,564,786359,786359,0000000000000000,0
827,15.624584,0.823958,7.733833,16.042250,39.400959,0.000000,20343200.552969,564,564,786359,786359,0000000000000000,0
828,15.581417,0.809083,8.009458,15.968167,39.559625,0.000000,20343220.451927,564,564,786359,786359,0000000000000000,0
829,15.626625,0.839417,7.824250,15.867541,39.318708,0.000000,20343239.886260,564,564,786359,786359,0000000000000000,0
830,15.572083,0.840583,7.709625,16.150458,39.432458,0.000000,20343259.898385,564,564,786359,786359,0000000000000000,0
831,15.534750,0.819000,7.894250,16.088625,39.517916,0.000000,20343279.418760,564,564,786359,786359,0000000000000000,0
832,15.454542,0.824250,7.851666,16.090083,39.396583,0.000000,20343299.304885,564,564,786359,786359,0000000000000000,0
833,15.481083,0.803250,7.966292,16.086000,39.533667,0.000000,20343318.967594,564,564,786359,786359,0000000000000000,0
834,15.474084,0.828042,7.932750,15.956792,39.363917,0.000000,20343338.681052,564,564,786359,786359,0000000000000000,0
835,15.492459,0.808792,7.818708,15.950959,39.262709,0.000000,20343358.243719,564,564,786359,786359,0000000000000000,0
836,15.497125,0.818417,7.643709,16.079584,39.220709,0.000000,20343377.912844,564,564,786359,786359,0000000000000000,0
837,15.480500,0.798875,7.693000,16.064417,39.238208,0.000000,20343397.490677,564,564,786359,786359,0000000000000000,0
838,15.495084,0.804417,7.902708,16.031458,39.429542,0.000000,20343417.350552,564,564,786359,786359,0000000000000000,0
839,15.558667,0.831250,7.805291,15.960292,39.324542,0.000000,20343436.827469,564,564,786359,786359,0000000000000000,0
840,15.488666,0.808791,8.075959,15.893500,39.458416,0.000000,20343456.820635,564,564,786359,786359,0000000000000000,0
841,15.599209,0.813750,7.661208,16.242917,39.503917,0.000000,20343476.339552,564,564,786359,786359,0000000000000000,0
842,15.469416,0.811417,7.757459,16.050709,39.277875,0.000000,20343496.112219,564,564,786359,786359,0000000000000000,0
843,15.572958,0.815791,7.798584,16.074042,39.445875,0.000000,20343515.794177,564,564,786359,786359,0000000000000000,0
844,15.571791,0.806750,7.740250,16.033208,39.345833,0.000000,20343535.466802,564,564,786359,786359,0000000000000000,0
845,15.548750,0.820750,7.994875,16.025334,39.569250,0.000000,20343555.372469,564,564,786359,786359,0000000000000000,0
846,15.645875,0.823666,7.636417,16.134709,39.417292,0.000000,20343574.892844,564,564,786359,786359,0000000000000000,0
847,15.483708,0.798291,7.873834,16.100584,39.458417,0.000000,20343594.840219,564,564,786359,786359,0000000000000000,0
848,15.590167,0.812292,7.772625,16.105834,39.468917,0.000000,20343614.371094,564,564,786359,786359,0000000000000000,0
849,15.521333,0.790125,7.779042,16.075209,39.376167,0.000000,20343634.226594,564,564,786359,786359,0000000000000000,0
850,15.597750,0.825125,7.774375,16.114292,39.486709,0.000000,20343653.866844,564,564,786359,786359,0000000000000000,0
851,15.591334,0.815792,7.860416,16.130625,39.582667,0.000000,20343673.818302,564,564,786359,786359,0000000000000000,0
852,15.624583,0.837666,7.639625,16.148125,39.412625,0.000000,20343693.287927,564,564,786359,786359,0000000000000000,0
853,15.486917,0.802375,7.764458,16.107875,39.359542,0.000000,20343713.191844,564,564,786359,786359,0000000000000000,0
854,15.618166,0.833584,7.623000,16.047792,39.289250,0.000000,20343732.592344,564,564,786359,786359,0000000000000000,0
855,15.521334,0.781667,7.798292,15.990625,39.310834,0.000000,20343752.511719,564,564,786359,786359,0000000000000000,0
856,15.590167,0.812292,7.838250,16.158625,39.587333,0.000000,20343772.188427,564,564,786359,786359,0000000000000000,0
857,15.534750,0.815792,7.770875,16.143750,39.449667,0.000000,20343791.976844,564,564,786359,786359,0000000000000000,0
858,15.474958,0.812583,7.833000,16.254000,39.562541,0.000000,20343811.761177,564,564,786359,786359,0000000000000000,0
859,15.540000,0.811708,7.776416,15.784708,39.101416,0.000000,20343831.089927,564,564,786359,786359,0000000000000000,0
860,15.556625,0.824541,7.998083,16.615667,40.170667,0.000000,20343851.940886,564,564,786359,786359,0000000000000000,0
861,15.670375,0.825125,7.682208,15.831958,39.184833,0.000000,20343870.281177,564,564,786359,786359,0000000000000000,0
862,15.653750,0.747250,7.778750,15.988000,39.420792,0.000000,20343891.376844,564,564,786359,786359,0000000000000000,0
863,15.900792,0.754833,7.891917,16.053917,39.846917,0.000000,20343910.137719,564,564,786359,786359,0000000000000000,0
864,15.360625,0.749000,7.683375,15.968750,39.013042,0.000000,20343930.400969,564,564,786359,786359,0000000000000000,0
865,15.670375,0.799166,7.718083,16.029417,39.418458,0.000000,20343949.565219,564,564,786359,786359,0000000000000000,0
866,15.457458,0.784000,7.838833,16.100875,39.397458,0.000000,20343969.837219,564,564,786359,786359,0000000000000000,0
867,15.711208,0.833000,7.943542,16.107291,39.762333,0.000000,20343989.336302,564,564,786359,786359,0000000000000000,0
868,15.472042,0.805000,7.695042,16.067625,39.235292,0.000000,20344009.084469,564,564,786359,786359,0000000000000000,0
869,15.568292,0.830666,7.644000,15.260000,38.472583,0.000000,20344027.817927,564,564,786359,786359,0000000000000000,0
870,15.859083,0.753375,7.682792,15.748834,39.291292,0.000000,20344048.388011,564,564,786359,786359,0000000000000000,0
871,15.911291,0.805292,7.908250,16.019792,39.839625,0.000000,20344067.673886,564,564,786359,786359,0000000000000000,0
872,15.533584,0.780500,7.681916,15.433250,38.649334,0.000000,20344087.049886,564,564,786359,786359,0000000000000000,0
873,15.684375,0.774959,7.735000,15.845959,39.265625,0.000000,20344106.955261,564,564,786359,786359,0000000000000000,0
874,15.601542,0.804417,7.723917,15.949209,39.274959,0.000000,20344126.335636,564,564,786359,786359,0000000000000000,0
875,15.458917,0.798583,7.905041,16.080750,39.445000,0.000000,20344146.408719,564,564,786359,786359,0000000000000000,0
876,15.564208,0.841166,7.647208,16.027667,39.239375,0.000000,20344165.599511,564,564,786359,786359,0000000000000000,0
877,15.409916,0.797125,7.727125,15.935791,39.073416,0.000000,20344185.491177,564,564,786359,786359,0000000000000000,0
878,15.613209,0.812000,7.659166,15.943083,39.215750,0.000000,20344204.830427,564,564,786359,786359,0000000000000000,0
879,15.503542,0.788083,7.928667,15.995292,39.427792,0.000000,20344224.929469,564,564,786359,786359,0000000000000000,0
880,15.634792,0.808208,7.695333,15.954750,39.285167,0.000000,20344244.129594,564,564,786359,786359,0000000000000000,0
881,15.423042,0.775833,7.863625,15.891459,39.178417,0.000000,20344264.117511,564,564,786359,786359,0000000000000000,0
882,15.628958,0.819875,7.740833,15.979542,39.349625,0.000000,20344283.491761,564,564,786359,786359,0000000000000000,0
883,15.490708,0.788375,7.744042,15.949209,39.184250,0.000000,20344303.310511,564,564,786359,786359,0000000000000000,0
884,15.640916,0.838250,7.826292,15.930541,39.398041,0.000000,20344322.898552,564,564,786359,786359,0000000000000000,0
885,15.498875,0.821917,7.837959,15.880958,39.217792,0.000000,20344342.540844,564,564,786359,786359,0000000000000000,0
886,15.607375,0.827750,7.876166,16.045458,39.529291,0.000000,20344362.439802,564,564,786359,786359,0000000000000000,0
887,15.534167,0.813750,7.712833,15.924125,39.171417,0.000000,20344381.723636,564,564,786359,786359,0000000000000000,0
888,15.486334,0.791291,7.766500,15.955917,39.209042,0.000000,20344401.658469,564,564,786359,786359,0000000000000000,0
889,15.530083,0.803250,7.822500,16.095625,39.448500,0.000000,20344421.181469,564,564,786359,786359,0000000000000000,0
890,15.493333,0.800625,7.688917,16.014250,39.197083,0.000000,20344440.868094,564,564,786359,786359,0000000000000000,0
891,15.602709,0.806750,7.931291,15.987125,39.521417,0.000000,20344460.712511,564,564,786359,786359,0000000000000000,0
892,15.598042,0.805875,8.033083,15.847125,39.478542,0.000000,20344480.356553,564,564,786359,786359,0000000000000000,0
893,15.611750,0.807042,7.716333,15.900500,39.228875,0.000000,20344499.953928,564,564,786359,786359,0000000000000000,0
894,15.616417,0.814042,7.890750,15.922958,39.430417,0.000000,20344519.796011,564,564,786359,786359,0000000000000000,0
895,15.577625,0.825416,7.878209,15.972250,39.428084,0.000000,20344539.391928,564,564,786359,786359,0000000000000000,0
896,15.612333,0.807625,8.104833,16.105541,39.823291,0.000000,20344559.628344,564,564,786359,786359,0000000000000000,0
897,15.603875,0.786625,7.803833,16.046333,39.454625,0.000000,20344578.858511,564,564,786359,786359,0000000000000000,0
898,15.476417,0.779041,7.833875,16.018042,39.328917,0.000000,20344598.966886,564,564,786359,786359,0000000000000000,0
899,16.989292,0.750166,7.934500,15.957958,40.882042,0.000000,20344619.749011,564,564,786359,786359,0000000000000000,0
900,15.787334,0.768250,7.923125,15.935500,39.646542,0.000000,20344638.622761,564,564,786359,786359,29a111b6ccb56ac5,1
901,15.418666,0.758917,7.879375,15.844500,39.142833,0.000000,20344658.904386,564,564,786359,786359,0000000000000000,0
902,15.523959,0.840000,7.714000,15.727542,38.965792,0.000000,20344678.335511,564,564,786359,786359,0000000000000000,0
903,15.603291,0.822500,7.694459,16.106417,39.404750,0.000000,20344698.318178,564,564,786359,786359,0000000000000000,0
904,15.599792,0.817250,7.861583,15.950667,39.412334,0.000000,20344717.760678,564,564,786359,786359,0000000000000000,0
905,15.533583,0.786334,7.828917,16.017167,39.379958,0.000000,20344737.735761,564,564,786359,786359,0000000000000000,0
906,15.642667,0.816959,7.732667,15.941917,39.317542,0.000000,20344757.089011,564,564,786359,786359,0000000000000000,0
907,15.529500,0.778750,7.789542,15.871333,39.190667,0.000000,20344776.941011,564,564,786359,786359,0000000000000000,0
908,15.557792,0.834167,7.743166,16.008125,39.309375,0.000000,20344796.409761,564,564,786359,786359,0000000000000000,0
909,15.512583,0.791000,7.574000,16.085125,39.172000,0.000000,20344816.124678,564,564,786359,786359,0000000000000000,0
910,15.593667,0.805000,7.991958,16.015708,39.601625,0.000000,20344836.021011,564,564,786359,786359,0000000000000000,0
911,15.602125,0.811708,7.627667,15.955916,39.186000,0.000000,20344855.318844,564,564,786359,786359,0000000000000000,0
912,15.338167,0.795375,7.872375,15.992667,39.203792,0.000000,20344875.239678,564,564,786359,786359,0000000000000000,0
913,15.573542,0.813167,7.771167,15.928500,39.273500,0.000000,20344894.601969,564,564,786359,786359,0000000000000000,0
914,15.532708,0.794500,7.931584,15.911875,39.376458,0.000000,20344914.626344,564,564,786359,786359,0000000000000000,0
915,15.679125,0.807333,7.696500,15.737750,39.113667,0.000000,20344933.725261,564,564,786359,786359,0000000000000000,0
916,15.439959,0.793333,7.705541,16.000833,39.146625,0.000000,20344953.781719,564,564,786359,786359,0000000000000000,0
917,15.632167,0.821333,7.658875,16.123625,39.414958,0.000000,20344973.148969,564,564,786359,786359,0000000000000000,0
918,15.479625,0.801791,7.914084,16.108167,39.502167,0.000000,20344993.296136,564,564,786359,786359,0000000000000000,0
919,15.640917,0.811125,7.861875,16.121000,39.624084,0.000000,20345012.784428,564,564,786359,786359,0000000000000000,0
920,15.568292,0.797708,7.712833,15.887375,39.168792,0.000000,20345032.478636,564,564,786359,786359,0000000000000000,0
921,15.599792,0.798875,7.836500,15.948625,39.385209,0.000000,20345052.183928,564,564,786359,786359,0000000000000000,0
922,15.626625,0.823375,7.722750,16.246709,39.596375,0.000000,20345072.084053,564,564,786359,786359,0000000000000000,0
923,15.473209,0.810541,7.732375,16.109042,39.314917,0.000000,20345091.508761,564,564,786359,786359,0000000000000000,0
924,15.562166,0.823958,7.675500,15.536500,38.774458,0.000000,20345110.868136,564,564,786359,786359,0000000000000000,0
925,15.681750,0.825709,7.774376,15.518709,38.975126,0.000000,20345130.493220,564,564,786359,786359,0000000000000000,0
926,15.854417,0.775833,7.942375,15.372292,39.169375,0.000000,20345150.663428,564,564,786359,786359,0000000000000000,0
927,15.872208,0.835333,7.683959,15.746792,39.303250,0.000000,20345169.807553,564,564,786359,786359,0000000000000000,0
928,15.518416,0.809375,7.833584,15.820292,39.172583,0.000000,20345189.845928,564,564,786359,786359,0000000000000000,0
929,15.680292,0.845250,7.954625,15.956208,39.591708,0.000000,20345209.412386,564,564,786359,786359,0000000000000000,0
930,15.627208,0.795375,7.987292,16.078708,39.693791,0.000000,20345229.551386,564,564,786359,786359,0000000000000000,0
931,15.637417,0.801500,7.877917,15.933166,39.448500,0.000000,20345248.876636,564,564,786359,786359,0000000000000000,0
932,15.551958,0.778458,7.759500,15.960000,39.271750,0.000000,20345268.835095,564,564,786359,786359,0000000000000000,0
933,15.624000,0.812875,7.790417,15.973125,39.387833,0.000000,20345288.274386,564,564,786359,786359,0000000000000000,0
934,15.607375,0.804417,7.902125,16.057708,39.567500,0.000000,20345308.412803,564,564,786359,786359,0000000000000000,0
935,15.660458,0.816958,7.889000,16.104375,39.654125,0.000000,20345327.942220,564,564,786359,786359,0000000000000000,0
936,15.546708,0.805875,7.718667,15.997916,39.263583,0.000000,20345347.688636,564,564,786359,786359,0000000000000000,0
937,15.362667,0.812875,7.863917,16.068792,39.295959,0.000000,20345367.253345,564,564,786359,786359,0000000000000000,0
938,15.516667,0.800625,7.690666,16.100000,39.307625,0.000000,20345387.007928,564,564,786359,786359,0000000000000000,0
939,15.547583,0.822209,7.850500,16.036417,39.434792,0.000000,20345406.697470,564,564,786359,786359,0000000000000000,0
940,15.624583,0.830083,8.099000,16.053333,39.777208,0.000000,20345426.796511,564,564,786359,786359,0000000000000000,0
941,15.661334,0.842917,7.795375,16.060333,39.517625,0.000000,20345446.231136,564,564,786359,786359,0000000000000000,0
942,15.572959,0.799750,7.792458,16.001416,39.367125,0.000000,20345466.172386,564,564,786359,786359,0000000000000000,0
943,15.614084,0.814625,7.709916,15.793167,39.117459,0.000000,20345485.358220,564,564,786359,786359,0000000000000000,0
944,15.544375,0.767958,7.860417,16.029125,39.434500,0.000000,20345505.648011,564,564,786359,786359,0000000000000000,0
945,15.761375,0.798584,7.756584,15.980416,39.498375,0.000000,20345524.865636,564,564,786359,786359,0000000000000000,0
946,15.503250,0.789250,7.693875,15.961750,39.159166,0.000000,20345544.816511,564,564,786359,786359,0000000000000000,0
947,15.633625,0.830958,7.884333,16.094167,39.612417,0.000000,20345564.493220,564,564,786359,786359,0000000000000000,0
948,15.596000,0.815792,8.008292,15.965542,39.570125,0.000000,20345584.395678,564,564,786359,786359,0000000000000000,0
949,15.656375,0.814333,7.772625,16.033791,39.463083,0.000000,20345603.964761,564,564,786359,786359,0000000000000000,0
950,15.381917,0.831250,7.838542,16.107000,39.327750,0.000000,20345623.733636,564,564,786359,786359,0000000000000000,0
951,15.454834,0.822500,7.880541,16.090667,39.426334,0.000000,20345643.400720,564,564,786359,786359,0000000000000000,0
952,15.596584,0.807042,7.812583,16.174083,39.583542,0.000000,20345663.328553,564,564,786359,786359,0000000000000000,0
953,15.569459,0.844084,7.625916,16.100875,39.296834,0.000000,20345682.706595,564,564,786359,786359,0000000000000000,0
954,15.434125,0.795958,8.060208,16.000250,39.495167,0.000000,20345702.835970,564,564,786359,786359,0000000000000000,0
955,15.523959,0.797417,7.778750,16.212292,39.515292,0.000000,20345722.237053,564,564,786359,786359,0000000000000000,0
956,15.377834,0.788958,7.693875,16.177584,39.249584,0.000000,20345742.093720,564,564,786359,786359,0000000000000000,0
957,15.554875,0.819291,7.784583,16.097666,39.437708,0.000000,20345761.689636,564,564,786359,786359,0000000000000000,0
958,15.463291,0.816083,7.859834,16.285209,39.608625,0.000000,20345781.711095,564,564,786359,786359,0000000000000000,0
959,15.557209,0.816084,7.694166,16.042833,39.294500,0.000000,20345800.999011,564,564,786359,786359,0000000000000000,0
960,15.522791,0.765916,7.820459,16.215500,39.559333,0.000000,20345821.279178,564,564,786359,786359,0000000000000000,0
961,15.619042,0.818125,7.797125,16.060333,39.476792,0.000000,20345840.484845,564,564,786359,786359,0000000000000000,0
962,15.362958,0.807917,7.845542,16.060334,39.269125,0.000000,20345860.562887,564,564,786359,786359,0000000000000000,0
963,15.567125,0.801500,7.754834,16.193917,39.516167,0.000000,20345880.010345,564,564,786359,786359,0000000000000000,0
964,15.483416,0.795958,7.762417,16.172625,39.419041,0.000000,20345899.993303,564,564,786359,786359,0000000000000000,0
965,15.545250,0.837667,7.888708,16.065875,39.500125,0.000000,20345919.520095,564,564,786359,786359,0000000000000000,0
966,15.451917,0.814625,8.021125,16.238833,39.712167,0.000000,20345939.715970,564,564,786359,786359,0000000000000000,0
967,15.564209,0.814916,7.678708,16.256916,39.500125,0.000000,20345959.031303,564,564,786359,786359,0000000000000000,0
968,15.353334,0.783416,7.742875,16.247584,39.344084,0.000000,20345979.068512,564,564,786359,786359,0000000000000000,0
969,15.547000,0.812583,7.768833,16.335083,39.651500,0.000000,20345998.691845,564,564,786359,786359,0000000000000000,0
970,15.397375,0.814042,7.978541,16.086291,39.462791,0.000000,20346018.543553,564,564,786359,786359,0000000000000000,0
971,15.528041,0.828042,7.737917,16.211708,39.477958,0.000000,20346038.178845,564,564,786359,786359,0000000000000000,0
972,15.417792,0.822792,7.834750,16.117500,39.370334,0.000000,20346057.927887,564,564,786359,786359,0000000000000000,0
973,15.521333,0.820750,8.015000,16.109041,39.645958,0.000000,20346077.838803,564,564,786359,786359,0000000000000000,0
974,15.525708,0.813458,7.576042,16.785709,39.887750,0.000000,20346097.824387,564,564,786359,786359,0000000000000000,0
975,15.383667,0.806167,7.623875,15.990625,38.998458,0.000000,20346116.846303,564,564,786359,786359,0000000000000000,0
976,15.427417,0.781083,7.805583,15.873083,39.106375,0.000000,20346136.950595,564,564,786359,786359,0000000000000000,0
977,15.666875,0.828334,10.967833,15.627500,42.262500,0.000000,20346159.123387,564,564,786359,786359,0000000000000000,0
978,15.547292,0.820166,7.969500,16.240291,39.757375,0.000000,20346176.731303,564,564,786359,786359,0000000000000000,0
979,15.222666,0.751917,7.619792,15.950375,38.793125,0.000000,20346197.927012,564,564,786359,786359,0000000000000000,0
980,16.075791,0.797708,7.973875,15.904292,39.954250,0.000000,20346216.839262,564,564,786359,786359,0000000000000000,0
981,15.490125,0.769125,7.778750,16.060042,39.329500,0.000000,20346237.276345,564,564,786359,786359,0000000000000000,0
982,15.742708,0.875000,7.745792,15.664834,39.153917,0.000000,20346256.001637,564,564,786359,786359,0000000000000000,0
983,15.471167,0.751042,7.735875,15.942792,39.150417,0.000000,20346276.441345,564,564,786359,786359,0000000000000000,0
984,15.736000,0.798292,7.798584,15.908667,39.443542,0.000000,20346295.459470,564,564,786359,786359,0000000000000000,0
985,15.278667,0.774958,7.660916,15.953583,38.893458,0.000000,20346315.350553,564,564,786359,786359,0000000000000000,0
986,15.599500,0.800625,7.866250,15.922958,39.389291,0.000000,20346334.858678,564,564,786359,786359,0000000000000000,0
987,15.585208,0.808208,7.889292,16.177583,39.652375,0.000000,20346355.012845,564,564,786359,786359,0000000000000000,0
988,15.616416,0.825417,7.832125,15.867542,39.316375,0.000000,20346374.184387,564,564,786359,786359,0000000000000000,0
989,15.542042,0.756292,7.786041,15.969625,39.298000,0.000000,20346394.320470,564,564,786359,786359,0000000000000000,0
990,15.638875,0.812292,7.797417,15.982458,39.419042,0.000000,20346413.615970,564,564,786359,786359,0000000000000000,0
991,15.494208,0.782250,7.841750,15.928792,39.265042,0.000000,20346433.598637,564,564,786359,786359,0000000000000000,0
992,15.472042,0.798292,7.717208,15.920333,39.109875,0.000000,20346452.735178,564,564,786359,786359,0000000000000000,0
993,15.415459,0.774375,7.761833,15.906625,39.084209,0.000000,20346472.696262,564,564,786359,786359,0000000000000000,0
994,15.577916,0.807916,7.637292,15.896416,39.111916,0.000000,20346491.857303,564,564,786359,786359,0000000000000000,0
995,15.485167,0.787500,7.901542,15.918292,39.305292,0.000000,20346512.012345,564,564,786359,786359,0000000000000000,0
996,15.678833,0.806167,7.709334,15.925583,39.314042,0.000000,20346531.181262,564,564,786359,786359,0000000000000000,0
997,15.474084,0.765333,7.850500,15.990334,39.315209,0.000000,20346551.339804,564,564,786359,786359,0000000000000000,0
998,15.681166,0.810542,7.779625,15.964083,39.425166,0.000000,20346570.616345,564,564,786359,786359,0000000000000000,0
999,15.495083,0.788958,7.865667,15.186208,38.547250,0.000000,20346589.900762,564,564,786359,786359,29a111b6ccb56ac5,1
